"Participant","Experiment_StartDate","Experiment_Duration","Browser_Version","Mobile","Platform","Screen_Width","Screen_Height","Gender","Age","Ethnicity","Nationality","Years_Singapore","Education","Student","Discipline","English","AI_expertise","GAAIS_Positive_7","GAAIS_Negative_15","BAIT_6_EnvironmentReal","GAAIS_Positive_17","BAIT_4_VideosIssues","GAAIS_Negative_10","BAIT_2_ImagesIssues","BAIT_1_ImagesRealistic","BAIT_5_ImitatingReality","GAAIS_Negative_9","BAIT_7_TextRealistic","GAAIS_Positive_12","BAIT_8_TextIssues","BAIT_3_VideosRealistic","Duration_BAIT","PID5_NegativeAffect_10","PID5_NegativeAffect_15","PID5_Disinhibition_6","PID5_Psychoticism_23","PID5_Antagonism_17","PID5_Antagonism_25","PID5_Disinhibition_2","PID5_Antagonism_20","PID5_Psychoticism_21","PID5_Psychoticism_12","PID5_Detachment_14","PID5_Psychoticism_7","PID5_Disinhibition_3","PID5_NegativeAffect_11","PID5_Detachment_13","PID5_Detachment_4","PID5_Disinhibition_1","PID5_NegativeAffect_8","PID5_Disinhibition_5","PID5_Antagonism_22","PID5_Antagonism_19","PID5_Detachment_18","PID5_NegativeAffect_9","PID5_Psychoticism_24","PID5_Detachment_16","Duration_PID5","IPIP6_Extraversion_1","IPIP6_Agreeableness_2","IPIP6_Conscientiousness_3","IPIP6_Neuroticism_4","IPIP6_Openness_5","IPIP6_HonestyHumility_6_R","IPIP6_Extraversion_7_R","IPIP6_Agreeableness_8_R","IPIP6_Openness_9_R","IPIP6_Conscientiousness_10","IPIP6_Conscientiousness_11_R","IPIP6_HonestyHumility_12_R","IPIP6_Openness_13_R","IPIP6_Agreeableness_14","IPIP6_Neuroticism_15_R","IPIP6_Neuroticism_16","IPIP6_Neuroticism_17_R","IPIP6_HonestyHumility_18_R","IPIP6_Extraversion_19_R","IPIP6_Agreeableness_20_R","IPIP6_Openness_21_R","IPIP6_Conscientiousness_22_R","IPIP6_Extraversion_23","IPIP6_HonestyHumility_24_R","Duration_IPIP6"
"S077",2024-02-05 15:43:21,54.1667333333333,"chrome 121.0.0","true","Android OS",980,1810,"Female","32","Chinese","Singaporean","32","Bachelor or equivalent","No","Arts and humanities ","Native","Little experience (I tried it)",0.56,0.28,0.61,0.62,0.62,0.36,0.4,0.62,0.55,0.26,0.66,0.66,0.48,0.38,1.23073333333333,1,1,1,1,1,1,1,0,1,0,1,1,1,1,1,1,0,1,0,1,0,1,1,0,1,1.68826666666667,0.18,0.64,0.25,0.54,0.59,0.33,0.35,0.36,0.35,0.92,0.39,0.29,0.28,0.65,0.58,0.37,0.55,0.1,0.6,0.26,0.4,0.29,0.43,0.17,1.44362833333413
"S442",2024-02-16 13:46:08,32.4227333333333,"chrome 119.0.0","true","Android OS",980,1524,"Female","38","Chinese","Singaaporean","38","Bachelor or equivalent","No","Chemical Engineering","Fluent (academic)","No experience (but I heard about it)",0.31,0.82,0.37,0.32,0.6,0.81,0.63,0.75,0.68,0.78,0.69,0.64,0.68,0.62,0.998231666667263,1,3,2,2,1,1,1,2,2,2,1,2,2,2,2,2,1,3,2,2,1,2,2,2,2,1.31978333333333,0.16,0.78,0.67,0.78,0.29,0.81,0.7,0.39,0.76,0.74,0.56,0.96,0.23,0.73,0.22,0.85,0.27,0.23,0.67,0.31,0.76,0.35,0.24,0.26,1.25788166666627
"S212",2024-02-05 17:25:47,36.3797,"samsung 23.0.0","true","Android OS",980,1878,"Male","24","Chinese","Singapoream","24","High school or equivalent (A-levels, Diploma, etc.)","Yes","Med","Native","Relatively experienced (I used it a few times)",0.32,0.67,0.55,0.72,0.39,0.69,0.47,0.31,0.7,0.71,0.73,0.72,0.7,0.38,0.283806666666673,2,0,2,1,2,2,2,2,3,2,0,2,2,1,0,0,1,1,2,2,2,1,2,2,2,0.747633333333333,0.63,0.29,0.19,0.19,0.66,0.55,0.49,0.55,0.47,0.57,0.69,0.6,0.62,0.58,0.81,0.6,0.62,0.62,0.53,0.46,0.41,0.64,0.59,0.41,1.84547666666666
"S103",2024-02-05 15:56:22,20.0315,"chrome 121.0.0","true","Android OS",980,1855,"Female","21","Chinese","Singaporean ","11","High school or equivalent (A-levels, Diploma, etc.)","Yes","Architecture ","Native","Experienced (I use it often)",0.62,0.71,0.75,0.44,0.65,0.68,0.8,0.67,0.6,0.31,0.29,0.67,0.66,0.69,0.4653,1,2,0,1,0,1,2,0,1,1,1,1,2,2,0,1,1,2,1,0,1,1,2,0,2,0.7322,0.35,0.76,0.29,0.74,0.83,0.42,0.31,0.27,0.24,0.58,0.64,0.25,0.23,0.65,0.23,0.74,0.22,0.23,0.79,0.63,0.28,0.74,0.23,0.61,0.520528333333135
"S468",2024-02-17 19:26:28,36.2376833333333,"chrome 121.0.0","false","Windows 10",1536,890,"Female","28","Chinese","Singaporean","28","Bachelor or equivalent","No","Accountancy","Native","Relatively experienced (I used it a few times)",0.75,0.86,0.84,0.93,0.84,0.89,0.77,0.83,0.99,0.89,0.92,0.77,0.69,0.91,0.20365499999995,3,3,3,1,2,1,2,2,2,2,2,3,2,2,1,3,3,3,2,1,1,2,3,2,3,0.782316666666667,0.31,0.37,0.63,0.78,0.6,0.76,0.81,0.63,0.34,0.77,0.75,0.62,0.89,0.96,0.95,0.91,0.92,0.85,0.99,0.99,0.84,0.99,0.93,0.33,1.14187166666687
"S454",2024-02-16 18:29:23,45.15685,"chrome 121.0.0","false","Mac OS",1440,726,"Male","26","Chinese","Singaporean","26","Bachelor or equivalent","No","Finance","Native","Relatively experienced (I used it a few times)",0.61,0.59,0.59,0.43,0.76,0.36,0.24,0.59,0.44,0.28,0.64,0.8,0.44,0.37,1.33076666666667,0,1,0,1,1,1,1,2,2,1,0,2,1,0,0,0,1,1,1,1,2,1,1,1,1,2.33526666666667,0.54,0.6,0.43,0.35,0.74,0.42,0.41,0.44,0.31,0.45,0.33,0.56,0.38,0.59,0.68,0.36,0.45,0.55,0.59,0.37,0.36,0.45,0.61,0.6,0.831329999999981
"S303",2024-02-05 19:34:43,54.0370333333333,"chrome 120.0.0","true","Android OS",980,1783,"Female","70","Chinese ","Singaporean ","70","University (master) <sub><sup>or equivalent</sup></sub>","No","Business ","Fluent (academic)","Relatively experienced (I used it a few times)",0.91,0.7,0.67,0.66,0.61,0.72,0.96,0.66,0.68,0.65,0.69,0.63,0.64,0.7,1.71420499999998,2,1,1,2,1,1,1,1,2,1,1,1,1,1,1,1,1,2,1,1,1,1,1,1,1,4.22795,0.44,0.69,0.63,0.34,0.63,0.64,0.66,0.63,0.41,0.66,0.32,0.4,0.65,0.63,0.42,0.4,0.37,0.34,0.38,0.71,0.66,0.87,0.42,0.37,3.13086833333333
"S165",2024-02-05 16:32:35,28.9702166666667,"chrome 121.0.0","false","Windows 10",1280,559,"Female","23","Chinese","Singaporean","23","Bachelor or equivalent","Yes","Nursing","Native","Experienced (I use it often)",0.8,0.7,0.9,0.44,0.93,0.72,0.34,0.84,0.93,0.26,0.86,0.72,0.35,0.27,1.14346833333323,2,2,0,1,0,2,0,0,2,1,0,0,1,1,0,2,0,3,0,2,2,1,3,0,0,1.43593333333333,0.61,0.66,0.37,0.79,0.89,0.84,0.15,0.62,0.85,0.92,0.14,0.8,0.07,0.77,0.31,0.76,0.18,0.18,0.35,0.45,0.91,0.05,0.08,0.03,1.54338833333353
"S047",2024-02-05 15:35:41,110.8867,"safari 17.2.1","false","Mac OS",1470,817,"Female","24","Chinese","Singaporean","24","High school or equivalent (A-levels, Diploma, etc.)","Yes","Business","Native","Relatively experienced (I used it a few times)",0.54,0.65,0.6,0.59,0.62,0.69,0.58,0.59,0.62,0.68,0.54,0.63,0.82,0.6,1.23528333333333,2,2,2,2,1,1,2,1,2,1,2,2,2,2,2,1,2,2,1,1,2,1,2,1,1,2.24831666666667,0.59,0.61,0.46,0.59,0.54,0.52,0.55,0.55,0.61,0.57,0.47,0.52,0.45,0.56,0.54,0.61,0.42,0.55,0.54,0.52,0.45,0.43,0.55,0.46,6.3255
"S046",2024-02-05 15:35:39,46.7243666666667,"chrome 121.0.0","true","Android OS",980,1845,"Female","29","Indian","Singaporean","29","Bachelor or equivalent","No","Social Work","Native","No experience (but I heard about it)",0,0.97,0.2,0.04,0.53,0.98,0.23,0.68,0.26,0.67,0.84,0.66,0.55,0.15,1.48152166666662,2,3,1,0,0,0,0,0,1,0,0,2,0,2,0,0,0,2,0,0,2,0,3,0,0,1.64076666666667,0.22,1,0.83,0.83,0.97,0.06,0.23,0.06,0.95,0.75,0.4,0.38,0,1,0.13,0.96,0.03,0,0.95,0.12,0.22,0,0.12,0,1.86821000000015
"S104",2024-02-05 15:57:29,11.3712,"chrome 121.0.0","true","Android OS",980,1825,"Male","33","Chinese","Singaporean ","33","Bachelor or equivalent","No","Business ","Native","Relatively experienced (I used it a few times)",0.64,0.47,0.58,0.48,0.65,0.39,0.37,0.65,0.61,0.62,0.41,0.5,0.69,0.65,0.245708333333333,1,2,2,1,1,2,2,1,2,1,2,2,2,2,2,1,1,2,1,2,2,2,2,2,2,0.4082,0.63,0.59,0.56,0.66,0.63,0.4,0.5,0.6,0.62,0.61,0.55,0.66,0.63,0.66,0.7,0.69,0.66,0.66,0.63,0.6,0.65,0.62,0.72,0.63,0.571766666666667
"S274",2024-02-05 18:46:28,71.77145,"chrome 121.0.0","true","Android OS",980,1824,"Female","22","Chinese","Singaporean","22","Bachelor or equivalent","Yes","Computer science","Native","Experienced (I use it often)",0.66,0.58,0.75,0.65,0.67,0.65,0.54,0.68,0.72,0.57,0.65,0.66,0.44,0.61,0.695775,2,1,2,1,0,1,1,1,2,0,2,1,1,1,1,0,1,1,0,1,1,1,1,1,0,5.4758,0.42,0.59,0.57,0.56,0.76,0.28,0.57,0.4,0.58,0.53,0.55,0.43,0.35,0.56,0.53,0.44,0.45,0.34,0.56,0.42,0.37,0.54,0.58,0.38,2.04354333333323
"S425",2024-02-06 13:35:05,22.7036833333333,"edge-chromium 121.0.0","false","Windows 10",1488,742,"Female","34","Chinese","Singaporean","34","Bachelor or equivalent","No","Accounting","Native","No experience (but I heard about it)",0.4,0.81,0.81,0.19,0.85,0.8,0.38,0.8,0.43,0.79,0.65,0.31,0.4,0.39,0.771498333330949,0,2,1,0,0,0,2,0,2,0,0,1,1,0,0,2,1,2,0,0,2,1,2,1,0,1.2198,0.28,0.79,0.78,0.53,0.77,0.21,0.53,0.3,0.3,0.77,0.31,0.32,0,0.58,0.32,0.66,0.28,0.47,0.48,0.28,0.29,0.42,0.17,0.29,1.40212000000079
"S148",2024-02-05 16:15:37,65.22475,"chrome 121.0.0","false","Windows 10",1536,703,"Female","23","Chinese","Singaporean","18","Bachelor or equivalent","No","Data Science","Native","Relatively experienced (I used it a few times)",0.59,0.38,0.69,0.6,0.56,0.41,0.59,0.55,0.64,0.41,0.68,0.62,0.39,0.64,1.09044333333336,1,1,2,2,1,1,1,2,3,0,2,2,2,2,2,2,1,0,2,1,1,2,1,1,2,10.33575,0.14,0.31,0.19,0.38,0.57,0.39,0.94,0.78,0.36,0.56,0.41,0.4,0.41,0.6,0.76,0.19,0.71,0.23,0.86,0.73,0.4,0.58,0.04,0.58,1.20657166666668
"S495",2024-09-12 13:19:39,141.928033333333,"edge-chromium 128.0.0","false","Windows 10",1920,1080,"Female","22","Chinese","singaporean","22","High school or equivalent (A-levels, Diploma, etc.)","Yes","environmental engineering","Native","Experienced (I use it often)",0.58,0.75,0.66,0.3,0.57,0.61,0.36,0.68,0.31,0.36,0.36,0.5,0.67,0.41,4.9250799999997,0,2,2,3,0,0,1,0,2,0,0,2,2,1,2,0,1,1,0,0,1,2,2,2,2,1.92485,0.6,0.99,0.28,0.61,0.88,0.17,0.34,0.18,0.06,0.49,0.8,0.26,0.09,1,0.35,0.8,0.38,0.14,0.86,0.04,0.03,0.98,0.78,0.13,1.80785833333333
"S426",2024-02-06 13:39:50,11.3326333333333,"ios 17.2.0","true","iOS",980,1663,"Female","21","Chinese","Singaporean","21","Bachelor or equivalent","Yes","Healthcare","Fluent (academic)","Experienced (I use it often)",0.9,0.32,0.32,0.29,0.72,0.22,0.77,0.88,0.25,0.32,0.8,0.7,0.67,0.75,0.389466666666667,2,1,2,1,0,2,2,1,2,2,0,1,2,2,2,2,2,2,2,2,2,2,1,2,0,0.706783333333333,0.65,0.69,0.21,0.98,0.82,0.72,0.28,0.71,0.78,0.32,0.72,0.89,0.19,0.72,0.2,0.82,0.21,0.76,0.68,0.27,0.28,0.74,0.73,0.68,0.782233333333333
"S277",2024-02-05 18:49:37,46.7053166666667,"ios 17.2.0","true","iOS",980,1667,"Female","22","Chinese","Singaporean","22","High school or equivalent (A-levels, Diploma, etc.)","Yes","Chemistry ","Native","Experienced (I use it often)",0.67,0.67,0.36,0.63,0.38,0.61,0.3,0.73,0.61,0.21,0.41,0.72,0.66,0.67,1.97451666666667,1,1,1,2,1,0,0,1,1,0,2,2,1,1,0,2,0,2,1,0,2,2,1,1,3,3.49201666666667,0.23,0.69,0.74,0.33,0.67,0.59,0.69,0.7,0.71,0.83,0.25,0.39,0.37,0.76,0.71,0.6,0.31,0.17,0.79,0.75,0.73,0.14,0.13,0.22,1.30976666666667
"S354",2024-02-05 22:31:54,39.5431833333333,"safari 16.6.0","false","Mac OS",1440,820,"Female","25","Chinese","Singaporean","25","Bachelor or equivalent","No","Arts and Humanities","Fluent (academic)","No experience (but I heard about it)",0.1,0.76,0.72,0.61,0.64,0.71,0.64,0.65,0.44,0.76,0.57,0.46,0.47,0.3,1.00761666666667,2,1,1,2,0,0,1,1,2,0,1,1,1,1,0,0,1,2,0,0,1,1,1,1,1,1.3808,0.19,0.91,0.88,0.25,0.69,0.85,0.36,0.15,0.56,0.76,0.08,0.31,0.44,0.84,0.78,0.13,0.33,0,0.68,0.11,0.42,0.16,0.2,0.06,1.17325
"S202",2024-02-05 17:09:53,37.73025,"chrome 121.0.0","false","Windows 10",1542,785,"Female","26","Chinese","Singaporean","26","Bachelor or equivalent","No","Communications","Native","Relatively experienced (I used it a few times)",0.67,0.75,0.73,0.64,0.88,0.38,0.25,0.89,0.85,0.35,0.89,0.64,0.23,0.37,0.961310000002384,0,2,2,2,0,1,2,1,1,1,1,2,1,2,1,0,1,2,0,0,1,2,1,1,2,2.32625,0.29,0.73,0.56,0.35,0.4,0.57,0.58,0.36,0.34,0.64,0.33,0.58,0.66,0.6,0.4,0.34,0.66,0.39,0.61,0.31,0.35,0.33,0.21,0.44,1.20099833333095
"S252",2024-02-05 18:22:03,25.4257,"samsung 23.0.0","true","Android OS",980,1878,"Male","23","Chinese","Singaporean","23","High school or equivalent (A-levels, Diploma, etc.)","Yes","Chemistry","Native","Relatively experienced (I used it a few times)",0.65,0.64,0.63,0.43,0.62,0.36,0.91,0.64,0.67,0.63,0.63,0.42,0.6,0.63,0.213441666666667,2,1,2,2,2,2,3,2,2,1,2,2,1,2,2,2,2,2,2,1,2,2,1,2,2,0.4795,0.37,0.66,0.45,0.18,0.27,0.74,0.34,0.34,0.35,0.35,0.66,0.57,0.64,0.5,0.52,0.77,0.53,0.51,0.67,0.24,0.28,0.32,0.4,0.71,0.49565
"S519",2024-10-11 09:09:58,137.742466666667,"edge-chromium 129.0.0","false","Windows 10",1920,1080,"Male","21","CHINESE","SINGAPOREAN","21","High school or equivalent (A-levels, Diploma, etc.)","Yes","cOMPUTER ENGINEERING","Native","Experienced (I use it often)",0.53,0.53,0.51,0.45,0.52,0.52,0.47,0.56,0.48,0.46,0.56,0.55,0.52,0.49,0.998361666665475,1,1,0,2,0,0,0,0,1,0,1,1,1,2,0,2,1,2,0,0,1,0,0,2,2,1.67243333333333,0.51,0.56,0.58,0.46,0.48,0.51,0.51,0.4,0.53,0.73,0.3,0.6,0.52,0.59,0.47,0.47,0.43,0.33,0.6,0.51,0.48,0.39,0.39,0.28,1.2659649999996
"S294",2024-02-05 19:16:33,20.4603166666667,"chrome 120.0.0","false","Android OS",800,1144,"Male","30","Asian","Sg","20","Bachelor or equivalent","No","Science","Native","Experienced (I use it often)",0.75,0.91,0.8,0.86,0.87,0.71,0.75,0.68,0.86,0.84,0.83,0.69,0.71,0.73,0.270643333333358,0,0,0,2,0,0,0,0,2,0,0,1,1,1,0,0,1,1,0,0,2,0,1,1,0,1.41063333333333,0.72,0.83,0.88,0.29,0.74,0.63,0.04,0.63,0.74,0.9,0.82,0.81,0.39,0.73,0.75,0.75,0.18,0.3,0.72,0.68,0.59,0.33,0.65,0.75,1.82518000000007
"S235",2024-02-05 17:54:38,109.831616666667,"ios 17.3.0","true","iOS",980,1677,"Female","60"," Chinese ","Singapore citizen","60","Bachelor or equivalent","No","Economics ","Fluent (academic)","Experienced (I use it often)",0.66,0.56,0.8,0.39,0.88,0.64,0.18,0.83,0.69,0.79,0.63,0.82,0.64,0.18,3.43888333333333,2,0,0,0,0,0,1,1,0,0,1,0,1,0,1,0,0,0,0,0,0,0,0,1,2,3.74026666666667,0.11,0.85,0.85,0.07,0.85,0.07,0.65,0.35,0.63,0.85,0.11,0.1,0.84,0.64,0.55,0.36,0.44,0.14,0.81,0.34,0.64,0.13,0.3,0.1,2.09263333333333
"S514",2024-10-07 08:49:31,128.882033333333,"edge-chromium 129.0.0","false","Windows 10",1920,1080,"Male","24","Chinese","Singaporean","24","Bachelor or equivalent","Yes","Psychology","Native","Experienced (I use it often)",0.68,0.45,0.6,0.66,0.6,0.59,0.63,0.64,0.61,0.38,0.68,0.66,0.6,0.53,3.6072550000002,1,1,1,1,0,0,0,1,1,0,1,1,1,1,0,1,1,2,0,1,0,1,0,2,1,3.4273,0.32,0.83,0.29,0.38,0.45,0.33,0.5,0.67,0.38,0.56,0.38,0.44,0.39,0.7,0.61,0.55,0.38,0.36,0.56,0.29,0.37,0.63,0.37,0.23,3.60057166666687
"S376",2024-02-06 00:06:39,28.3505333333333,"chrome 121.0.0","false","Windows 10",1198,547,"Male","25","Chinese","Singaporean","25","Bachelor or equivalent","Yes","Accountancy","Native","Relatively experienced (I used it a few times)",0.65,0.38,0.41,0.55,0.58,0.28,0.52,0.57,0.38,0.37,0.51,0.57,0.67,0.51,0.952151666669051,1,2,0,2,1,1,0,1,1,1,2,1,0,2,2,1,1,1,1,2,0,1,0,0,2,2.38273333333333,0,0.69,0.55,0.32,0.18,0.65,1,0.56,0.79,0.92,0.62,0.71,0.81,0.61,0.56,0.24,0.64,0.17,1,0.58,0.64,0.46,0,0.45,0.902258333333333
"S479",2024-07-26 12:50:04,173.11895,"edge-chromium 126.0.0","false","Windows 10",1872,958,"Female","25","Uyghur (China)","China","1","University (master) <sub><sup>or equivalent</sup></sub>","Yes","Arts and Humanities","Fluent (academic)","Highly experienced (I use it a lot)",1,0.05,0.18,0.85,0.43,0.43,0.43,0.36,0.58,0.24,0.31,0.92,0.61,0.65,2.47279833333095,1,1,1,2,0,0,1,1,2,0,2,2,2,2,2,2,2,0,0,0,0,2,1,2,3,3.89905,0.21,0.89,0.2,0.73,1,0.74,1,0.67,0.09,0.57,0.4,0.7,0,1,0.24,0.55,0.22,0.81,0.59,0.33,0.09,1,0.02,0.51,3.02754333333572
"S130",2024-02-05 16:04:23,24.6775666666667,"ios 16.6.0","true","iOS",980,1700,"Male","22","Indian","Singaporean","22","High school or equivalent (A-levels, Diploma, etc.)","Yes","Chemical engineering ","Native","Highly experienced (I use it a lot)",1,1,1,0.81,1,0.69,0.25,0.99,0.95,0.24,1,1,0.02,0.01,1.56271666666667,0,0,0,0,0,0,1,0,0,0,0,0,0,0,0,0,0,0,0,0,0,0,0,0,0,0.7035,1,1,0,0,1,1,0,1,0,0,1,1,0.01,1,1,0,0.02,1,0,1,0,0,1,1,1.1005
"S474",2024-02-18 22:50:07,20.62105,"ios 17.2.0","true","iOS",980,1640,"Female","22","Chinese","Singaporean","22","High school or equivalent (A-levels, Diploma, etc.)","Yes","Civil Engineering ","Native","Relatively experienced (I used it a few times)",0.61,0.75,0.63,0.61,0.68,0.78,0.6,0.62,0.66,0.6,0.66,0.58,0.41,0.45,0.51535,2,2,1,2,1,1,1,2,2,0,1,1,1,1,1,2,1,1,1,2,1,1,2,1,1,2.49446666666667,0.56,0.61,0.35,0.64,0.59,0.44,0.4,0.36,0.4,0.64,0.41,0.58,0.47,0.56,0.39,0.63,0.4,0.46,0.55,0.45,0.68,0.63,0.61,0.53,3.14491666666667
"S337",2024-02-05 21:42:07,32.2849333333333,"chrome 119.0.0","false","Linux",980,1715,"Male","40","Chinese","Singapore","40","High school or equivalent (A-levels, Diploma, etc.)","No","History","Native","Little experience (I tried it)",0.9,0.92,0.68,0.92,0.99,0.95,0.24,0.81,0.81,0.38,0.58,0.93,0.63,0.31,1.25600833333333,2,0,1,2,0,1,0,1,0,0,1,1,1,1,1,1,0,1,0,0,1,1,0,0,1,1.72976666666667,0.18,0.7,0.85,0.19,0.74,0.5,0.74,0.29,0.18,0.78,0.07,0.64,0.29,0.8,0.62,0.25,0.27,0.06,0.81,0.2,0.08,0.11,0.09,0.32,1.28920833333333
"S428",2024-02-06 13:43:30,22.7671166666667,"ios 16.6.0","true","iOS",980,1716,"Female","24","Chinese","Singaporean","24","Bachelor or equivalent","No","Business","Native","Experienced (I use it often)",0.79,0.92,0.89,0.81,0.85,0.98,0.13,0.67,0.87,0.88,0.76,0.84,0.77,0.25,0.661116666666667,2,2,2,2,1,0,2,2,1,0,0,0,1,1,0,2,0,2,1,1,2,1,3,0,1,2.74916666666667,0.33,0.68,0.26,0.76,0.24,0.77,1,0.19,0.88,0.83,0.23,0.87,0.83,0.77,0.35,0.79,0.36,0.36,0.89,0.33,0.4,0.44,0.26,0.24,0.621083333333333
"S262",2024-02-05 18:32:24,12.6852,"ios 17.0.1","true","iOS",980,1651,"Male","25","Chinese","Singaporean","25","High school or equivalent (A-levels, Diploma, etc.)","No","Engineering","Native","Experienced (I use it often)",0.7,0.74,0.7,0.7,0.61,0.71,0.66,0.74,0.74,0.73,0.72,0.64,0.65,0.71,0.2679,2,2,2,2,2,2,2,2,2,2,2,2,2,2,2,2,2,2,2,2,2,2,2,2,2,0.613183333333333,0.73,0.71,0.64,0.63,0.67,0.6,0.61,0.63,0.69,0.63,0.66,0.66,0.7,0.72,0.72,0.56,0.61,0.57,0.59,0.62,0.7,0.71,0.67,0.72,0.444516666666666
"S417",2024-02-06 12:08:33,17.9681166666667,"chrome 121.0.0","false","Windows 10",2048,983,"Male","23","Chinese","Singaporean","23","High school or equivalent (A-levels, Diploma, etc.)","Yes","History","Native","Experienced (I use it often)",1,0,1,1,1,0,0.08,1,1,1,1,1,0.18,0.64,0.518768333333327,0,2,0,1,3,0,1,3,2,0,1,2,1,1,0,1,1,2,0,1,1,0,0,1,1,0.736633333333333,0.23,0.31,0.59,0.3,0.91,0.83,0.24,0.81,0.06,0.78,0.21,0.93,0.02,0.59,0.9,0.2,0.67,0,1,0.73,0.14,0.2,0.79,0.31,0.704865000000006
"S156",2024-02-05 16:19:36,21.9941666666667,"chrome 121.0.0","false","Mac OS",1115,754,"Female","22","Chinese","SINGAPOREAN","22","High school or equivalent (A-levels, Diploma, etc.)","Yes","Medicine","Native","Experienced (I use it often)",0.71,0.98,1,0.72,0.92,0.81,0.16,1,0.38,0.87,0.87,0.83,0.13,0,0.494084999999404,0,3,1,0,0,1,0,2,1,0,1,0,0,1,0,3,0,2,0,0,2,1,2,0,2,0.905466666666667,0.09,0.83,0.8,0.17,0.76,0.58,0.58,0.23,0.24,0.86,0.83,0.53,0.23,0.66,0.38,0.84,0.32,0.87,0.89,0.27,0.28,0.13,0.04,0.84,1.38855666666627
"S210",2024-02-05 17:24:56,1439.67876666667,"chrome 119.0.0","false","Mac OS",1440,712,"Female","21","Chinese","Singaporean","21","Bachelor or equivalent","Yes","Life Sciences","Native","Experienced (I use it often)",0.74,0.85,0.78,0.39,0.95,0.8,0.36,0.62,0.39,1,0.64,0.8,0.59,0.26,2.63516999999682,0,2,0,1,0,1,0,2,0,0,1,0,0,1,1,0,0,0,0,0,2,0,0,1,0,1.57741666666667,0.77,0.75,0.35,0.3,0.8,0.42,0.25,0.22,0.42,0.75,0.15,0.54,0.23,0.79,0.59,0.28,0.55,0.63,0.27,0.26,0.23,0.06,0.63,0.72,0.865215000001589
"S429",2024-02-06 13:46:16,36.32585,"chrome 121.0.0","false","Windows 10",1536,695,"Female","23","Chinese","Singaporean","23","Bachelor or equivalent","No","Humanities","Native","Experienced (I use it often)",0.63,0.64,0.38,0.6,0.32,0.75,0.59,0.54,0.31,0.43,0.32,0.73,0.64,0.71,0.928380000000012,1,2,1,2,1,2,1,1,2,1,1,1,1,2,0,2,1,2,1,2,1,2,2,2,2,1.42911666666667,0.1,0.72,0.56,0.56,0.56,0.39,0.78,0.45,0.57,0.65,0.55,0.39,0.37,0.7,0.38,0.57,0.33,0.42,0.64,0.48,0.59,0.55,0.17,0.53,1.80541833333333
"S509",2024-09-30 11:17:28,230.471216666667,"edge-chromium 129.0.0","false","Windows 10",1920,1080,"Female","22","chinese","singaporean","22","High school or equivalent (A-levels, Diploma, etc.)","Yes","maritime studies","Native","Experienced (I use it often)",0.64,0.62,0.66,0.43,0.87,0.8,0.31,0.65,0.4,0.42,0.63,0.71,0.39,0.23,1.03303500000002,0,2,1,1,0,1,2,1,2,0,1,2,1,1,1,2,2,3,1,1,2,1,2,1,0,2.24808333333333,0.57,0.77,0.63,0.67,0.81,0.37,0.35,0.15,0.39,0.58,0.61,0.43,0.26,0.89,0.39,0.68,0.29,0.58,0.33,0.31,0.31,0.43,0.56,0.3,2.109675
"S444",2024-02-16 14:15:00,29.81965,"chrome 121.0.0","false","Windows 10",1280,551,"Female","28","Chinese","Singaporean","28","Bachelor or equivalent","No","Political Science","Native","Experienced (I use it often)",0.77,0.77,0.74,0.73,0.75,0.28,0.26,0.76,0.24,0.02,0.8,0.77,0.74,0.26,0.573666666666667,2,2,2,0,0,1,2,0,1,0,0,2,2,1,0,1,2,1,1,1,3,0,2,1,0,1.00446666666667,0.77,0.6,0.25,0.59,0.6,0.34,0.08,0.59,0.71,0.72,0.43,0.24,0.4,0.58,0.44,0.64,0.44,0.17,0.24,0.4,0.77,0.61,0.75,0.22,0.945728333333383
"S390",2024-02-06 09:51:38,58.6968,"chrome 121.0.0","false","Windows 10",1366,625,"Female","31","Chinese","Singaporean","31","Bachelor or equivalent","No","Business","Fluent (academic)","Relatively experienced (I used it a few times)",0.58,0.43,0.56,0.55,0.64,0.39,0.45,0.57,0.6,0.6,0.59,0.64,0.42,0.45,0.93925,2,2,1,2,1,1,1,1,2,2,2,1,1,1,0,2,0,2,0,1,2,2,2,1,2,1.79713333333333,0.31,0.7,0.7,0.52,0.54,0.27,0.7,0.46,0.63,0.62,0.32,0.42,0.39,0.72,0.37,0.45,0.36,0.27,0.73,0.42,0.6,0.38,0.21,0.28,2.41538333333333
"S292",2024-02-05 19:14:46,156.122033333333,"safari 13.1.1","false","Mac OS",1440,756,"Female","24","Chinese","Singaporean","24","Bachelor or equivalent","No","Accountancy","Native","Relatively experienced (I used it a few times)",0.89,0.54,0.56,0.78,0.86,0.56,0.7,0.81,0.4,0.67,0.99,0.81,0.57,0.46,0.893183333333333,2,3,0,2,1,2,2,1,2,0,2,1,3,2,0,1,0,3,0,2,2,0,3,1,2,1.53428333333333,0.16,0.89,0,1,1,0.69,0.24,0.25,0.91,0.91,0.43,0.72,0,0.9,0.57,0.9,0,0.99,0.54,0.7,0.74,0.47,0,1,1.23013333333333
"S410",2024-02-06 11:37:42,168.7814,"ios 17.1.2","true","iOS",980,1642,"Female","31","Chinese","Singaporean","31","University (master) <sub><sup>or equivalent</sup></sub>","No","Biomedical Science","Native","Relatively experienced (I used it a few times)",1,0.1,0.73,0.9,0.37,0.79,0.95,0.87,0.19,0,0.78,0.91,0.2,0.83,2.82986666666667,0,2,2,3,1,2,2,3,3,1,1,1,2,0,2,1,2,2,0,2,1,0,2,1,1,2.43456666666667,0.55,0.39,0.46,0.58,0.85,0.58,0.28,0.77,0.42,0.74,0.28,0.76,0.13,0.41,0.29,0.43,0.53,0.65,0.42,0.74,0.73,0.37,0.58,0.8,2.05455000000001
"S310",2024-02-05 19:54:36,33.06365,"chrome 121.0.0","false","Windows 10",1600,732,"Female","24","Chinese","SIngaporean","24","Bachelor or equivalent","No","Economics","Native","Experienced (I use it often)",0.78,0.61,0.73,0.77,0.8,0.71,0.23,0.69,0.78,0.23,0.62,0.79,0.62,0.42,0.584435000000397,2,1,1,2,2,2,1,1,1,1,1,1,2,1,1,1,1,2,1,2,1,1,2,1,1,1.28696666666667,0.31,0.65,0.64,0.34,0.54,0.62,0.63,0.34,0.37,0.7,0.33,0.67,0.3,0.59,0.28,0.36,0.39,0.3,0.6,0.56,0.36,0.56,0.37,0.39,0.783154999999205
"S100",2024-02-05 15:53:52,35.5792,"chrome 120.0.0","false","Windows 10",2560,1353,"Female","29","Chinese","Singaporean","29","University (master) <sub><sup>or equivalent</sup></sub>","Yes","Education/Psychology","Native","Experienced (I use it often)",0.65,0.66,0.39,0.31,0.69,0.24,0.77,0.69,0.31,0.6,0.71,0.63,0.73,0.4,0.771941666666667,0,1,1,0,1,2,0,1,3,0,2,2,1,1,1,3,2,2,0,2,0,0,1,0,2,1.18741666666667,0.13,1,0.72,0.33,0.65,0.07,0.63,0.31,0.31,0.67,0.31,0,0.5,0.7,0.68,0.16,0.31,0,1,0.19,0.29,0.3,0.73,0,0.897773333332936
"S383",2024-02-06 07:27:55,31.9198833333333,"chrome 121.0.0","true","Android OS",980,1927,"Male","22","Chinese","Singaporean ","22","High school or equivalent (A-levels, Diploma, etc.)","Yes","Information Security ","Native","Experienced (I use it often)",0.82,0.8,0.68,0.64,0.69,0.65,0.64,0.69,0.23,0.74,0.7,0.92,0.37,0.69,2.12140666666677,3,1,1,0,1,2,0,2,1,1,1,0,0,1,1,2,1,2,0,2,2,2,0,1,1,1.44273333333333,0.67,0.83,0.58,0.15,0.29,0.42,0.21,0.26,0.7,0.78,0.33,0.74,0.75,0.71,0.91,0.05,0.29,0.87,0.73,0.26,0.67,0.18,0.22,0.31,0.998869999999926
"S153",2024-02-05 16:18:38,22.5305,"edge-chromium 121.0.0","false","Windows 10",1232,678,"Male","21","Asian","Singaporean","3","High school or equivalent (A-levels, Diploma, etc.)","Yes","Sports Science","Native","Little experience (I tried it)",0.66,0.42,0.84,0.67,1,1,0.2,1,1,0.82,0.72,1,0.38,0.25,0.955460000000397,0,2,0,3,0,0,3,3,3,1,3,3,3,2,0,1,2,2,0,0,3,0,2,2,1,1.48581666666667,0.17,1,0.66,0.35,0.82,0.67,0.32,0.11,1,0.78,0.3,0.69,0.71,1,1,0.25,0.69,0,0.59,0.94,0.99,0.73,0.36,0.09,1.4251850000004
"S093",2024-02-05 15:47:58,32.21345,"chrome 121.0.0","true","Android OS",980,1835,"Female","22","Chinese ","Singaporean","22","University (doctorate)","Yes","life science ","Native","Experienced (I use it often)",0.74,0.78,0.57,0.63,0.64,0.64,0.58,0.6,0.6,0.27,0.64,0.75,0.65,0.56,0.371026666667064,2,2,2,2,2,2,2,2,2,0,2,1,2,1,1,2,2,2,1,2,2,2,2,2,2,6.59186666666667,0.28,0.72,0.66,0.76,0.85,0.74,0.62,0.71,0.24,0.58,0.7,0.7,0.2,0.7,0.68,0.32,0.37,0.61,0.7,0.71,0.29,0.72,0.25,0.67,0.542111666667461
"S306",2024-02-05 19:45:43,168.317083333333,"chrome 121.0.0","false","Windows 10",1440,799,"Male","23","Chinese","Singaporean","23","High school or equivalent (A-levels, Diploma, etc.)","Yes","Food Science and Technology","Native","Relatively experienced (I used it a few times)",0.74,0.74,0.87,0.55,0.76,0.74,0.22,0.67,0.76,0.56,0.77,0.77,0.67,0.22,1.4308899999996,1,1,0,0,2,2,1,2,1,1,1,1,1,1,0,0,0,0,0,2,1,1,0,0,2,2.7502,0.23,0.77,0.75,0.1,0.39,0.63,0.63,0.22,0.22,0.78,0.37,0.65,0.65,0.79,0.78,0.23,0.89,0.77,0.62,0.25,0.6,0.1,0.37,0.61,1.3966149999996
"S234",2024-02-05 17:48:49,28.0256333333333,"chrome 120.0.0","false","Windows 10",1280,551,"Female","22","Chinese","Singaporean","22","High school or equivalent (A-levels, Diploma, etc.)","Yes","Food Science & Technology","Native","Relatively experienced (I used it a few times)",0.57,0.85,0.68,0.54,0.69,0.68,0.4,0.81,0.77,0.7,0.43,0.77,0.68,0.36,1.29620833333333,1,2,2,0,0,0,1,1,0,0,0,0,2,0,2,0,0,2,0,0,2,0,1,0,1,1.47923333333333,0.16,0.67,0.55,0.79,0.32,0.09,0.57,0.7,0.62,0.64,0.19,0.62,0.29,0.88,0.46,0.78,0.35,0.1,0.55,0.37,0.71,0.54,0.15,0.55,1.38373666666746
"S003",2024-02-02 01:43:21,37.35315,"chrome 120.0.0","false","Windows 10",1280,563,"Male","27","Chinese","Singaporean","27","Bachelor or equivalent","Yes","Business","Native","Highly experienced (I use it a lot)",1,1,1,1,1,1,0.36,1,1,1,1,1,0.41,0.23,0.914523333333332,2,2,2,2,1,1,2,1,2,1,1,2,3,1,1,1,2,2,2,1,2,1,2,2,1,1.59138333333333,0.71,0.71,0.26,0.72,0.72,0.72,0.4,0.4,0.39,0.38,0.73,0.72,0.35,0.77,0.54,0.62,0.38,0.73,0.43,0.42,0.42,0.64,0.7,0.71,1.69748833333333
"S466",2024-02-17 18:39:24,29.32445,"ios 16.6.0","true","iOS",980,1661,"Female","21","Filipino","Filipino","19-20","Bachelor or equivalent","Yes","Biological Sciences","Fluent (academic)","Relatively experienced (I used it a few times)",0.62,0.64,0.66,0.59,0.53,0.7,0.65,0.62,0.35,0.68,0.63,0.64,0.71,0.76,0.780266666666667,1,1,0,2,0,0,0,0,1,2,2,1,1,0,3,1,0,2,0,0,0,1,3,2,3,3.99203333333333,0.63,0.83,0.37,0.6,0.61,0.58,0.58,0.6,0.57,0.59,0.59,0.58,0.57,0.58,0.54,0.59,0.57,0.59,0.57,0.58,0.57,0.59,0.6,0.56,1.73025
"S248",2024-02-05 18:15:05,18.99895,"ios 17.2.0","true","iOS",980,1661,"Female","24","Singaporean ","Singaporean ","24","Bachelor or equivalent","No","Business ","Native","Relatively experienced (I used it a few times)",0.69,0.66,0.88,0.72,0.74,0.88,0.35,0.72,0.62,0.4,0.42,0.69,0.72,0.69,1.23558333333333,1,0,1,1,1,1,1,1,1,1,1,1,1,1,0,1,1,1,1,1,1,1,1,1,1,0.95165,0.33,0.73,0.39,0.74,0.41,0.65,0.34,0.35,0.35,0.66,0.44,0.62,0.7,0.73,0.71,0.44,0.45,0.43,0.46,0.41,0.5,0.41,0.67,0.43,0.683616666666665
"S415",2024-02-06 12:01:09,26.3624,"crios 121.0.6167","true","iOS",980,1681,"Female","23","Chinese ","Singaporean","22","High school or equivalent (A-levels, Diploma, etc.)","Yes","Public Policy and Global Affairs","Native","Relatively experienced (I used it a few times)",0.68,0.73,0.66,0.65,0.76,0.68,0.66,0.88,0.65,0.3,0.69,0.79,0.64,0.26,0.85255,2,1,0,0,0,0,0,0,0,0,0,0,0,0,0,1,0,1,0,0,1,0,1,2,0,1.15556666666667,0.65,0.93,0.79,0.28,0.27,0.32,0.36,0.14,0.13,0.93,0.13,0.67,0.35,1,0.73,0.1,0.87,0.28,0.3,0.26,0.24,0.71,0.33,0.26,1.10865
"S239",2024-02-05 17:59:30,172.410783333333,"edge-chromium 121.0.0","false","Windows 10",1272,644,"Female","22","Chinese","Singaporean ","22","High school or equivalent (A-levels, Diploma, etc.)","Yes","Arts and Humanities ","Native","Experienced (I use it often)",0.69,0.54,0.63,0.58,0.64,0.61,0.35,0.91,0.6,0.6,0.53,0.79,0.55,0.4,0.924733333333333,1,1,1,3,0,0,2,2,2,1,1,1,2,2,2,2,2,2,0,0,0,0,2,1,2,146.118466666667,0.55,0.84,0.34,0.34,0.65,0.39,0.34,0.34,0.41,0.4,0.57,0.39,0.44,0.67,0.68,0.43,0.53,0.18,0.55,0.36,0.41,0.54,0.51,0.21,2.26332166666587
"S473",2024-02-18 14:27:58,27.1787,"chrome 121.0.0","true","Android OS",980,1708,"Female","35","Chinese ","Malaysian ","24","Bachelor or equivalent","Yes","Nursing","Native","Relatively experienced (I used it a few times)",0.71,0.73,0.63,0.71,0.75,0.7,0.15,0.76,0.72,0.61,0.72,0.69,0.24,0.12,0.526915000000099,2,2,2,0,1,2,2,2,2,1,0,2,2,2,2,2,2,2,2,2,2,0,2,2,1,0.89875,0.62,0.66,0.57,0.91,0.32,0.61,0.08,0.11,0.82,0.43,0.85,0.57,0.81,0.64,0.71,0.69,0.32,0.13,0.16,0.09,0.57,0.62,0.6,0.16,3.87261166666647
"S407",2024-02-06 11:33:08,110.881866666667,"chrome 121.0.0","false","Mac OS",1440,813,"Male","24","Chinese","Singaporean","24","High school or equivalent (A-levels, Diploma, etc.)","Yes","Medicine","Native","Relatively experienced (I used it a few times)",0.65,0.67,0.58,0.54,0.72,0.6,0.22,0.91,0.74,0.17,0.82,0.67,0.42,0.22,2.25748333333333,1,1,0,0,1,1,0,0,1,0,0,1,0,2,2,2,0,2,0,1,1,2,1,0,1,2.79413333333333,0,0.69,0.34,0.33,0.57,0.23,0.91,0.54,0.69,0.83,0.27,0.35,0.83,0.86,0.57,0.31,0.28,0.12,0.58,0.26,0.75,0.09,0,0.4,1.87262166666985
"S535",2024-11-04 09:15:07,127.62325,"edge-chromium 130.0.0","false","Windows 10",1912,956,"Female","21","Christian ","Singaporean ","21","High school or equivalent (A-levels, Diploma, etc.)","Yes","Business ","Fluent (academic)","Experienced (I use it often)",0.35,0.7,0.41,0.75,0.58,0.82,0.41,0.66,0.77,0.64,0.54,0.54,0.6,0.45,2.33323500000636,0,0,0,1,0,1,0,1,1,0,0,0,0,1,2,0,1,0,0,0,0,1,0,1,0,2.3378,0.63,0.97,0.64,0.71,0.57,0.69,0.43,0.44,0.45,0.66,0.44,0.66,0.45,0.75,0.78,0.11,0.86,0.7,0.62,0.4,0.53,0.39,0.53,0.45,1.79958666667144
"S211",2024-02-05 17:25:34,21.0019333333333,"safari 17.3.0","false","Mac OS",1512,752,"Female","31","Chinese","Singaporean","31","Bachelor or equivalent","No","Business","Native","Highly experienced (I use it a lot)",0.9,0.86,0.78,0.85,0.98,0.81,0.94,0.81,0.68,0.72,1,0.79,0.77,0,0.58005,3,2,0,0,2,2,3,3,3,0,0,0,2,2,0,2,2,2,1,1,2,2,3,2,2,1.00038333333333,0.91,1,0.24,0.79,1,1,0.81,0.15,0.77,0.93,0.97,0.97,0.05,0.95,0.19,0.84,0.08,0.23,0.97,0.82,1,1,0.98,1,0.746033333333333
"S373",2024-02-05 23:53:21,19.7154833333333,"chrome 121.0.0","false","Mac OS",1263,598,"Female","25","Chinese-Malay","Singapore Citizen","25","Bachelor or equivalent","Yes","History","Fluent (academic)","No experience (but I heard about it)",0.9,0.66,0.62,0.54,0.58,0.58,0.57,0.61,0.55,0.64,0.5,0.61,0.69,0.6,0.911926666666668,2,2,1,2,0,0,1,2,3,1,1,3,2,1,2,2,0,2,0,1,2,2,2,2,2,1.21603333333333,0,1,0.89,0.22,0.88,0.44,0.98,0.42,0.21,0.87,0.01,0.47,0.02,0.97,0.41,0.43,0.44,0.02,0.99,0.88,0,0,0,0,1.10360333333334
"S534",2024-11-01 11:12:53,256.234166666667,"edge-chromium 130.0.0","false","Windows 10",1912,956,"Male","21","Chinese","Singaporean","21","High school or equivalent (A-levels, Diploma, etc.)","Yes","PSYCHOLOGY","Native","Relatively experienced (I used it a few times)",0.32,0.79,0.73,0.57,0.7,0.69,0.24,0.76,0.69,0.66,0.71,0.7,0.24,0.28,0.931456666668256,1,2,0,0,2,0,0,1,2,0,2,2,1,1,1,1,1,2,1,2,0,2,1,1,2,3.30075,0.26,0.71,0.26,0.07,0.35,0.28,0.65,0.66,0.23,0.23,0.75,0.32,0.6,0.68,0.36,0.2,0.68,0.15,0.28,0.69,0.23,0.7,0.27,0.2,1.4309
"S420",2024-02-06 12:45:00,65.9786,"safari 17.2.1","false","Mac OS",1440,820,"Male","24","Boyanese","Singaporean","24","Bachelor or equivalent","Yes","Social Work","Native","Experienced (I use it often)",1,0.61,0,0.76,0.31,0.38,0.64,0.57,0.34,0,0.6,0.84,0.28,0.38,0.912016666666667,1,1,1,1,0,2,2,0,2,0,0,1,1,2,2,1,1,1,0,1,1,1,1,0,1,1.15128333333333,0.72,0.93,0.84,0.24,0.66,0.36,0.15,0.14,0.26,0.67,0.03,0.49,0.37,0.74,0.94,0.04,0.42,0,0.34,0.07,0.32,0.88,0.82,0.56,1.12398333333333
"S291",2024-02-05 19:13:45,63.1533333333333,"ios 17.3.0","true","iOS",980,1699,"Female","30","Chinese","Singapore citizen","30","Bachelor or equivalent","No","Business and Accountancy","Native","Experienced (I use it often)",0.74,0.22,0.73,0.73,1,0.27,0,1,1,0.27,1,1,0,0,1.80205,0,3,2,0,1,2,0,1,0,0,2,0,0,0,1,2,0,1,0,2,0,2,2,0,2,5.81013333333333,0,0.26,0.5,0.63,0.27,0.27,0.5,0.77,0.77,0.77,0,0.26,0.78,0.26,0.5,0.79,0.79,1,0.5,0.5,0.78,0,0.28,1,4.6916
"S060",2024-02-05 15:39:01,32.5233,"chrome 120.0.0","false","Windows 10",1280,551,"Female","23","Chinese","Singaporean","23","Bachelor or equivalent","Yes","Life Sciences","Native","Relatively experienced (I used it a few times)",0.46,0.54,0.67,0.33,0.66,0.79,0.43,0.67,0.63,0.53,0.72,0.67,0.45,0.38,0.886611666667461,2,2,1,1,1,1,1,1,1,1,1,1,1,1,0,0,1,2,0,1,1,2,1,1,1,1.06223333333333,0.21,0.85,0.84,0.6,0.56,0.58,0.68,0.6,0.46,0.61,0.33,0.72,0.71,0.74,0.32,0.56,0.34,0.54,0.5,0.64,0.7,0.55,0.34,0.61,1.04915500000119
"S207",2024-02-05 17:22:27,43.6645333333333,"edge-chromium 121.0.0","false","Windows 10",1528,742,"Male","25","Chinese","Singaporean","25","High school or equivalent (A-levels, Diploma, etc.)","Yes","Accountancy","Native","Highly experienced (I use it a lot)",1,1,0.77,1,0.21,0,0.24,0.18,0,1,0.5,1,1,0.23,2.50797166666665,0,0,1,2,0,0,2,1,1,1,0,0,1,2,0,0,2,1,0,0,0,1,0,1,0,2.26371666666667,0,1,0,0.76,1,0,1,0.28,1,0,1,0.16,0.28,0.13,1,0,0,0,1,0.26,1,1,0,0,1.59891833333336
"S178",2024-02-05 16:44:24,25.8838833333333,"samsung 23.0.0","true","Android OS",980,1837,"Female","22","Chinese","Singaporean","22","Bachelor or equivalent","Yes","Science","Native","Relatively experienced (I used it a few times)",0.65,1,1,0.68,0.75,1,0.31,0.84,0.75,0.75,1,0.84,0.48,0.34,0.743738333333284,1,2,2,2,0,0,2,0,1,1,0,1,2,2,2,3,1,3,0,0,2,1,2,1,1,1.81511666666667,0,1,0.34,0.59,1,0,1,0,0.58,0.66,0.55,0.22,0,1,0,0.61,0.18,0,1,0.32,0.35,0.64,0,0,0.591033333333333
"S243",2024-02-05 18:07:58,86.24015,"ios 17.2.0","true","iOS",980,1665,"Female","23","Chinese","Singaporean","23","High school or equivalent (A-levels, Diploma, etc.)","Yes","Mass Communication","Fluent (academic)","Highly experienced (I use it a lot)",0.73,0.64,0.69,0.74,0.2,0.24,0.69,0.21,0.72,0.71,0.32,0.9,0.64,0.76,1.04788333333333,1,2,2,2,1,1,1,0,2,1,0,2,2,1,1,2,1,1,1,0,1,1,2,2,1,1.40403333333333,0.31,0.74,0.28,0.7,0.69,0.3,0.35,0.3,0.29,0.31,0.26,0.22,0.24,0.73,0.7,0.74,0.59,0.39,0.48,0.35,0.26,0.8,0.33,0.39,2.08781666666667
"S152",2024-02-05 16:18:25,32.4008,"safari 16.1.0","false","Mac OS",1470,761,"Female","24","Chinese","Singaporean","24","Bachelor or equivalent","Yes","Sport Science & Management","Native","Relatively experienced (I used it a few times)",0.51,0.53,0.45,0.51,0.54,0.54,0.51,0.53,0.51,0.52,0.53,0.49,0.47,0.47,0.9641,1,1,1,0,1,0,1,1,1,1,0,1,1,1,0,1,1,1,0,1,1,1,1,1,0,1.52551666666667,0.33,0.76,0.5,0.32,0.57,0.41,0.55,0.39,0.39,0.6,0.43,0.51,0.43,0.61,0.53,0.44,0.46,0.01,0.52,0.29,0.34,0.34,0.51,0,1.26966666666667
"S528",2024-10-25 12:51:08,117.753233333333,"edge-chromium 130.0.0","false","Windows 10",1912,956,"Female","22","CHINESE","SINGAPOREAN","22","High school or equivalent (A-levels, Diploma, etc.)","Yes","BIOLOGICAL SCIENCE","Native","Relatively experienced (I used it a few times)",0.51,0.43,0.52,0.55,0.45,0.48,0.44,0.56,0.55,0.51,0.42,0.58,0.61,0.46,3.94996000000238,0,0,0,0,0,0,0,0,0,0,0,0,0,0,0,0,0,0,0,0,0,0,0,0,0,2.16593333333333,0.86,1,0.85,0,0.43,0,0.38,0.13,0.37,0.4,0.45,0.27,0.62,1,0.85,0,0.79,0,0.68,0,0.09,0,0.64,0.07,1.1244
"S276",2024-02-05 18:49:04,50.7428333333333,"ios 17.2.0","true","iOS",980,1661,"Female","24","Chinese","Singaporean ","24","Bachelor or equivalent","No","Chemical Engineering","Native","Relatively experienced (I used it a few times)",0.76,0.85,0.71,0.34,0.78,0.67,0.77,0.94,0.83,0.81,0.77,0.62,0.76,0.38,0.907083333333333,3,2,2,1,0,0,0,1,2,1,1,1,1,2,0,0,0,3,0,2,2,1,3,2,1,4.38698333333333,0.27,0.82,0.36,0.72,0.38,0.39,0.78,0.39,0.42,0.79,0.59,0.69,0.65,0.81,0.36,0.63,0.33,0.28,0.7,0.27,0.65,0.43,0.34,0.19,1.58746666666666
"S174",2024-02-05 16:38:41,31.3363666666667,"ios 17.2.0","true","iOS",980,1684,"Female","30","Chinese","Singaporean","30","Bachelor or equivalent","Yes","Nursing","Native","Relatively experienced (I used it a few times)",0.68,0.23,0.83,0.82,0.71,0.76,0.75,0.93,0.77,0.9,0.78,0.84,0.85,0.37,0.486333333333333,2,1,0,0,1,1,0,2,2,0,2,1,0,2,3,2,0,2,0,1,2,0,0,0,3,2.10696666666667,0,0.79,0.92,0.36,0.73,0.18,0.99,0.91,0.64,0.68,0.11,0.62,0.07,0.73,0.29,0.37,0.42,0.02,0.98,0.62,0.44,0.15,0.02,0.01,1.52131666666667
"S251",2024-02-05 18:21:30,40.8403833333333,"ios 17.1.2","true","iOS",980,1665,"Female","27","Chinese","Singaporean","27","Bachelor or equivalent","No","Economics","Native","No experience (but I heard about it)",0.42,0.59,0.57,0.58,0.56,0.67,0.47,0.53,0.54,0.57,0.65,0.62,0.54,0.48,1.46348333333333,1,3,0,0,0,0,0,0,0,0,2,1,1,1,0,1,0,3,0,0,0,2,2,1,2,1.37281666666667,0.19,0.59,0.56,0.52,0.38,0.24,0.58,0.7,0.55,0.79,0.15,0.41,0.62,0.58,0.45,0.58,0.41,0.13,0.79,0.65,0.71,0.4,0.16,0.18,3.82385
"S506",2024-09-27 09:12:28,115.21055,"edge-chromium 129.0.0","false","Windows 10",1912,956,"Male","21","Chinese","Singaporean","21","High school or equivalent (A-levels, Diploma, etc.)","Yes","Linguistics and Multilingual Studies","Native","Little experience (I tried it)",0.08,0.78,0.43,0.56,0.43,0.58,0.43,0.56,0.36,0.58,0.36,0.43,0.57,0.58,2.9727150000006,2,2,2,1,1,2,1,1,3,0,0,2,1,3,1,2,1,3,1,2,3,0,1,1,1,1.76306666666667,0.18,0.52,0.53,0.63,0.53,0.46,0.45,0.67,0.45,0.61,0.4,0.6,0.42,0.47,0.47,0.97,0.4,0,0.41,0.45,0.38,0.42,0.2,0,1.250525
"S447",2024-02-16 15:31:04,29.76065,"chrome 121.0.0","false","Windows 10",1280,559,"Female","25","Chinese","Singaporean","25","Bachelor or equivalent","No","Communication Studies","Native","Relatively experienced (I used it a few times)",0.7,0.61,0.64,0.72,0.72,0.56,0.7,0.67,0.74,0.69,0.73,0.8,0.44,0.38,0.422619999999801,3,3,1,2,2,2,2,1,2,2,1,1,1,1,2,1,2,2,0,1,3,1,3,1,1,16.7535833333333,0.45,0.91,0.93,0.85,0.7,0.93,0.54,0.54,0.45,0.92,0,1,0.43,0.73,0.43,0.64,0.46,0.72,0.6,0.64,0.31,0.26,0.24,0.34,1.44089833333294
"S119",2024-02-05 16:01:02,27.0010166666667,"chrome 121.0.0","true","Android OS",980,1810,"Female","25","Chinese","Singaporean ","25","Bachelor or equivalent","Yes","-","Native","Little experience (I tried it)",0.73,0,0.64,0.99,0.71,0.24,0.63,0.64,0.76,0.73,0.64,0.98,0.46,0.65,0.692523333333339,0,0,0,0,0,0,0,0,0,0,1,0,0,0,2,0,0,0,0,0,0,0,0,0,0,0.724466666666667,0.61,0.66,0.66,0,0.64,0.44,0.36,0.38,0.41,0.37,0.09,0.64,0.24,0.64,0.64,0,1,0,0.42,0.64,0.73,0.73,0.71,0.09,1.13725833333333
"S217",2024-02-05 17:34:37,25.1625666666667,"chrome 121.0.0","true","Android OS",980,1853,"Male","29","Chinese","Singapore","25","Bachelor or equivalent","Yes","Data science","Native","Highly experienced (I use it a lot)",1,1,1,1,0.89,1,0.61,1,0.77,0.1,0.25,1,0.22,0.07,0.844371666666741,1,2,0,1,2,3,2,2,0,2,3,2,0,1,1,3,1,1,0,0,0,0,2,0,2,1.90056666666667,0.1,0.99,0.73,0.62,0.73,0.35,0.66,0.67,0.07,0.71,0.18,0.86,0.24,0.7,0.22,0.65,0.76,0.2,1,0.74,0.29,0.29,0.66,0,1.06101833333336
"S065",2024-02-05 15:40:04,27.5023833333333,"ios 17.1.2","true","iOS",980,1684,"Male","25","Chinese","Singapore","25","Bachelor or equivalent","Yes","Chemistry","Fluent (conversational)","Relatively experienced (I used it a few times)",0.82,0.92,0.69,0.56,0.84,0.7,0.71,0.8,0.75,0.72,0.7,0.66,0.74,0.79,0.733416666666667,2,1,1,1,1,1,2,2,2,0,0,1,2,2,0,2,2,2,2,1,2,1,1,2,2,3.22296666666667,0.66,0.73,0.64,0.86,0.68,0.82,0.6,0.33,0.77,0.66,0.29,0.78,0.31,0.75,0.63,0.74,0.44,0.25,0.69,0.35,0.72,0.65,0.36,0.69,1.71283333333333
"S317",2024-02-05 20:26:11,44.8180333333333,"chrome 121.0.0","true","Android OS",980,1978,"Female","24","Chinese","Singaporean ","24","Bachelor or equivalent","No","Science","Native","Relatively experienced (I used it a few times)",0.54,0.74,0.58,0.41,0.64,0.82,0.47,0.66,0.55,0.44,0.63,0.63,0.56,0.39,1.05934333333373,2,1,1,0,0,1,1,0,0,0,1,0,1,1,1,2,1,2,1,1,1,1,1,0,1,2.10605,0.08,0.76,0.3,0.34,0.32,0.19,0.93,0.4,0.57,0.63,0.58,0.59,0.72,0.38,0.72,0.72,0.46,0.3,0.7,0.37,0.37,0.42,0.15,0.56,1.22085
"S279",2024-02-05 18:52:27,22.7816666666667,"chrome 121.0.0","false","Windows 10",1535,787,"Female","24","Chinese","Singaporean","24","High school or equivalent (A-levels, Diploma, etc.)","Yes","Business","Native","Relatively experienced (I used it a few times)",0.78,0.67,0.79,0.68,0.83,0.56,0.34,0.77,0.87,0.27,0.72,0.81,0.62,0.28,0.584308333333333,1,3,3,3,0,2,3,2,2,3,1,3,2,2,1,3,2,0,2,2,3,2,1,3,1,0.903533333333333,0.62,0.4,0.1,0.73,0.68,0.41,0.38,0.67,0.85,0.65,0.71,0.62,0.4,0.34,0.61,0.63,0.33,0.53,0.36,0.62,0.38,0.68,0.64,0.72,0.780465000000099
"S394",2024-02-06 10:19:05,106.07905,"chrome 120.0.0","false","Windows 10",1269,661,"Female","26","Chinese","Singaporean","26","Bachelor or equivalent","No","Business","Native","Relatively experienced (I used it a few times)",0.6,0.43,0.82,0.81,0.89,0.59,0.49,0.65,1,0.09,0.78,0.7,0.62,0.28,0.997741666666667,2,2,1,1,1,1,1,0,0,0,1,0,1,0,0,0,1,1,1,2,0,1,0,0,0,2.4369,0.23,0.87,0.61,0.23,0.16,0.12,0.15,0.21,0.58,0.78,0.19,0.35,0.86,0.94,0.62,0.74,0.64,0.32,0.37,0.3,0.36,0.19,0.07,0.59,1.05822833333313
"S396",2024-02-06 10:27:11,58.7634166666667,"chrome 121.0.0","false","Windows 10",1376,495,"Male","35","Chinese","Singaporean","35","Bachelor or equivalent","No","Law","Native","Little experience (I tried it)",0.62,0.33,0.58,0.65,0.6,0.48,0.39,0.66,0.46,0.37,0.47,0.55,0.67,0.54,0.644181666668256,0,1,1,2,1,1,1,2,2,1,1,2,1,1,1,2,1,2,1,1,1,1,0,2,1,0.9951,0.48,0.4,0.24,0.35,0.88,0.59,0.38,0.36,0.11,0.56,0.34,0.67,0.1,0.36,0.61,0.33,0.57,0.37,0.43,0.18,0.2,0.21,0.36,0.59,0.688260000002384
"S343",2024-02-05 22:03:00,20.0527,"chrome 121.0.0","false","Windows 10",1280,593,"Female","26","Chinese","Singaporean","26","Bachelor or equivalent","No","Pharmacy","Native","Little experience (I tried it)",0.59,0.39,0.7,0.77,0.67,0.53,0.44,0.58,0.66,0.43,0.66,0.66,0.23,0.38,0.803021666666617,2,1,0,1,0,0,0,1,1,0,1,1,1,1,1,1,0,2,0,0,1,1,1,1,1,1.28465,0,0.91,1,0.72,0.61,0.25,0.98,0.64,0.44,0.95,0.64,0.68,0.37,0.84,0.39,0.39,0.36,0.2,0.98,0.62,0.62,0.6,0.15,0.4,0.972811666666716
"S164",2024-02-05 16:29:57,37.2752333333333,"samsung 23.0.0","true","Android OS",980,1866,"Female","27","Chinese","Singaporean","27","Bachelor or equivalent","Yes","Psychology","Native","Relatively experienced (I used it a few times)",0.71,0.89,0.37,0.49,0.84,0.72,0.62,0.77,0.24,0.28,0.26,0.69,0.89,0.32,3.4660699999998,2,2,0,0,0,1,0,1,0,0,1,1,0,1,0,2,0,1,1,0,0,1,2,1,2,1.38763333333333,0,0.61,0.28,0.74,0.87,0.2,1,0.39,0.32,0.8,0.18,0.39,0.34,0.68,0.25,0.67,0.28,0.28,0.96,0.37,0.34,0.32,0.23,0.27,0.877818333333234
"S551",2024-11-22 08:42:27,190.933416666667,"edge-chromium 131.0.0","false","Windows 10",1912,956,"Female","22","Chinese","Singaporean","22","High school or equivalent (A-levels, Diploma, etc.)","Yes","Arts and humanities","Native","Experienced (I use it often)",0.7,0.66,0.56,0.4,0.67,0.63,0.6,0.7,0.29,0.41,0.3,0.66,0.63,0.56,1.54854166666667,1,2,1,3,3,0,0,0,2,0,0,2,2,1,1,2,1,2,1,0,2,0,2,3,1,1.5971,0.54,0.79,0.45,0.6,0.8,0.38,0.59,0.23,0.24,0.39,0.6,0.48,0.35,0.92,0.44,0.58,0.36,0.15,0.57,0.17,0.17,0.16,0.58,0.28,2.48001833333174
"S232",2024-02-05 17:47:38,24.4085,"chrome 121.0.0","true","Android OS",980,1824,"Female","28","Chinese","Singaporean","28","Bachelor or equivalent","No","Information systems ","Native","Relatively experienced (I used it a few times)",0.49,0.49,0.59,0.53,0.57,0.52,0.6,0.58,0.45,0.53,0.6,0.59,0.51,0.61,0.577893333333234,0,2,1,2,1,1,2,1,1,2,1,2,1,1,2,3,1,3,0,2,2,1,2,2,2,0.874416666666667,0.41,0.58,0.55,0.79,0.63,0.52,0.96,0.67,0.32,0.6,0.58,0.67,0.39,0.5,0.44,0.64,0.16,0.96,0.66,0.53,0.34,0.42,0.61,0.99,0.771786666666468
"S418",2024-02-06 12:22:09,21.8302666666667,"chrome 120.0.0","false","Mac OS",1732,815,"Male","26","CHINESE","SG","26","Bachelor or equivalent","No","HEALTH SCIENCE","Native","Experienced (I use it often)",1,0,0.44,1,0,0,1,0,0.41,0,0.54,1,0.44,0.45,0.919984999999994,1,1,0,0,2,0,2,1,0,0,0,0,2,0,0,2,3,1,2,1,1,0,0,0,0,1.25865,0.55,0.55,0.45,0,0.55,0,0.45,0.57,0.45,0.53,0.45,1,0,0.43,0.4,0.42,0.45,1,0.53,0.55,0.56,0.45,1,0,2.12177
"S229",2024-02-05 17:44:44,19.2640166666667,"safari 17.2.0","false","Mac OS",1024,704,"Male","32","Chinese","Singaporean","32","Bachelor or equivalent","No","Maths","Native","Relatively experienced (I used it a few times)",0.79,0.41,0.67,0.57,0.57,0.57,0.73,0.58,0.29,0.4,0.56,0.74,0.45,0.75,0.641566666666667,1,1,0,0,0,1,1,0,0,0,1,0,1,0,2,3,0,0,0,1,0,2,2,2,2,1.2617,0.34,0.82,0.59,0.09,0.64,0.42,0.65,0.73,0.2,0.61,0.4,0.77,0.58,0.92,0.8,0.14,0.08,0.29,0.72,0.37,0.42,0.43,0.23,0.65,0.7883
"S117",2024-02-05 16:01:01,228.451916666667,"chrome 121.0.0","false","Windows 10",2048,1018,"Male","29","Chinese","Singaporean","29","Bachelor or equivalent","No","Business","Native","Highly experienced (I use it a lot)",0.81,0.74,0.76,0.8,0.78,0.86,0.32,0.84,0.72,0.78,0.9,0.74,0.21,0.68,0.662336666666592,2,1,1,2,0,1,1,1,1,1,0,1,2,1,0,1,1,2,1,1,2,1,1,2,1,1.89406666666667,0.21,0.87,0.67,0.23,0.88,0.4,0.7,0.43,0.37,0.63,0.59,0.56,0.31,0.67,0.71,0.35,0.38,0.59,0.56,0.35,0.41,0.58,0.58,0.57,0.843798333333309
"S121",2024-02-05 16:01:12,20.8840166666667,"chrome 121.0.0","false","Mac OS",1440,753,"Female","23","Chinese","Singaporean","23","High school or equivalent (A-levels, Diploma, etc.)","Yes","Humanities and Social Sciences ","Native","Experienced (I use it often)",1,1,0.71,1,0.56,1,1,0.23,0,1,0.6,0.73,1,1,0.588839999999998,2,2,0,0,0,1,0,2,0,0,0,0,0,0,0,0,0,0,0,2,0,1,2,0,0,1.0119,0.11,0.95,0.68,0.72,0.85,0.54,0.57,0.06,0.14,0.7,0,0.84,0,1,0.09,0.88,0,0.6,0.61,0,0,0,0.53,0.36,0.885533333333333
"S195",2024-02-05 17:04:44,66.8280666666667,"chrome 99.0.4844","true","Android OS",980,1854,"Female","25","Chinese ","Singaporean","24","Bachelor or equivalent","No","Biological science ","Native","Little experience (I tried it)",0.92,0.18,0.95,0.95,0.68,0.03,0.83,0.63,0.7,0.12,0.23,0.21,0.73,0.93,0.752231666666269,2,2,2,2,0,1,2,1,2,0,2,2,1,1,2,2,1,0,3,1,1,1,1,1,2,1.12501666666667,0.06,0.07,0.04,0.06,0.07,0.17,0.76,0.37,0.11,0.14,0.71,0.07,0.72,0.18,0.8,0.1,0.17,0.17,0.95,0.24,0.87,0.88,0.03,0.79,1.02150166666706
"S324",2024-02-05 20:47:23,28.0941833333333,"chrome 121.0.0","false","Mac OS",1440,779,"Male","21","Chinese","Singaporean","21","High school or equivalent (A-levels, Diploma, etc.)","Yes","Psychology","Native","Relatively experienced (I used it a few times)",0.59,0.61,0.62,0.6,0.41,0.63,0.39,0.6,0.53,0.6,0.86,0.61,0.26,0.63,0.711025,2,1,1,0,0,1,0,0,2,0,1,1,0,0,1,1,0,0,0,0,0,0,1,0,0,1.09903333333333,0.31,0.71,0.36,0.43,0.81,0.24,0.36,0.35,0.36,0.58,0.64,0.23,0.21,0.7,0.67,0.61,0.28,0.25,0.38,0.26,0.28,0.65,0.75,0.26,0.911176666666629
"S353",2024-02-05 22:31:47,23.8073666666667,"safari 16.2.0","false","Mac OS",1180,713,"Female","23","Chinese","Singapore","23","Bachelor or equivalent","Yes","Arts and Humanities","Native","Relatively experienced (I used it a few times)",0.23,0.9,0.16,0.21,0.71,0.77,0.71,0.22,0.08,0.72,0.31,0.56,0.63,0.35,0.824583333333333,3,2,1,2,0,0,0,1,2,1,0,2,1,0,2,1,0,2,0,0,2,0,2,2,1,1.42335,0.15,1,0.79,0.57,0.95,0.31,0.62,0.05,0.19,0.7,0.38,0.34,0.33,0.96,0.36,0.75,0.37,0.73,0.82,0.04,0.12,0.26,0.4,0.41,0.850616666666665
"S049",2024-02-05 15:36:28,41.4157333333333,"chrome 121.0.0","false","Windows 10",1280,585,"Female","24","Chinese","Singaporean","24","Bachelor or equivalent","No","Psychology","Native","Experienced (I use it often)",0.75,0.87,0.66,0.69,0.71,0.86,0.32,0.69,0.76,0.81,0.19,0.66,0.76,0.3,0.970221666666617,1,2,1,1,1,1,2,2,1,1,2,1,2,1,2,2,1,2,0,1,1,2,2,1,2,1.34051666666667,0.21,0.4,0.81,0.7,0.29,0.29,0.71,0.73,0.73,0.79,0.32,0.4,0.74,0.35,0.43,0.78,0.29,0.71,0.74,0.74,0.82,0.29,0.34,0.6,1.72374000000004
"S118",2024-02-05 16:01:01,62.5037666666667,"chrome 120.0.0","false","Windows 10",1536,703,"Male","27","chinese","singaporean","27","High school or equivalent (A-levels, Diploma, etc.)","No","accounting","Fluent (academic)","Experienced (I use it often)",0.78,0.73,0.83,0.72,0.73,0.74,0.72,0.75,0.71,0.18,0.14,0.72,0.79,0.35,0.898948333330949,1,2,2,1,2,2,2,2,1,2,1,1,2,1,1,2,3,1,1,2,2,2,1,2,1,1.12683333333333,0.83,0.8,0.21,0.2,0.82,0.46,0.19,0.17,0.16,0.7,0.68,0.68,0.21,0.65,0.68,0.63,0.27,0.67,0.15,0.23,0.25,0.26,0.79,0.37,1.00072333333492
"S004",2024-02-02 17:49:16,31.1124333333333,"safari 17.2.1","false","Mac OS",1440,820,"Male","25","Chinese ","Chinese ","3","University (doctorate)","Yes","Communication","Fluent (academic)","Highly experienced (I use it a lot)",0.58,0.16,0.57,0.56,0.55,0.43,0.55,0.57,0.81,0.58,0.57,0.63,0.41,0.58,0.573283333333335,1,1,2,1,2,1,2,1,1,1,2,2,1,1,1,1,2,1,0,1,1,1,1,2,2,0.859066666666667,0.31,0.62,0.44,0.4,0.42,0.45,0.44,0.74,0.66,0.69,0.65,0.65,0.32,0.6,0.64,0.4,0.47,0.48,0.45,0.27,0.25,0.6,0.57,0.42,1.04113333333333
"S091",2024-02-05 15:47:46,37.95525,"safari 17.3.0","false","Mac OS",1194,727,"Female","21","Chinese","Singaporean","21","High school or equivalent (A-levels, Diploma, etc.)","Yes","Medicine","Native","Relatively experienced (I used it a few times)",0.66,0.55,0.61,0.64,0.72,0.57,0.4,0.39,0.46,0.04,0.1,0.64,0.56,0.46,0.754816666666667,0,0,0,2,0,0,0,0,2,0,0,1,0,1,0,0,0,2,0,0,1,0,2,0,1,0.947833333333333,0,1,0.78,0.55,0.1,0,0.86,0,0.08,1,0.07,0.09,0.89,1,0.55,0.36,0.38,0,0.95,0,0,0,0.16,0,1.17483333333333
"S437",2024-02-16 12:52:31,3142.42588333333,"edge-chromium 120.0.0","false","Windows 10",1272,598,"Female","23","Chinese","Singapore","20","Bachelor or equivalent","Yes","Economics","Fluent (academic)","Highly experienced (I use it a lot)",0.64,0.57,0.61,0.59,0.65,0.61,0.4,0.61,0.6,0.6,0.59,0.65,0.44,0.42,0.405261666666468,2,2,2,2,2,1,2,1,1,1,1,2,2,2,1,2,1,2,1,1,2,1,2,1,2,0.872633333333333,0.48,0.53,0.49,0.55,0.53,0.54,0.54,0.53,0.53,0.55,0.54,0.58,0.49,0.54,0.53,0.56,0.49,0.52,0.52,0.55,0.53,0.54,0.49,0.55,0.711631666667263
"S106",2024-02-05 15:57:57,45.0150333333333,"chrome 121.0.0","false","Windows 10",1280,551,"Female","22","Chinese","Singaporean","22","High school or equivalent (A-levels, Diploma, etc.)","Yes","Accountancy","Native","Experienced (I use it often)",0.61,0.67,0.57,0.54,0.35,0.66,0.57,0.4,0.59,0.24,0.6,0.73,0.65,0.6,1.47868666666746,1,1,1,2,0,1,2,1,2,0,0,2,1,1,1,0,1,0,0,0,1,1,2,1,0,1.83976666666667,0.35,0.72,0.31,0.33,0.9,0.58,0.61,0.16,0.26,0.75,0.36,0.92,0.04,0.74,0.79,0.61,0.78,0.96,0.39,0.21,0.22,0.21,0.34,0.98,1.1753149999996
"S002",2024-02-01 23:13:46,58.77185,"chrome 121.0.0","false","Mac OS",1440,779,"Male","27","Chinese","Singaporean","27","High school or equivalent (A-levels, Diploma, etc.)","Yes","Computer Science","Native","Highly experienced (I use it a lot)",0.68,0.65,0.68,0.73,0.63,0.68,0.03,1,0.75,0.68,0.91,1,0.35,0.3,1.29358666666665,1,2,1,1,0,1,1,2,1,0,2,1,1,1,1,2,1,2,1,1,1,2,1,1,2,1.56853333333333,0,0.75,0.41,0.56,0.45,0.45,1,0.93,0.57,0.81,0.06,0.71,0.36,0.62,0.61,0.45,0.45,0.6,1,1,0.57,0.21,0,0.36,1.29356666666667
"S403",2024-02-06 11:01:36,64.5665333333333,"safari 17.3.0","false","Mac OS",1180,752,"Female","23","Chinese","Singaporean","23","High school or equivalent (A-levels, Diploma, etc.)","Yes","Accountancy","Fluent (academic)","Experienced (I use it often)",0.79,0.37,0.78,0.68,0.67,0,0.39,0.4,0.78,0.22,0.78,0.77,0.66,0.68,0.650866666666667,1,2,0,3,0,0,2,1,2,0,2,1,2,2,0,3,1,2,0,0,2,1,2,2,2,1.40478333333333,0.24,0.84,0.58,0.64,0.65,0.19,0.66,0.89,0.3,0.71,0.6,0.27,0.56,0.75,0.31,0.66,0.69,0.21,0.86,0.95,0.32,0.88,0.25,0.17,0.89105
"S470",2024-02-17 22:34:08,13.8709,"chrome 121.0.0","true","Android OS",980,1942,"Male","23","Indian","Singaporean","17","Bachelor or equivalent","Yes","Business","Fluent (conversational)","Experienced (I use it often)",0.75,0.83,0.74,0.78,0.19,0.21,0.86,0.71,0.21,0.45,0.65,0.81,0.72,0.3,0.251154999999205,1,2,2,2,0,3,2,3,2,1,2,2,2,2,2,1,2,2,2,1,2,2,2,2,2,0.9338,0.72,0.83,0.41,0.66,0.72,0.67,0.71,0.66,0.7,0.79,0.46,0.7,0.66,0.82,0.75,0.71,0.72,0.72,0.78,0.65,0.65,0.69,0.78,0.75,0.586851666669051
"S345",2024-02-05 22:08:33,58.9709,"ios 17.3.0","true","iOS",980,1684,"Male","29","Chinese","Singaporean","26","University (master) <sub><sup>or equivalent</sup></sub>","No","Aeronautics","Fluent (conversational)","Experienced (I use it often)",0.61,0.58,0.65,1,0.42,0.47,0.4,0.68,0.55,0.23,0.58,0.67,0.74,0.57,1.46793333333333,2,2,1,1,0,2,2,2,3,3,1,2,2,1,1,2,1,3,0,0,2,2,2,2,2,2.17391666666667,0.34,0.71,0.37,0.41,0.63,0.43,0.65,0.44,0.44,0.6,0.56,0.45,0.43,0.73,0.4,0.6,0.44,0.25,0.66,0.6,0.41,0.39,0.39,0.41,2.31481666666667
"S449",2024-02-16 15:41:07,30.6223166666667,"chrome 121.0.0","false","Mac OS",1438,727,"Male","31","Chinese","Singaporean","31","Bachelor or equivalent","No","Accountancy","Native","Relatively experienced (I used it a few times)",0.62,0.81,0.7,0.58,0.72,0.81,0.6,0.84,0.61,0.69,0.73,0.67,0.73,0.36,0.979281666666673,1,1,0,2,1,2,0,2,1,2,2,1,0,1,0,1,0,1,0,2,0,1,0,0,2,1.3653,0.23,0.67,0.85,0.14,0.61,0.07,0.84,0.5,0.32,0.65,0,0.71,0.28,0.66,0.81,0.25,0.67,0.12,0.61,0.63,0.62,0.02,0.36,0.21,1.13733833333333
"S453",2024-02-16 17:44:56,16.45745,"chrome 121.0.0","false","Windows 10",1920,919,"Male","22","Chinese","Singaporean","22","High school or equivalent (A-levels, Diploma, etc.)","No","engineering","Native","Highly experienced (I use it a lot)",0.56,0.38,0.34,0.59,0.57,0.57,0.62,0.61,0.88,0.4,0.58,0.67,0.71,0.66,0.338303333333333,1,1,1,0,2,1,1,2,3,0,0,0,1,1,0,1,0,2,1,2,1,1,1,1,2,1.81096666666667,0.02,0.95,0.88,0.2,0.68,0,0.66,0.14,0.22,0.88,0.17,0.83,0.25,0.78,0.85,0.16,0.82,0.06,0.83,0.85,0.18,0.23,0.29,0.21,0.792116666666667
"S265",2024-02-05 18:35:29,48.4663166666667,"safari 17.2.1","false","Mac OS",1440,800,"Male","30","Chinese","Singaporean","30","University (master) <sub><sup>or equivalent</sup></sub>","No","Statistics","Native","Experienced (I use it often)",0.66,0.59,0.62,0.94,0.6,0.57,0.45,0.67,0.83,0.6,0.81,0.88,0.55,0.4,1.39245,1,2,3,1,0,1,0,1,1,1,2,0,0,2,0,2,0,2,0,0,1,0,2,1,2,1.45175,0.12,0.86,0.95,0.07,0.51,0.58,0.45,0.61,0.31,0.59,0.59,0.58,0.29,0.84,0.67,0.38,0.72,0.09,0.75,0.55,0.43,0.58,0.43,0.2,1.14938333333333
"S336",2024-02-05 21:40:32,34.8906166666667,"chrome 121.0.0","false","Windows 10",1920,911,"Male","22","Chinese","Singaporean","22","High school or equivalent (A-levels, Diploma, etc.)","Yes","Engineering","Native","Experienced (I use it often)",0.86,0.79,0.77,0.82,0.73,0.8,0.79,0.79,0.76,0.72,0.66,0.62,0.77,0.79,0.471969999999999,2,2,0,2,2,2,1,1,3,2,3,2,2,3,2,2,2,0,0,2,2,3,1,2,3,1.01936666666667,0.28,0.72,1,0.19,0.31,0.36,0.93,0.92,0.86,0.97,0.12,0.19,0.92,0.51,0.8,0.7,0.29,0.27,0.78,0.81,0.65,0.17,0.15,0.16,1.41626333333333
"S446",2024-02-16 15:24:34,14.8729333333333,"edge-chromium 121.0.0","false","Windows 10",3060,1545,"Male","26","Chinese","Singapore","26","Bachelor or equivalent","No","Bioinformatics","Native","Experienced (I use it often)",0.71,0.33,0.57,0.9,0.36,0.35,0.57,0.4,0.37,0.63,0.64,0.69,0.58,0.55,0.514889999997616,2,2,2,2,2,2,2,2,2,2,2,2,2,2,2,2,2,2,2,2,2,2,2,2,2,0.665683333333333,0.62,0.62,0.57,0.62,0.68,0.54,0.39,0.25,0.22,0.63,0.55,0.63,0.28,0.78,0.33,0.6,0.31,0.58,0.61,0.33,0.14,0.7,0.62,0.51,0.81305999999841
"S196",2024-02-05 17:04:53,39.4460833333333,"chrome 121.0.0","false","Windows 10",1536,703,"Female","54","Indian","Singaporean","27","Bachelor or equivalent","No","Science","Native","No experience (but I heard about it)",0.28,0.63,0.56,0.45,0.62,0.75,0.38,0.65,0.59,0.63,0.56,0.65,0.53,0.55,0.644561666666468,1,2,1,1,1,1,1,1,0,0,1,1,1,2,1,2,0,2,1,0,1,1,2,0,1,0.912,0.56,0.65,0.59,0.56,0.62,0.37,0.59,0.42,0.59,0.64,0.41,0.59,0.44,0.55,0.61,0.56,0.41,0.32,0.54,0.44,0.44,0.63,0.39,0.42,1.07975333333338
"S180",2024-02-05 16:46:37,38.0001,"safari 16.3.0","false","Mac OS",767,772,"Female","24","Malay","Singaporean","24","High school or equivalent (A-levels, Diploma, etc.)","No","Early Childhood","Fluent (academic)","Relatively experienced (I used it a few times)",0.62,0.79,0.65,0.4,0.79,0.69,0.44,0.92,0.63,0.46,0.81,0.81,0.59,0.63,1.29251666666667,2,1,0,1,1,1,1,1,2,1,1,2,1,0,1,0,2,2,0,1,2,0,2,1,3,1.63781666666667,0.4,0.8,0.84,0.62,0.68,0.62,0.62,0.46,0.15,0.56,0.32,0.73,0.23,0.84,0.7,0.57,0.44,0.34,0.79,0.28,0.08,0.79,0.35,0.16,3.01773333333333
"S305",2024-02-05 19:43:16,31.9446166666667,"ios 17.4.0","true","iOS",980,1684,"Male","23","Chinese","Singaporean","23","High school or equivalent (A-levels, Diploma, etc.)","No","Computer Engineering ","Fluent (academic)","Experienced (I use it often)",0.96,0.6,0.87,0.92,0.68,0.22,0.22,0.87,0.2,0.8,0.81,0.96,0.81,0.83,1.19103333333334,2,0,2,2,2,2,2,2,2,2,1,3,2,0,1,3,3,2,1,2,1,3,1,2,1,2.18251666666667,0.64,0.75,0.82,0.22,0.65,0.25,0.67,0.76,0.29,0.75,0.21,0.24,0.36,0.75,0.85,0.39,0.73,0.27,0.71,0.69,0.41,0.69,0.46,0.6,2.13296666666667
"S475",2024-02-19 02:02:36,35.8172833333333,"chrome 121.0.0","false","Mac OS",1498,836,"Male","27","Chinese","Singaporean","27","Bachelor or equivalent","Yes","Social Science","Native","Little experience (I tried it)",0.38,0.91,0.27,0.13,0.18,0.65,0.35,0.65,0.77,0.71,0.27,0.73,0.86,0.8,0.74965499999995,3,2,0,0,0,0,0,0,0,0,0,0,0,0,1,1,0,3,0,0,0,1,0,0,1,1.36673333333333,0.41,0.61,0.44,0.3,0.67,0.6,0.56,0.42,0.28,0.69,0.64,0.62,0.33,0.69,0.25,0.6,0.36,0.26,0.95,0.1,0.06,0.89,0.8,0.17,0.877978333333383
"S021",2024-02-05 15:31:55,21.4337166666667,"firefox 122.0.0","false","Windows 10",1366,635,"Female","25","Chinese","Singaporean","25","Bachelor or equivalent","Yes","Arts","Native","Little experience (I tried it)",0.6,0.23,0.7,0.73,0.85,0.32,0.67,0.88,0.61,0.18,0.6,0.87,0.28,0.74,0.613916666666667,1,1,1,1,1,1,1,1,1,0,2,1,1,1,2,1,1,1,1,1,1,1,1,1,1,1.1919,0.5,0.54,0.49,0.2,0.35,0.45,0.54,0.57,0.55,0.39,0.36,0.55,0.68,0.54,0.58,0.1,0.72,0.11,0.56,0.74,0.75,0.58,0.58,0.14,0.774383333333333
"S438",2024-02-16 12:53:18,26.0553666666667,"chrome 121.0.0","false","Windows 10",1366,633,"Male","64","chinese","singaporean","64","Primary school","No","general study","Native","No experience (I don't know what it is)",0.64,0.63,0.59,0.64,0.63,0.62,0.64,0.63,0.6,0.6,0.62,0.64,0.61,0.62,0.313098333333433,2,2,2,2,2,1,2,3,2,2,2,2,2,0,2,2,2,2,2,1,2,2,2,2,2,0.6487,0.65,0.68,0.64,0.39,0.6,0.54,0.56,0.57,0.57,0.58,0.55,0.56,0.56,0.57,0.57,0.56,0.59,0.58,0.6,0.58,0.58,0.56,0.56,0.57,0.530544999999801
"S328",2024-02-05 21:07:48,62.5584666666667,"chrome 121.0.0","true","Android OS",980,1915,"Female","35","Chinese","Singaporean ","35","University (master) <sub><sup>or equivalent</sup></sub>","Yes","Biomed sciences","Fluent (conversational)","Little experience (I tried it)",0.64,0.59,0.59,0.61,0.48,0.57,0.38,0.68,0.51,0.61,0.63,0.72,0.43,0.41,0.718529999999205,1,2,1,2,1,1,2,2,2,1,1,1,2,2,3,2,1,1,1,1,1,2,1,1,3,2.06715,0.4,0.62,0.47,0.58,0.6,0.42,0.79,0.62,0.43,0.65,0.43,0.63,0.44,0.47,0.45,0.58,0.45,0.25,0.67,0.61,0.42,0.36,0.41,0.35,0.859296666665872
"S089",2024-02-05 15:47:06,81.1012666666667,"ios 17.1.1","true","iOS",980,1659,"Female","30","Chinese","Singaporean","30","Bachelor or equivalent","No","Sociology","Native","Little experience (I tried it)",0.6,0.71,0.73,0.72,0.66,0.77,0.4,0.72,0.69,0.7,0.74,0.36,0.37,0.28,1.11661666666667,1,1,1,1,1,1,0,1,1,0,1,1,2,1,1,1,0,1,1,1,0,1,1,1,2,1.50718333333333,0,1,1,0,0,0,1,1,0.25,0.95,0.25,0.65,0.63,0.58,0.68,0.62,0.63,0.31,0.94,0.2,0.18,0.28,0.09,0,4.71286666666667
"S224",2024-02-05 17:40:10,74.07095,"ios 16.5.2","true","iOS",980,1669,"Female","26","Chinese","Singaporean","26","Bachelor or equivalent","No","Psychology","Native","Little experience (I tried it)",0.36,0.38,0.68,0.65,0.35,0.27,0.38,0.66,0.63,0.66,0.69,0.61,0.41,0.65,0.519133333333341,1,0,1,0,0,0,0,0,0,0,0,0,0,0,0,1,1,1,1,0,1,1,0,0,1,1.04926666666667,0.27,0.74,0.33,0.33,0.37,0.35,0.37,0.37,0.66,0.65,0.3,0.66,0.64,0.69,0.64,0.42,0.65,0.25,0.64,0.34,0.67,0.31,0.26,0.24,1.47218333333334
"S055",2024-02-05 15:37:12,27.0371,"ios 17.2.0","true","iOS",980,1665,"Female","22","Chinese","Singaporean ","22","High school or equivalent (A-levels, Diploma, etc.)","Yes","Engineering ","Native","Relatively experienced (I used it a few times)",0.69,0.59,0.66,0.71,0.64,0.36,0.59,0.65,0.63,0.39,0.72,0.69,0.61,0.29,1.04658333333334,1,2,2,2,2,2,3,1,2,0,2,2,2,2,2,3,2,2,2,2,1,3,3,2,2,1.36666666666667,0.63,0.62,0.35,0.71,0.39,0.68,0.73,0.72,0.62,0.73,0.71,0.66,0.7,0.67,0.65,0.73,0.34,0.64,0.67,0.7,0.68,0.67,0.37,0.67,0.912233333333333
"S107",2024-02-05 15:58:16,28.1777,"chrome 121.0.0","false","Mac OS",1336,693,"Male","25","Chinese","Singaporean","25","High school or equivalent (A-levels, Diploma, etc.)","Yes","Humanities","Native","Relatively experienced (I used it a few times)",0.64,0.9,0.61,0.5,0.56,0.73,0.34,0.56,0.57,0.62,0.39,0.6,0.8,0.36,0.78004833333334,2,1,1,1,0,0,1,0,1,0,0,1,1,2,0,1,0,2,0,1,1,1,1,0,1,1.08251666666667,0.12,0.77,0.49,0.24,0.02,0.3,0.8,0.29,0.35,0.66,0.28,0.5,0.8,0.94,0.29,0.37,0.49,0.15,0.72,0.28,0.16,0.25,0.25,0.2,0.867175
"S508",2024-09-30 08:43:00,146.9908,"edge-chromium 129.0.0","false","Windows 10",1912,956,"Female","24","Singaporean","Singaporean","24","Bachelor or equivalent","No","Biological Sciences","Native","Relatively experienced (I used it a few times)",0.33,0.82,0.65,0.15,0.75,0.55,0.65,0.64,0.65,0,0.75,0.64,0.26,0.33,1.87623333333333,0,2,1,0,0,0,2,0,2,0,0,1,0,1,2,2,1,2,0,0,1,2,2,2,1,1.72346666666667,0.2,0.81,0.91,0.65,0.8,0.17,0.28,0.07,0.61,0.77,0.44,0.2,0.35,0.84,0.68,0.68,0.33,0,0.71,0.7,0.6,0,0.38,0.62,1.32170333333333
"S304",2024-02-05 19:39:29,36.5391666666667,"chrome 118.0.0","false","Mac OS",1419,713,"Female","28","Malay","Singaporean ","28","University (master) <sub><sup>or equivalent</sup></sub>","No","Asian Studies","Fluent (academic)","No experience (but I heard about it)",0.22,0.8,0.78,0.18,1,0.7,0.7,1,0.79,0.23,0.75,0.59,0.62,0.22,0.946336666666716,1,1,0,0,0,1,0,0,0,0,2,0,0,0,2,1,0,1,0,0,0,1,0,0,1,1.00995,0.14,0.87,0.43,0.33,0.3,0.11,0.5,0.5,0.32,0.82,0.27,0.06,0.7,0.86,0.84,0.57,0.71,0,0.95,0.5,0.68,0.19,0,0.5,1.18405333333338
"S098",2024-02-05 15:50:51,84.4673333333333,"chrome 121.0.0","false","Windows 10",1280,559,"Female","24","Chinese","Singaporean","24","Bachelor or equivalent","Yes","Accountancy and Business","Native","Relatively experienced (I used it a few times)",0.72,0.8,0.86,0.59,0.79,0.57,0.27,0.83,0.75,0.69,0.68,0.67,0.33,0.57,1.71795166666657,1,1,1,1,0,0,1,0,1,0,1,1,1,1,0,2,0,2,0,0,2,1,1,1,2,1.84346666666667,0.11,0.82,0.33,0.34,0.88,0.37,0.35,0.4,0.59,0.74,0.4,0.59,0.28,0.69,0.7,0.08,0.21,0.73,0.84,0.07,0.35,0.16,0.02,0.51,2.08930666666677
"S370",2024-02-05 23:29:03,33.5633,"ios 17.2.0","true","iOS",980,1656,"Female","27","Chinese ","Singapore ","27","University (master) <sub><sup>or equivalent</sup></sub>","No","Public health ","Native","Experienced (I use it often)",0.87,0.16,0.6,0.8,0.65,0.79,0.74,0.87,0.65,0.61,0.99,0.9,0.93,0.16,0.866533333333333,2,2,0,2,1,1,0,1,2,1,0,2,1,1,1,2,0,3,0,0,2,1,2,1,1,1.77346666666667,0.29,0.74,0.78,0.39,0.38,0.72,0.62,0.57,0.61,0.84,0.31,0.27,0.22,0.61,0.16,0.82,0.15,0.57,0.54,0.23,0.21,0.02,0.26,0.57,1.49031666666667
"S009",2024-02-04 23:41:05,26.0607,"chrome 120.0.0","false","Windows 10",1280,598,"Female","21","Chinese","Singaporean","21","High school or equivalent (A-levels, Diploma, etc.)","Yes","Psychology","Native","Experienced (I use it often)",0.62,0.72,0.69,0.56,0.85,0.77,0.19,0.8,0.68,0.66,0.72,0.62,0.26,0.45,0.738083333333333,1,1,1,2,1,1,1,1,1,1,1,1,1,1,1,1,1,2,1,0,2,1,2,2,1,1.14866666666667,0.39,0.67,0.54,0.66,0.66,0.45,0.63,0.36,0.57,0.52,0.57,0.56,0.42,0.64,0.54,0.58,0.36,0.55,0.74,0.43,0.45,0.62,0.39,0.5,1.08334499999881
"S524",2024-10-23 09:02:00,119.9899,"edge-chromium 130.0.0","false","Windows 10",1920,1080,"Male","21","CHINDIAN","SINGAPORE","21","High school or equivalent (A-levels, Diploma, etc.)","No","BUSINESS","Native","Experienced (I use it often)",0.49,0.5,0.72,0.5,0.53,0.5,0.91,0.47,0.56,0.5,0.51,0.45,0.67,0.44,1.40561333333254,0,1,1,1,0,2,2,3,2,1,3,2,1,0,2,2,2,2,2,2,1,1,1,1,3,1.51921666666667,0.36,0.7,0.58,0.5,0.7,0.56,0.57,0.45,0.27,0.5,0.4,0.6,0.36,0.81,0.81,0.45,0.6,0.65,0.66,0.54,0.58,0.31,0.58,0.67,1.44162000000079
"S296",2024-02-05 19:20:04,28.4845,"safari 15.6.1","false","Mac OS",1237,650,"Female","27","Chinese","Singaporean","27","Bachelor or equivalent","No","Economics","Native","No experience (but I heard about it)",1,1,0.76,0.65,0.94,0.67,0.78,0.94,0.32,0.47,0.64,0.75,0.89,0.36,1.33045,3,1,2,2,0,1,0,1,1,0,0,1,0,2,2,1,0,3,0,1,1,1,1,0,1,1.49078333333333,0,1,0.22,0,1,0.56,0.58,0.59,0.41,0.73,0.86,0.64,0.02,0.99,0.23,0.23,0.35,0.83,0.61,0.32,0.66,0.75,0.54,0.65,1.57343333333333
"S030",2024-02-05 15:32:35,59.1990666666667,"chrome 121.0.0","true","Android OS",980,1797,"Male","26","Chinese","Singaporean","26","High school or equivalent (A-levels, Diploma, etc.)","Yes","Dietetics and nutrition","Fluent (academic)","Relatively experienced (I used it a few times)",1,0.22,0.99,0.7,1,0.23,0.21,0.81,0.77,0.51,0.73,1,0.81,0.21,1.61732166666587,0,1,0,2,0,0,0,0,0,0,1,0,0,0,1,0,0,1,0,0,1,1,0,0,2,4.07653333333333,1,1,0.99,0.78,0.58,0.21,0.21,0.21,0.21,0.33,0.5,0.36,0.36,0.84,0.8,0.35,0.64,0,0.18,0.18,0.18,0.17,1,0.18,1.27921499999762
"S432",2024-02-06 13:48:07,26.468,"chrome 121.0.0","false","Windows 10",1280,551,"Female","22","Chinese","Singaporean","22","High school or equivalent (A-levels, Diploma, etc.)","Yes","Environmental Studies","Native","Relatively experienced (I used it a few times)",0.58,0.36,0.56,0.38,0.69,0.55,0.41,0.6,0.42,0.65,0.59,0.6,0.45,0.47,0.652006666666642,1,1,1,0,0,2,1,1,0,0,0,0,0,0,1,0,1,0,1,1,0,1,0,0,1,6.5488,0.3,0.71,0.42,0.42,0.58,0.34,0.36,0.35,0.43,0.43,0.46,0.43,0.44,0.62,0.63,0.4,0.41,0.16,0.67,0.36,0.69,0.62,0.31,0.09,0.852661666666716
"S541",2024-11-11 09:13:57,132.348166666667,"edge-chromium 130.0.0","false","Windows 10",1912,956,"Male","23","Chinese","Singaporean","23","High school or equivalent (A-levels, Diploma, etc.)","Yes","Biological Sciences","Native","Relatively experienced (I used it a few times)",0.7,0.74,0.82,0.67,0.66,0.6,0.98,0.29,0.19,0.8,0.61,0.37,0.85,0.41,2.22948666666667,0,1,2,2,0,0,2,0,3,0,2,3,2,2,3,2,2,2,0,1,0,1,0,2,2,3.06861666666667,0.22,0.76,0.59,0.28,0.7,0.25,0.84,0.42,0.75,0.86,0.63,0.63,0.22,0.69,0.78,0.09,0.94,0.05,0.95,0.63,0.8,0.11,0.28,0.61,2.20375666666666
"S382",2024-02-06 06:53:26,23.4753166666667,"ios 17.3.0","true","iOS",980,1722,"Male","24","Chinese","Singaporean","24","Bachelor or equivalent","Yes","Business","Native","Experienced (I use it often)",0.76,0.82,0.8,0.82,0.76,0.35,0.73,0.74,0.9,0.76,0.81,1,1,0.84,0.972566666666667,2,1,1,2,0,1,2,1,2,2,0,2,1,1,1,1,2,2,0,1,1,1,2,1,2,1.9328,0.02,0.69,0.68,0.55,0.57,0.65,0.26,0.6,0.27,0.84,0.33,0.58,0.35,0.37,0.4,0.62,0.11,0.81,0.56,0.32,0.31,0.12,0.33,0.63,2.58091666666667
"S512",2024-10-03 13:00:27,164.416933333333,"edge-chromium 129.0.0","false","Windows 10",1920,1080,"Male","22","Chinese","Singaporean","22","High school or equivalent (A-levels, Diploma, etc.)","Yes","Electrical and electronic engineering","Native","Relatively experienced (I used it a few times)",0.25,1,0.72,0,0.86,1,1,0.78,0.71,0.89,0.87,0.88,1,0.77,1.17333333333333,2,3,1,2,0,1,2,0,3,2,1,2,2,2,3,3,1,3,2,2,1,3,3,3,2,1.71358333333333,0,0.76,0.5,0.77,1,0.56,1,0,0.67,0.82,0.83,0.67,0.21,0.55,0,1,0,0,1,0.36,0.22,0.64,0.31,0.5,1.1871599999999
"S300",2024-02-05 19:25:44,24.31695,"chrome 121.0.0","false","Windows 10",1920,935,"Male","26","Chinese","Singaporean","26","Bachelor or equivalent","No","Computer Science","Native","Experienced (I use it often)",0.61,0.9,0.57,0.9,0.72,0.91,0.66,0.77,0.63,0.6,0.59,0.91,0.61,0.65,0.882766666666667,1,1,1,2,2,1,1,1,1,1,1,1,1,1,1,3,1,1,1,1,1,2,1,1,1,1.52843333333333,0.28,0.56,0.47,0.43,0.48,0.6,0.56,0.54,0.54,0.48,0.48,0.6,0.47,0.45,0.53,0.44,0.48,0.4,0.62,0.58,0.44,0.42,0.53,0.36,1.0353
"S146",2024-02-05 16:14:22,28.22575,"chrome 121.0.0","true","Android OS",980,1696,"Male","47","Chinese ","Singaporean ","47","Bachelor or equivalent","No","Engineering ","Native","Relatively experienced (I used it a few times)",0.76,0.81,0.79,0.44,0.02,0.71,0.35,0.73,0.69,0.68,0.68,0.75,0.62,0.38,1.96645833333333,0,1,1,2,0,0,0,0,2,0,1,2,1,1,0,2,0,1,0,0,0,1,0,1,1,1.97683333333333,0.1,0.23,0.34,0.61,0.64,0,0.66,0.73,0.64,0.65,0.56,0.6,0.2,0.15,0.8,0.27,0.78,0.73,0.7,0.7,0.67,0.22,0.32,0.34,1.41344333333174
"S123",2024-02-05 16:01:40,30.51745,"chrome 121.0.0","false","Windows 10",1536,742,"Male","26","Chinese","Singaporean","26","University (master) <sub><sup>or equivalent</sup></sub>","No","Arts and Humanities","Native","Relatively experienced (I used it a few times)",1,0.21,0.81,1,0.62,0.68,0.77,0.67,0.35,0.26,0.62,1,0.86,0.8,0.794339999999603,2,0,0,2,1,1,0,0,0,0,0,0,0,0,1,1,0,0,0,3,0,1,0,0,2,1.35791666666667,0.64,0.67,0.39,0.38,0.83,0.3,0.39,0.37,0,0.2,0.26,0.74,0,0.7,0.72,0.18,0.31,0.35,0.68,0.23,0.22,0.62,1,0.59,0.977696666666865
"S503",2024-09-25 09:08:42,125.41435,"edge-chromium 129.0.0","false","Windows 10",1912,956,"Female","23","CHINESE","sINGAPORE","23","High school or equivalent (A-levels, Diploma, etc.)","Yes","BUSINESS","Native","Experienced (I use it often)",0.67,0.85,0.61,0.84,0.4,0.8,0.61,0.58,0.64,0.89,0.76,0.83,0.58,0.75,1.32464833333343,0,2,0,2,0,0,2,2,3,0,2,1,2,2,2,3,0,1,0,0,2,2,1,2,1,1.6511,0.36,0.73,0.73,0.75,0.38,0.57,0.6,0.26,0.39,0.62,0.59,0.6,0.67,0.72,0.6,0.63,0.69,0.79,0.57,0.36,0.36,0.34,0.4,0.74,1.73837833333313
"S411",2024-02-06 11:45:13,27.9622,"safari 17.2.1","false","Mac OS",1470,766,"Female","21","Chinese","Singaporean","21","High school or equivalent (A-levels, Diploma, etc.)","Yes","Psychology","Native","Experienced (I use it often)",0.63,0.81,0.69,0.62,0.75,0.81,0.02,0.75,0.73,0.67,0.8,0.58,0.36,0.53,1.06671666666666,2,1,0,1,0,0,0,0,0,0,0,0,0,2,0,0,0,2,0,0,1,0,2,0,0,3.35168333333333,0.28,0.99,0.47,0.43,0.75,0.66,0.1,0.15,0.04,0.92,0.28,0.71,0.16,0.91,0.62,0.64,0.33,0.51,0.17,0.11,0.26,0.55,0.32,0.57,1.0076
"S026",2024-02-05 15:32:19,26.2842,"chrome 121.0.0","false","Mac OS",1381,733,"Female","23","asian","sg","23","Bachelor or equivalent","Yes","business","Native","Highly experienced (I use it a lot)",0.71,0.75,0.65,0.59,0.62,0.62,0.39,0.65,0.45,0.37,0.64,0.59,0.6,0.4,0.919416666666667,0,0,0,0,0,0,0,0,1,0,0,0,0,0,2,0,0,2,0,0,0,0,0,0,0,1.53591666666667,0.37,0.59,0.58,0.44,0.64,0.46,0.64,0.57,0.23,0.6,0.46,0.61,0.24,0.66,0.53,0.32,0.58,0.66,0.54,0.48,0.33,0.51,0.43,0.52,1.44461999999682
"S481",2024-08-16 19:08:53,168.03525,"edge-chromium 126.0.0","false","Windows 10",1872,958,"Female","24","Chinese","Singaporean","24","Bachelor or equivalent","No","Linguistics and Multilingual Studies","Native","Highly experienced (I use it a lot)",0.73,0.88,0.56,0.59,0.58,0.6,0.37,0.68,0.55,0.52,0.15,0.91,0.91,0.37,3.81778666666746,1,1,1,2,0,1,1,1,1,0,1,1,1,1,1,1,1,1,1,0,2,2,1,2,1,5.8899,0.32,0.86,0.26,0.61,0.87,0.53,0.15,0.26,0.08,0.9,0.32,0.66,0.15,0.73,0.62,0.4,0.28,0.69,0.31,0.34,0.06,0.58,0.37,0.69,6.13651500000159
"S172",2024-02-05 16:37:53,46.2319333333333,"chrome 120.0.0","false","Mac OS",1512,787,"Male","32","Chinese","Singaporean","32","Bachelor or equivalent","No","Biomedical Science","Native","Experienced (I use it often)",1,0,0.82,1,0.75,0.78,0.8,0.75,0.74,0.62,0.58,0.79,0.4,0.58,1.34396500000159,0,1,1,0,2,1,1,1,1,0,0,1,0,1,0,1,2,0,1,1,2,2,1,0,0,1.5638,0.22,0.76,0.37,0.33,0.71,0.72,0.76,0.33,0.31,0.74,0.35,0.73,0.26,0.69,0.7,0.61,0.31,0.6,0.63,0.35,0.36,0.33,0,0.55,2.35599666666587
"S500",2024-09-19 09:20:25,153.700416666667,"edge-chromium 128.0.0","false","Windows 10",1912,956,"Male","22","Chinese","Singaporean","22","High school or equivalent (A-levels, Diploma, etc.)","Yes","Engineering","Native","Experienced (I use it often)",0.64,0.78,0.59,0.68,0.58,0.84,0.41,0.67,0.59,0.66,0.43,0.76,0.45,0.34,1.52922333333294,0,1,0,1,0,2,0,1,3,0,0,2,1,2,1,1,2,3,0,2,3,0,0,1,1,2.59511666666667,0,0.78,0.3,0.3,0.85,0.86,0.33,0.3,0.19,0.84,0.09,0.86,0.08,0.82,0.38,0.11,0.11,0.43,0.72,0.44,0.73,0,0.17,0.58,2.34149833333294
"S545",2024-11-14 09:17:00,127.308433333333,"edge-chromium 130.0.0","false","Windows 10",1920,1080,"Female","23","Chinese","Singaporean","8","Bachelor or equivalent","No","Humanities and Social Sciences","Native","Relatively experienced (I used it a few times)",0.09,1,0,0.06,0.34,0.6,0.55,0.23,0.36,0.75,1,0.08,0.37,0.77,1.08293166666677,1,2,1,0,0,1,2,0,2,0,0,1,1,2,1,0,2,2,0,0,1,0,1,0,1,2.10508333333333,0.64,1,0.35,0.2,1,0.36,0.33,0,0,0.6,0.6,0.4,0.01,0.87,0.65,0.54,0.3,0,0.4,0.09,0.01,0.22,0.42,0.16,1.061825
"S177",2024-02-05 16:43:27,35.7590666666667,"samsung 23.0.0","true","Android OS",980,1878,"Male","22","Chinese","Singaporean","22","High school or equivalent (A-levels, Diploma, etc.)","Yes","Pharmacy","Native","Relatively experienced (I used it a few times)",0.71,0.67,0.38,0.31,0.66,0.73,0.76,0.67,0.68,0.6,0.68,0.62,0.89,0.73,0.913028333333336,3,2,3,0,0,2,3,2,1,2,2,1,2,2,2,1,1,2,2,1,2,2,2,2,2,0.548833333333333,0.64,0.39,0.56,0.35,0.54,0.38,0.3,0.67,0.75,0.69,0.63,0.65,0.65,0.65,0.36,0.65,0.39,0.89,0.63,0.39,0.64,0.67,0.68,0.67,0.335043333333335
"S221",2024-02-05 17:37:40,23.0154833333333,"chrome 121.0.0","true","Android OS",980,1861,"Male","37","Chinese","Singaporean ","37","University (master) <sub><sup>or equivalent</sup></sub>","No","Engineering ","Fluent (academic)","Relatively experienced (I used it a few times)",0.74,0.72,0.8,0.69,0.65,0.72,0.67,0.78,0.75,0.76,0.35,0.63,0.66,0.67,0.167766666666667,1,1,2,2,2,2,2,1,2,2,2,2,1,2,2,2,2,1,2,2,1,2,2,2,2,0.41535,0.65,0.45,0.68,0.66,0.46,0.68,0.53,0.61,0.66,0.65,0.38,0.67,0.59,0.72,0.6,0.66,0.8,0.68,0.73,0.76,0.76,0.75,0.74,0.76,0.454283333333333
"S386",2024-02-06 09:26:07,35.56325,"samsung 24.0.0","true","Android OS",980,1893,"Male","24","Chinese","Singaporean","24","High school or equivalent (A-levels, Diploma, etc.)","Yes","Industrial and systems engineering","Fluent (academic)","Experienced (I use it often)",0.79,0.35,0.78,0.8,0.89,0.32,0.38,0.97,0.41,0.57,0.72,0.74,0.65,0.4,0.992918333333234,0,1,1,1,0,2,0,0,2,1,1,1,1,1,1,0,0,1,0,2,1,0,0,0,1,1.40651666666667,0.56,0.75,0.61,0.27,0.85,0.59,0.66,0.38,0.29,0.73,0.36,0.67,0.28,0.76,0.61,0.34,0.67,0.88,0.27,0.29,0.11,0.02,0.65,0.38,1.04150666666677
"S231",2024-02-05 17:47:27,14.2289666666667,"firefox 122.0.0","false","Windows 10",1920,919,"Male","30","Chinese","Singapore","30","University (master) <sub><sup>or equivalent</sup></sub>","Yes","Psychology","Native","Relatively experienced (I used it a few times)",0.58,0.63,0.72,0.49,0.59,0.64,0.35,0.68,0.69,0.58,0.65,0.7,0.4,0.24,0.508733333333333,1,1,1,2,0,1,1,0,2,1,2,1,1,1,1,1,1,2,1,0,1,1,1,1,2,0.8201,0.27,0.63,0.64,0.26,0.64,0.25,0.67,0.6,0.34,0.58,0.31,0.32,0.38,0.57,0.61,0.4,0.59,0.27,0.66,0.65,0.33,0.33,0.33,0.29,0.595966666666667
"S348",2024-02-05 22:17:15,109.536116666667,"chrome 121.0.0","false","Windows 10",1280,551,"Male","25","Chinese","Singaporean","24","High school or equivalent (A-levels, Diploma, etc.)","Yes","Business","Native","Highly experienced (I use it a lot)",1,0.04,0.65,0.72,0.76,0.21,0.68,0.73,0.87,0.84,0.84,0.9,0.19,0.2,1.29865166666657,2,2,1,1,2,2,1,2,3,0,0,2,1,2,1,1,1,2,0,2,0,1,0,2,1,8.43036666666667,0.83,0.29,0.82,0.18,0.78,0.21,0.18,0.75,0.23,0.71,0.27,1,0.29,0.25,0.08,0.77,0.14,0.9,0.16,0.23,0.67,0.02,0.8,0.18,0.964310000000025
"S333",2024-02-05 21:38:51,20.8652333333333,"crios 121.0.6167","true","iOS",980,1698,"Female","21","Buddhism","Singaporean","10","High school or equivalent (A-levels, Diploma, etc.)","Yes","Computer science","Fluent (conversational)","Experienced (I use it often)",0.42,0.81,0.84,0.46,0.88,0.9,0.49,0.85,0.89,0.85,0.81,0.76,0.79,0.44,0.522333333333333,2,2,1,3,1,1,1,1,2,1,1,2,1,1,1,2,1,2,1,1,2,1,2,2,1,2.1194,0.38,0.66,0.67,0.77,0.66,0.58,0.39,0.4,0.78,0.59,0.61,0.67,0.35,0.64,0.61,0.71,0.11,0.37,0.41,0.41,0.72,0.7,0.25,0.68,0.983266666666669
"S458",2024-02-16 19:06:08,20.6015666666667,"chrome 121.0.0","false","Windows 10",1366,607,"Female","35","Chinese","Singaporean","35","Bachelor or equivalent","No","Business","Native","No experience (but I heard about it)",0.6,0.34,0.7,0.58,0.7,0.34,0.59,0.81,0.67,0.5,0.73,0.58,0.65,0.57,1.19950166666657,2,2,1,2,2,2,1,2,0,0,1,0,1,1,2,2,2,1,1,2,1,2,2,0,2,1.20045,0.5,0.71,0.71,0.29,0.91,0.64,0.22,0.22,0,0.77,0,0.83,0,0.67,0.69,0.57,0.33,0.81,0.31,0.72,0,0.06,0.69,0.69,1.02691333333304
"S308",2024-02-05 19:51:16,79.3539333333333,"chrome 99.0.4844","true","Android OS",980,1187,"Female","37","Chinese","Singaporean","37","Bachelor or equivalent","No","Business ","Native","No experience (I don't know what it is)",0.29,0.69,0.23,0.18,0.84,0.74,0.85,0.93,0.77,0.76,0.93,0.14,0.23,0.73,2.26474166666667,2,3,2,2,2,0,3,1,2,0,3,1,2,1,0,1,2,2,1,1,3,1,3,0,2,1.94638333333333,0,0.9,0.98,0.83,0.65,0.72,0.86,0.69,0.78,0.96,0.06,0.69,0.39,0.9,0.08,0.92,0.3,0.87,0.93,0.96,0.82,0.06,0,0.84,1.0646600000004
"S408",2024-02-06 11:35:59,34.3133,"ios 17.2.0","true","iOS",980,1689,"Male","32","Chinese","Singaporean","32","Bachelor or equivalent","No","Communications","Native","Relatively experienced (I used it a few times)",0.76,0.66,0.38,0.62,0.57,0.41,0.45,0.54,0.32,0.32,0.34,0.8,0.67,0.42,1.35281666666666,1,1,2,2,1,1,1,1,2,1,2,2,1,2,2,2,1,2,1,1,1,2,1,2,2,1.61498333333333,0.27,0.78,0.4,0.24,0.63,0.33,0.67,0.68,0.45,0.76,0.37,0.61,0.19,0.77,0.4,0.57,0.24,0.25,0.67,0.66,0.35,0.15,0.37,0.36,1.37813333333333
"S549",2024-11-21 09:21:35,110.947916666667,"edge-chromium 131.0.0","false","Windows 10",1912,956,"Male","21","Malay","Singaporean","21","High school or equivalent (A-levels, Diploma, etc.)","Yes","Psychology","Native","Relatively experienced (I used it a few times)",0.58,0.77,0.88,0.37,0.69,0.59,0.56,0.71,0.56,0.76,0.64,0.58,0.38,0.56,2.31133833333353,3,1,0,0,0,1,1,0,1,0,0,1,1,0,0,1,1,1,1,1,2,0,2,0,0,2.54006666666667,0.3,0.73,0.53,0.49,0.67,0.36,0.36,0.14,0.32,0.57,0.64,0.43,0.24,0.76,0.59,0.58,0.64,0.68,0.61,0.22,0.35,0.21,0.39,0.59,2.21831666666667
"S209",2024-02-05 17:23:53,78.2925,"chrome 117.0.0","true","Android OS",980,1847,"Female","27","Chinese","Singaporean","27","Bachelor or equivalent","No","Applied Mathematics","Fluent (academic)","Experienced (I use it often)",0.5,0.76,0.61,0.66,1,0.68,0.28,0.78,0.51,0.66,0.78,0.76,0.38,0.22,1.95306666666667,2,2,2,3,0,1,0,1,2,0,2,2,0,1,0,2,0,2,0,1,2,1,2,0,1,1.89905,0.51,0.35,0.21,0.21,0.76,0.76,0.21,0.75,0.75,0.62,0.22,0.61,0.22,0.38,0.26,0.95,0.61,0.74,0.64,0.34,0.74,0.13,0.24,0.65,1.89527666666663
"S329",2024-02-05 21:28:35,25.5835333333333,"chrome 121.0.0","false","Windows 10",905,858,"Female","23","Chinese","Singaporean","23","High school or equivalent (A-levels, Diploma, etc.)","Yes","Biological Science and Psychology","Native","Experienced (I use it often)",0.76,0.75,0.8,0.79,0.8,0.38,0.61,0.76,0.33,0.35,0.64,0.66,0.38,0.37,1.09364333333174,1,1,1,1,0,0,1,1,1,0,1,1,1,0,1,1,1,1,1,0,1,1,1,1,1,1.169,0.56,0.74,0.74,0.29,0.7,0.29,0.29,0.29,0.28,0.76,0.27,0.46,0.27,0.75,0.62,0.36,0.35,0.3,0.3,0.3,0.3,0.29,0.66,0.25,1.46311999999881
"S502",2024-09-23 09:18:07,136.221516666667,"edge-chromium 128.0.0","false","Windows 10",1912,956,"Male","24","Chinese","Singaporean","24","High school or equivalent (A-levels, Diploma, etc.)","Yes","Material Engineering","Native","Experienced (I use it often)",0.6,0.65,0.62,0.64,0.64,0.69,0.59,0.62,0.62,0.55,0.41,0.59,0.63,0.6,0.828116666666667,2,2,1,2,0,0,2,2,2,2,0,2,2,2,0,2,2,2,1,1,1,0,2,1,0,1.86186666666667,0.2,0.86,0.6,0.13,0.74,0.54,0.62,0.32,0.61,0.59,0.56,0.5,0.38,0.57,0.3,0.62,0.32,0.25,0.56,0.41,0.4,0.59,0.52,0.38,1.9997
"S552",2024-11-22 12:15:39,165.025366666667,"edge-chromium 131.0.0","false","Windows 10",1912,956,"Male","24","Chinese","Singaporean","24","High school or equivalent (A-levels, Diploma, etc.)","Yes","Communication Studies with a Second Major in Business","Native","Experienced (I use it often)",0.66,0.37,0.54,0.69,0.55,0.55,0.55,0.54,0.06,0.55,0.57,0.77,0.52,0.71,1.09261833333334,2,2,2,2,0,1,2,0,2,1,1,3,3,2,1,2,1,3,2,0,2,3,3,2,3,1.2787,0.29,0.85,0.5,0.49,0.82,0.15,0.39,0.49,0.37,0.63,0.31,0.5,0.05,0.63,0.01,0.65,0,0,0.72,0.42,0,0.73,0.24,0,1.28515333333332
"S331",2024-02-05 21:36:53,33.5660666666667,"edge-chromium 121.0.0","false","Windows 10",1912,924,"Male","24","Chinese","Singaporean","24","Bachelor or equivalent","Yes","Computer Science","Native","Experienced (I use it often)",0.97,0.78,0.66,0.91,0.66,0.59,0.87,0.87,0.09,0.43,0.89,0.93,0.44,0.87,1.49509166666667,1,1,1,2,1,1,1,1,2,0,1,2,1,2,2,2,0,2,1,0,1,2,1,0,1,1.66248333333333,0.14,0.73,0.51,0.19,0.46,0.47,0.79,0.5,0.42,0.74,0.52,0.5,0.5,0.76,0.73,0.31,0.73,0.36,0.74,0.51,0.37,0.5,0.22,0.36,1.58736333333254
"S270",2024-02-05 18:41:27,47.7449166666667,"samsung 23.0.0","true","Android OS",980,1819,"Female","23","Chinese","Singaporean","23","Bachelor or equivalent","Yes","Health sciences, Dietetics and Nutrition","Fluent (academic)","Relatively experienced (I used it a few times)",0.61,0.76,0.1,0.59,0.63,0.38,0.62,0.34,0.11,0.65,0.24,0.6,0.64,0.58,1.14805999999841,0,1,0,0,0,0,0,0,0,0,0,0,0,1,0,0,0,1,0,0,0,0,0,0,0,0.951916666666667,0.22,0.78,0.42,0.2,0.76,0,0.38,0,0,0.31,0.62,0,0.21,0.8,0.42,0.42,0.3,0,0.8,0,0.23,0.61,0.12,0,1.07964333333373
"S319",2024-02-05 20:28:37,50.3695833333333,"chrome 119.0.0","true","Android OS",980,1835,"Female","48","Chinese","Singaporean ","48","High school or equivalent (A-levels, Diploma, etc.)","No","Nursing, HR","Native","Little experience (I tried it)",0.49,0.65,0.48,0.46,0.51,0.46,0.57,0.59,0.55,0.45,0.52,0.52,0.54,0.44,1.66539166666667,0,1,2,2,0,0,1,0,2,0,1,1,2,1,1,1,1,2,0,0,0,1,2,1,2,2.42976666666667,0.83,0.94,0.52,0.67,0.3,0.08,0.25,0.76,0.49,0.1,0.31,0.21,0.36,0.86,0.57,0.53,0.51,0,0.18,0.06,0.11,0,0.67,0,1.9485599999994
"S142",2024-02-05 16:11:28,28.9674333333333,"safari 16.4.1","false","Mac OS",1440,795,"Female","26","Chinese","Singaporean","26","Bachelor or equivalent","No","Psychology","Native","Relatively experienced (I used it a few times)",0.5,0.74,0.5,0.55,0.63,0.75,0.56,0.59,0.42,0.75,0.54,0.62,0.52,0.54,0.693216666666667,0,1,1,1,0,0,0,1,2,0,1,1,1,1,1,3,0,3,0,0,0,2,2,2,3,0.87135,0,1,0.57,0.57,0.5,0.02,0.8,0.27,0.5,0.83,0.19,0.5,0.5,0.99,0.34,0.53,0.04,0.14,0.97,0.42,0.5,0.29,0,0.26,0.7735
"S158",2024-02-05 16:20:27,93.7152166666667,"edge-chromium 121.0.0","false","Windows 10",1232,582,"Female","23","Chinese","Singaporean","23","Bachelor or equivalent","No","Accountancy","Native","Relatively experienced (I used it a few times)",0.7,0.76,0.73,0.7,0.68,0.34,0.32,0.75,0.68,0.62,0.68,0.72,0.64,0.32,24.5080266666671,2,1,0,2,0,1,1,0,1,0,0,1,1,1,0,1,0,2,0,1,2,1,2,1,1,1.90305,0.32,0.79,0.66,0.28,0.62,0.29,0.66,0.34,0.62,0.77,0.27,0.63,0.39,0.7,0.61,0.41,0.37,0.32,0.71,0.35,0.58,0.32,0.29,0.63,1.47656166666647
"S374",2024-02-05 23:54:19,39.2152666666667,"chrome 121.0.0","false","Windows 10",2048,991,"Male","30","Chinese","Singaporean","30","High school or equivalent (A-levels, Diploma, etc.)","No","Logistics management","Fluent (conversational)","No experience (but I heard about it)",0.62,0.58,0.25,0.64,0.58,0.62,0.34,0.61,0.35,0.39,0.62,0.64,0.37,0.4,1.35319666666666,2,1,2,2,0,1,1,2,2,0,1,2,2,1,0,2,2,2,2,2,2,2,2,2,2,3.67665,0.18,0.64,0.31,0.54,0.55,0.58,0.63,0.53,0.54,0.54,0.56,0.55,0.57,0.56,0.42,0.57,0.4,0.18,0.86,0.55,0.44,0.56,0.34,0.11,1.22102
"S197",2024-02-05 17:05:09,19.2662833333333,"edge-chromium 121.0.0","false","Windows 10",1912,966,"Female","25","Chinese","Singaporean","25","Bachelor or equivalent","No","Economics","Native","Relatively experienced (I used it a few times)",0.73,0.74,0.78,0.77,0.71,0.94,0.67,0.72,0.7,0.75,0.66,0.84,0.72,0.92,0.398716666666667,2,3,1,3,0,0,2,1,3,0,2,3,2,2,3,2,2,3,1,0,1,3,3,1,2,1.05505,0.17,0.77,0.42,0.83,0.84,0.35,0.98,0.73,0.74,1,0.19,0.82,0.28,0.83,0.1,0.9,0.15,0.13,0.91,0.84,0.83,0.98,0.27,0.12,0.692436666667461
"S321",2024-02-05 20:32:00,19.3043,"ios 16.6.0","true","iOS",980,1702,"Male","25","Chinese","Singaporean","25","Bachelor or equivalent","Yes","Sociology","Native","Experienced (I use it often)",0.67,0.95,0.65,0.4,0.74,0.83,0.22,0.77,0.25,0.64,0.71,0.84,0.39,0.26,0.751466666666667,2,1,1,0,1,2,1,1,2,1,1,1,1,1,0,0,1,1,1,1,1,1,1,2,2,1.04838333333333,0.38,0.66,0.68,0.2,0.59,0.28,0.82,0.05,0.43,0.82,0.24,0.33,0.62,0.74,0.63,0.35,0.41,0.08,0.7,0.31,0.36,0.43,0.33,0.09,0.871533333333331
"S214",2024-02-05 17:29:54,18.8361166666667,"ios 16.1.0","true","iOS",980,1713,"Female","21","Chinese","Singaporean","21","High school or equivalent (A-levels, Diploma, etc.)","Yes","Medicine ","Native","Experienced (I use it often)",0.61,0.7,0.64,0.66,0.53,0.64,0.3,0.68,0.64,0.54,0.61,0.61,0.3,0.42,0.9945,1,1,0,2,0,0,0,0,1,0,0,1,1,0,0,0,0,1,0,1,2,0,2,0,2,1.12283333333333,0.69,0.58,0.67,0.64,0.68,0.4,0.52,0.38,0.6,0.76,0.29,0.6,0.3,0.62,0.58,0.66,0.35,0.62,0.54,0.26,0.43,0.16,0.66,0.62,2.19503333333333
"S462",2024-02-17 01:25:51,27.26535,"safari 17.2.1","false","Mac OS",1470,742,"Female","21","chinese","singaporean","31","Bachelor or equivalent","Yes","psychology","Native","Highly experienced (I use it a lot)",0.92,0.6,0.78,0.67,1,0.25,0.3,0.79,0.85,0.64,0.69,0.83,0.29,0.31,2.47793333333333,0,2,0,1,1,1,1,0,2,0,0,2,1,1,0,0,0,0,0,0,2,0,1,1,0,2.03875,0.83,0.91,0.75,0.35,0.74,0.67,0.2,0.19,0.34,0.59,0.39,0.84,0.29,0.84,0.61,0.57,0.44,0.54,0.25,0.18,0.33,0.35,0.79,0.38,0.799833333333333
"S309",2024-02-05 19:51:40,391.985133333333,"chrome 121.0.0","false","Windows 10",1440,825,"Female","23","Chinese","Singaporean","23","Bachelor or equivalent","No","Life Sciences","Native","Experienced (I use it often)",0.77,0.91,0.76,0.71,0.77,0.62,0.45,0.79,0.75,0.69,0.58,0.68,0.73,0.41,0.809269999996821,1,1,1,1,0,1,1,1,2,1,0,1,1,1,2,2,2,1,1,0,2,1,1,2,0,3.01743333333333,0.46,0.63,0.35,0.5,0.87,0.13,0.43,0.38,0.38,0.41,0.59,0.39,0.18,0.55,0.55,0.5,0.5,0.21,0.54,0.09,0.1,0.53,0.52,0,2.84065666666031
"S378",2024-02-06 00:34:55,41.87,"chrome 121.0.0","true","Android OS",980,1847,"Female","63","Chinese ","Singaporean ","60","Bachelor or equivalent","No","Computer science ","Fluent (academic)","Relatively experienced (I used it a few times)",0.68,0.26,0.71,0.86,0.88,0.29,0.73,0.86,0.95,0.74,0.8,0.65,0.33,0.77,1.45770333333214,0,1,1,1,0,0,1,1,1,0,2,1,1,2,2,2,0,1,1,0,0,1,1,1,3,2.7688,0.15,0.77,0.33,0.31,0.24,0.2,0.8,0.28,0.64,0.7,0.33,0.32,0.63,0.68,0.8,0.32,0.79,0.19,0.85,0.37,0.38,0.33,0.29,0.12,1.61352666666706
"S275",2024-02-05 18:48:41,22.4832,"firefox 122.0.0","false","Mac OS",1440,706,"Female","23","Chinese","Singaporean","23","Bachelor or equivalent","Yes","Food Science","Native","Relatively experienced (I used it a few times)",0.59,0.83,0.81,0.5,0.89,0.76,0.29,0.7,0.88,0.31,0.58,0.77,0.7,0.23,0.579183333333333,1,3,2,3,1,1,2,1,2,1,1,2,2,1,3,2,2,2,2,2,2,2,1,2,3,0.8281,0.23,0.31,0.23,0.64,0.59,0.67,0.68,0.78,0.56,0.42,0.66,0.76,0.63,0.3,0.56,0.65,0.37,0.28,0.7,0.6,0.51,0.66,0.4,0.3,0.694516666666667
"S517",2024-10-09 11:52:13,192.4311,"edge-chromium 129.0.0","false","Windows 10",1912,956,"Female","22","Chinese","Simgaporean","22","High school or equivalent (A-levels, Diploma, etc.)","Yes","Maritime Studies","Native","Experienced (I use it often)",0.66,0.62,0.65,0.73,0.61,0.58,0.77,0.65,0.8,0.58,0.66,0.83,0.39,0.67,1.71719500000079,0,1,1,2,0,2,1,2,1,0,1,0,1,1,2,2,2,0,2,1,1,2,1,1,1,1.49411666666667,0.83,0.84,0.84,0.16,0.74,0.81,0.37,0.71,0.31,0.81,0.67,0.82,0.36,0.8,0.81,0.64,0.87,0.29,0.62,0.74,0.61,0.03,0.73,0.6,0.948251666665077
"S215",2024-02-05 17:32:18,15.6782666666667,"firefox 122.0.0","true","Android OS",980,1874,"Male","33","Chinese ","Singaporeans","33","Bachelor or equivalent","Yes","Nursing ","Native","Relatively experienced (I used it a few times)",0.65,0.21,0.68,0.73,0.27,0.75,0.28,0.4,0.31,0.78,0.65,0.73,0.74,0.29,0.5206,1,0,3,2,1,0,1,2,2,1,1,1,2,1,1,1,2,1,2,1,1,0,0,2,1,1.67368333333333,0.19,0.73,0.26,0.68,0.27,0.69,0.81,0.86,0.93,0.9,0.22,0.84,0.9,0.15,0.89,0.15,0.77,0.11,0.21,0.84,0.85,0.86,0.16,0.09,0.806433333333333
"S069",2024-02-05 15:40:30,14.4726,"ios 17.2.0","true","iOS",980,1675,"Female","22","Chinese","Chinese","5","University (master) <sub><sup>or equivalent</sup></sub>","Yes","Computer science","Fluent (academic)","Highly experienced (I use it a lot)",0.39,0.6,0.61,0.38,0.36,0.37,0.36,0.62,0.62,0.59,0.64,0.62,0.37,0.63,0.4245,1,1,0,2,1,2,2,1,2,2,1,2,1,1,2,1,1,1,1,2,1,2,2,2,2,0.54605,0.43,0.41,0.59,0.67,0.33,0.36,0.45,0.43,0.6,0.61,0.58,0.39,0.37,0.73,0.57,0.41,0.71,0.4,0.2,0.79,0.76,0.08,0.86,0.14,2.1736
"S039",2024-02-05 15:34:48,15.6487666666667,"ios 16.6.0","true","iOS",980,1722,"Female","22","Chinese","Singaporean","22","High school or equivalent (A-levels, Diploma, etc.)","Yes","Business","Native","Experienced (I use it often)",0.82,0.56,0.61,0.69,0.56,0.34,0.41,0.64,0.69,0.57,0.71,0.72,0.57,0.65,0.513333333333333,2,1,1,1,1,1,2,1,1,1,1,1,1,1,1,2,1,2,1,1,2,1,2,2,1,1.19526666666667,0.87,0.6,0.9,0.58,0.73,0.37,0.63,0.32,0.62,0.6,0.4,0.59,0.54,0.62,0.7,0.59,0.38,0.74,0.6,0.53,0.37,0.71,0.67,0.39,0.9692
"S460",2024-02-16 20:09:49,44.0273333333333,"chrome 115.0.0","false","Mac OS",1440,706,"Female","42","Chinese","Singaporean","14","Bachelor or equivalent","No","Computer Accountancy","Fluent (academic)","Experienced (I use it often)",0.68,0.62,0.66,0.65,0.61,0.55,0.61,0.67,0.73,0.57,0.79,0.7,0.54,0.59,1.2500350000004,1,1,2,2,0,0,1,1,1,1,0,1,1,1,1,0,1,1,1,0,1,1,1,1,1,2.50776666666667,0.47,0.54,0.55,0.5,0.46,0.46,0.5,0.5,0.54,0.48,0.49,0.5,0.55,0.55,0.55,0.46,0.56,0.46,0.57,0.5,0.57,0.47,0.47,0.47,3.2901850000004
"S138",2024-02-05 16:09:41,23.75695,"samsung 23.0.0","true","Android OS",980,1878,"Male","23","Chinese","Singaporean","23","High school or equivalent (A-levels, Diploma, etc.)","Yes","Sci","Fluent (conversational)","Little experience (I tried it)",0.54,0.65,0.71,0.72,0.8,0.71,0.59,0.44,0.64,0.73,0.24,0.89,0.9,0.76,0.583675,2,0,1,0,2,1,1,3,2,2,2,1,2,2,2,0,0,2,1,2,2,3,2,1,1,0.92675,0.39,0.6,0.71,0.35,0.69,0.41,0.64,0.66,0.36,0.6,0.38,0.62,0.37,0.37,0.37,0.81,0.39,0.04,0.91,0.42,0.66,0.44,0.48,0.37,0.633338333333334
"S385",2024-02-06 08:46:44,516.692116666667,"chrome 121.0.0","true","Android OS",980,1853,"Female","31","Indian","Singaporean","31","Bachelor or equivalent","No","Social Work","Native","Relatively experienced (I used it a few times)",0.66,0.63,0.63,0.68,0.67,0.24,0.62,0.76,0.57,0.38,0.27,0.56,0.66,0.31,1.17078833333254,3,1,1,0,0,1,1,0,0,0,1,1,1,0,1,1,0,2,0,0,0,2,3,1,1,1.9603,0.24,0.9,0.58,0.27,0.54,0.38,0.69,0.34,0.65,0.59,0.32,0.45,0.41,0.74,0.77,0.71,0.57,0.34,0.77,0.27,0.4,0.36,0.32,0.29,1.22496833333373
"S358",2024-02-05 22:39:58,48.0302833333333,"chrome 121.0.0","false","Windows 10",1920,945,"Male","24","Chinese ","Singaporean","24","High school or equivalent (A-levels, Diploma, etc.)","Yes","Materials Engineering","Fluent (academic)","Experienced (I use it often)",0.67,0.7,0.67,0.31,0.76,0.74,0.82,1,1,0.21,0.81,0.73,0.83,0.3,0.723246666665872,1,1,1,1,0,2,0,2,2,0,1,2,2,0,0,2,2,3,1,1,0,1,1,1,0,1.68068333333333,0.26,0.81,0.71,0.57,0.78,0.32,0.66,0.18,0.64,0.37,0.68,0.59,0.32,0.73,0.39,0.38,0.35,0.25,0.72,0.19,0.26,0.66,0.18,0.17,1.10047333333294
"S267",2024-02-05 18:38:41,47.31315,"ios 17.1.1","true","iOS",980,1661,"Female","27","Chinese","Singaporean","27","Bachelor or equivalent","No","Psychology","Native","Experienced (I use it often)",0.85,0.81,0.78,0.63,0.51,0.28,0.75,0.88,0.59,0.72,0.79,0.94,0.35,0.22,1.85996666666667,2,1,1,2,0,1,1,1,1,0,0,1,0,1,1,0,1,1,0,0,1,0,1,1,1,2.95965,0.39,0.91,0.22,0.1,0.83,0.27,0.8,0.3,0.2,0.86,0.1,0.79,0.2,0.85,0.74,0.09,0.79,0.79,0.67,0.15,0.29,0.54,0.62,0.71,1.43253333333333
"S461",2024-02-17 00:27:39,36.8415,"chrome 98.0.4758","true","Android OS",980,1631,"Male","52","Chinese","Singaporean","52","Bachelor or equivalent","No","Electrical Engineering","Native","Experienced (I use it often)",0.67,0.39,0.67,0.65,0.68,0.37,0.67,0.64,0.65,0.33,0.73,0.64,0.66,0.68,0.639123333333433,0,0,2,2,2,1,0,2,1,1,1,1,1,0,0,1,1,1,1,0,1,1,0,0,1,11.3685833333333,0.26,0.31,0.34,0.26,0.17,0.76,0.1,0.68,0.69,0.79,0.28,0.19,0.19,0.34,0.66,0.96,0.09,0.32,0.85,0.31,0.78,0.31,0.25,0.32,2.43156333333328
"S268",2024-02-05 18:40:12,19.8718,"safari 17.2.1","false","Mac OS",1324,754,"Male","21","Indian","Singaporean","16","High school or equivalent (A-levels, Diploma, etc.)","Yes","Medicine","Fluent (academic)","Relatively experienced (I used it a few times)",0.55,0.4,0.61,0.66,0.79,0.42,0.57,0.73,0.74,0.57,0.6,0.8,0.64,0.37,0.520133333333333,2,1,1,1,0,0,1,1,1,0,1,2,2,1,1,2,1,2,0,1,0,1,1,0,1,1.18018333333333,0.22,0.79,0.37,0.25,0.76,0.3,0.66,0.35,0.45,0.7,0.41,0.28,0.62,0.71,0.79,0.22,0.42,0.56,0.8,0.27,0.73,0.39,0.24,0.28,0.918316666666669
"S531",2024-10-29 08:59:16,130.08845,"edge-chromium 130.0.0","false","Windows 10",1912,956,"Male","22","Chinese","Singaporean","22","High school or equivalent (A-levels, Diploma, etc.)","Yes","Engineering","Native","Relatively experienced (I used it a few times)",0.79,0.93,0.93,0.55,0.68,0.74,0.91,0.66,0.23,0.63,0.32,0.86,1,0.78,1.37439333333174,1,0,0,0,0,0,1,0,1,0,0,0,0,0,0,0,0,2,0,0,2,0,1,0,0,1.99165,0.1,0.86,0.79,0.06,0.45,0.03,0.29,0.14,0.57,0.85,0.44,0.25,0.58,0.94,0.92,0.46,0.85,0.09,0.54,0.29,0.06,0.38,0.01,0.04,1.3109
"S416",2024-02-06 12:03:47,27.4780833333333,"chrome 120.0.0","false","Windows 10",1366,607,"Male","29","Chinese","Singaporean","29","Bachelor or equivalent","No","Social Sciences (Psychology)","Native","Little experience (I tried it)",0.26,1,1,0.32,0.56,1,0.21,0.82,0.28,0.74,1,0.61,1,0.86,0.665191666666667,2,3,0,1,0,0,0,1,1,0,1,0,0,0,0,2,0,3,0,0,0,1,2,0,1,1.19008333333333,0,0.73,0.74,0.58,0.75,0.37,1,0.33,0.14,0.8,0.1,0.55,0.32,0.57,0,1,0.19,0,1,0.55,0.19,0,0,0,0.683546666666617
"S042",2024-02-05 15:35:06,20.6348333333333,"chrome 121.0.0","false","Mac OS",1440,725,"Female","23","chinese","singaporean","22","Bachelor or equivalent","No","business management ","Native","Experienced (I use it often)",0.94,1,0.82,0.81,0.63,0.84,0.81,0.46,0.31,0.8,0.8,0.73,0.13,0.64,0.658756666666665,1,2,1,1,0,0,0,1,1,0,0,1,1,1,2,1,0,2,1,0,2,1,3,1,1,0.8579,0,0.94,0.42,0.64,0.61,0.33,0.38,0.39,0.34,0.5,0.35,0.63,0.37,0.64,0.39,0.68,0.37,0.32,0.65,0.27,0.28,0.65,0.27,0,0.810314999999998
"S427",2024-02-06 13:41:51,98.95185,"chrome 121.0.0","false","Mac OS",1166,666,"Female","36","Chinese","Singaporean","36","Bachelor or equivalent","No","Communications","Native","Experienced (I use it often)",0.7,0.76,0.69,0.45,0.43,0.15,0.59,0.6,0.5,0.19,0.27,0.81,1,0.53,1.22451499999762,0,3,1,2,1,1,1,1,1,1,1,1,1,1,1,2,1,3,0,0,1,2,2,1,2,1.72468333333333,0.37,0.37,0.35,0.56,0.66,0.37,0.66,0.61,0.58,0.62,0.6,0.74,0.6,0.41,0.41,0.55,0.41,0.02,0.66,0.44,0.37,0.38,0.41,0.33,0.859825
"S244",2024-02-05 18:08:24,23.4681333333333,"edge-chromium 121.0.0","false","Windows 10",1272,564,"Male","25","Chinese","Singaporean","25","Bachelor or equivalent","Yes","Business","Native","Relatively experienced (I used it a few times)",0.79,0.69,0.8,0.69,0.74,0.7,0.9,0.82,0.81,0.79,0.98,0.73,0.82,0.87,0.558151666666567,1,0,0,1,1,1,1,2,1,2,1,2,0,1,0,1,1,1,0,1,1,1,1,1,1,1.19011666666667,0.81,0.8,0.79,0.59,0.76,0.82,0.33,0.65,0.33,0.72,0.36,0.75,0.3,0.75,0.72,0.43,0.43,0.25,0.32,0.64,0.33,0.39,0.75,0.28,1.08745833333333
"S143",2024-02-05 16:11:47,37.7807666666667,"chrome 117.0.0","true","Android OS",980,1846,"Female","21","Chinese","Singaporean","21","High school or equivalent (A-levels, Diploma, etc.)","Yes","Nursing","Native","Experienced (I use it often)",0.86,0.76,0.69,0.7,0.82,0.6,0.35,0.83,0.74,0.58,0.78,0.72,0.61,0.89,1.00022166666637,3,3,1,3,1,1,1,1,3,1,1,2,1,2,1,1,0,3,0,1,3,1,3,3,1,2.87631666666667,0.31,0.78,0.9,0.97,0.63,0.37,0.77,0.64,0.77,0.97,0.22,0.6,0.62,0.32,0.58,0.82,0.37,0.18,0.32,0.21,0.23,0.03,0.4,0.61,1.44345333333363
"S099",2024-02-05 15:50:53,42.2507333333333,"chrome 121.0.0","false","Windows 10",1536,730,"Female","21","Chinese","Singaporean","21","High school or equivalent (A-levels, Diploma, etc.)","Yes","Computer Science","Native","Relatively experienced (I used it a few times)",0.2,1,0.66,0.13,0.76,1,0.36,0.82,0.66,0.32,0.73,0.19,0.39,0.39,1.05223833333254,0,2,1,2,0,0,2,0,1,0,2,0,2,1,3,3,1,2,1,0,0,0,2,1,1,1.6173,0.09,0.82,0.36,0.64,0.64,0.16,0.38,0.64,0.71,0.9,0.34,0.06,0.68,0.79,0.11,0.73,0.28,0,1,0.65,0.4,0.3,0,0,1.39581833333174
"S120",2024-02-05 16:01:05,30.5597166666667,"safari 16.1.0","false","Mac OS",1180,752,"Female","23","Chinese","Singapore","23","Bachelor or equivalent","Yes","Chemistry","Native","Experienced (I use it often)",0.64,0.34,0.7,0.67,0.62,0.33,0.37,0.6,0.6,0.35,0.64,0.68,0.41,0.37,0.75545,1,2,1,1,0,1,1,1,2,2,1,1,1,1,1,1,1,1,1,2,1,2,2,2,1,1.68841666666667,0.23,0.63,0.36,0.57,0.36,0.39,0.71,0.31,0.66,0.63,0.64,0.66,0.69,0.4,0.64,0.38,0.31,0.36,0.68,0.37,0.72,0.31,0.16,0.66,0.950666666666663
"S101",2024-02-05 15:54:32,45.4139333333333,"ios 17.2.0","true","iOS",980,1690,"Female","24","Chinese","Singaporean","24","Bachelor or equivalent","No","Economics","Native","Highly experienced (I use it a lot)",0.64,0.67,0.65,0.64,0.64,0.77,0.68,0.68,0.67,0.65,0.67,0.71,0.7,0.64,0.28815,2,2,0,2,2,2,2,2,2,2,2,2,2,2,2,2,2,2,2,2,2,2,2,2,2,1.0256,0.14,0.72,0.71,0.72,0.71,0.72,0.71,0.79,0.78,0.76,0.17,0.82,0.15,0.81,0.25,0.82,0.28,0.14,0.83,0.7,0.74,0.09,0.13,0.2,0.730466666666667
"S297",2024-02-05 19:21:46,85.6184833333333,"firefox 122.0.0","false","Windows 10",1920,919,"Female","22","Chinese","Malaysian","2","Bachelor or equivalent","No","Chemical Engineering","Native","No experience (but I heard about it)",0.8,0.82,1,0.38,0.65,0.7,0.41,1,0.75,0.16,0.84,0.55,0.22,0.44,0.912816666666667,1,2,1,0,1,2,1,1,0,0,2,0,0,1,0,0,1,0,0,2,1,0,3,0,1,1.03491666666667,0.71,0.89,0.48,0.56,0.49,0.78,0.2,0,0.82,0.43,0.55,1,0.81,0.94,0.58,0.78,0.48,0,0.27,0.16,0.89,0.06,0.74,0.05,2.93735
"S159",2024-02-05 16:21:26,21.4133666666667,"ios 17.2.0","true","iOS",980,1661,"Female","23","Chinese","Singaporean","23","High school or equivalent (A-levels, Diploma, etc.)","Yes","Biology","Native","Experienced (I use it often)",0.63,0.4,0.61,0.61,0.63,0.33,0.6,0.56,0.35,0.74,0.41,0.67,0.73,0.39,1.0756,3,2,1,0,0,1,0,1,1,0,1,0,1,1,2,1,0,3,0,1,1,2,1,0,1,1.5932,0.23,0.83,0.6,0.3,0.37,0.33,0.4,0.27,0.94,0.84,0.37,0.67,0.32,0.68,0.38,0.51,0.4,0.37,0.67,0.33,0.73,0.63,0.16,0.51,1.05308333333334
"S269",2024-02-05 18:40:36,29.6831666666667,"chrome 121.0.0","true","Android OS",980,1810,"Female","36","Chinese","Singaporean ","36","University (doctorate)","No","Life Sciences","Fluent (academic)","Relatively experienced (I used it a few times)",0.63,0.77,0.74,0,0.75,0.77,0.75,0.78,0.77,0.68,0.69,0.71,0.61,0.25,1.22312833333413,3,1,1,0,0,0,1,1,1,0,1,1,1,0,1,1,1,3,1,1,0,2,1,1,2,1.4209,0,1,0.71,0.73,0.74,0.6,1,0.65,0.66,0.72,0.39,1,0,1,0,0.65,0,0,1,0.73,0.18,0.4,0,0.59,1.5187600000004
"S113",2024-02-05 16:00:21,22.6928833333333,"chrome 121.0.0","false","Mac OS",1440,779,"Female","21","Chinese","Singaporean","21","High school or equivalent (A-levels, Diploma, etc.)","Yes","Biological Sciences","Native","Relatively experienced (I used it a few times)",0.47,0.54,0.63,0.45,0.74,0.57,0.42,0.76,0.47,0.8,0.7,0.73,0.4,0.22,0.910411666666468,2,2,1,3,0,2,1,1,3,3,2,3,1,2,1,3,1,3,1,0,0,3,3,3,2,1.49275,0.39,0.89,0.74,0.94,0.87,0.19,0.76,0.24,0.68,0.68,0.19,0.57,0.15,0.8,0.16,0.87,0.13,0.17,0.68,0.46,0.47,0.63,0.19,0.46,0.987606666666766
"S498",2024-09-17 09:27:54,120.94945,"edge-chromium 128.0.0","false","Windows 10",1912,956,"Female","21","Chinese","Chinese","5","High school or equivalent (A-levels, Diploma, etc.)","Yes","DSAI","Fluent (academic)","Experienced (I use it often)",0.6,0.7,0.42,0.62,0.41,0.51,0.4,0.45,0.47,0.32,0.35,0.72,0.62,0.56,1.83892999999921,1,2,0,2,0,1,1,1,0,0,1,0,0,2,2,1,0,0,0,0,1,1,3,2,1,2.96406666666667,0.22,0.67,0.4,0.68,0.71,0.38,0.43,0.25,0.22,0.84,0.32,0.5,0.44,0.64,0.45,0.46,0.41,0.22,0.45,0.38,0.36,0.15,0.14,0.38,2.24519333333373
"S157",2024-02-05 16:19:47,28.4644833333333,"ios 17.2.0","true","iOS",980,1700,"Male","28","Indian","Singaporean ","28","Bachelor or equivalent","No","Mechanical Engineering ","Fluent (academic)","Relatively experienced (I used it a few times)",0.7,0.57,0.66,0.56,0.72,0.63,0.46,0.79,0.67,0.6,0.42,0.82,0.75,0.42,1.10565,0,1,1,2,0,1,1,1,1,0,0,1,1,1,0,0,0,1,0,1,1,1,1,1,0,2.19685,0.6,0.81,0.71,0.3,0.58,0.63,0.42,0.42,0.28,0.78,0.39,0.64,0.35,0.74,0.71,0.3,0.69,0.23,0.72,0.37,0.32,0.65,0.71,0.59,1.02205
"S302",2024-02-05 19:29:13,67.2730666666667,"ios 17.3.0","true","iOS",980,1684,"Female","26","Chinese","Singapore ","26","Bachelor or equivalent","No","Economics ","Fluent (academic)","Relatively experienced (I used it a few times)",0.62,0.71,0.73,0.69,0.64,0.62,0.76,0.75,0.63,0.66,0.72,0.61,0.74,0.26,0.78175,1,1,1,1,1,1,0,2,1,0,1,1,1,1,1,1,1,2,1,1,1,1,1,1,1,1.84426666666667,0.21,0.6,0.62,0.28,0.68,0.28,0.7,0.74,0.8,0.83,0.18,0.22,0.28,0.71,0.8,0.32,0.29,0.24,0.59,0.69,0.59,0.22,0.33,0.15,4.86536666666667
"S006",2024-02-04 17:27:29,24.3457166666667,"chrome 121.0.0","false","Windows 10",1280,551,"Male","28","Chinese","Singaporean","28","Bachelor or equivalent","No","Communications","Native","Relatively experienced (I used it a few times)",0.37,0.64,0.59,0.65,0.77,0.82,0.58,0.71,0.61,0.35,0.26,0.79,0.81,0.69,0.693271666669846,2,1,2,2,0,0,2,0,2,0,0,1,1,1,0,0,2,1,2,0,2,2,0,0,1,1.09756666666667,0.22,0.83,0.19,0.13,0.74,0.19,0.42,0.21,0.19,0.23,0.68,0.21,0.22,0.7,0.72,0.15,0.66,0.14,0.68,0.15,0.18,0.8,0.16,0.11,0.848813333332539
"S505",2024-09-26 08:44:36,167.857766666667,"edge-chromium 129.0.0","false","Windows 10",1912,956,"Female","22","Chinese","Singaporean","22","High school or equivalent (A-levels, Diploma, etc.)","Yes","Social Science","Native","Relatively experienced (I used it a few times)",0.58,0.29,0.57,0.6,0.59,0.45,0.47,0.54,0.42,0.63,0.55,0.63,0.54,0.39,1.21678333333333,1,0,0,2,0,0,1,1,1,1,1,1,1,1,0,1,1,1,0,0,0,1,1,2,2,1.98481666666667,0.53,0.64,0.73,0.36,0.39,0.2,0.57,0.55,0.52,0.58,0.42,0.56,0.42,0.58,0.63,0.25,0.32,0.39,0.54,0.57,0.57,0.16,0.3,0.36,4.09818166666677
"S335",2024-02-05 21:39:16,50.4671166666667,"chrome 121.0.0","true","Android OS",980,1810,"Female","24","Chinese","Singaporean","19","Bachelor or equivalent","No","Biomedical Science","Native","Relatively experienced (I used it a few times)",1,0.62,0.83,0.81,0.34,0.28,0.67,0.73,0.25,0.25,0.84,1,0.61,0.61,1.75905166666508,1,2,2,0,1,1,0,1,1,0,1,1,1,1,0,0,0,2,0,1,2,1,1,1,0,2.56085,0,0.71,0.57,0.32,0.6,0,0.35,0.35,0.27,0.58,0.24,0.34,0.4,0.69,0.56,0.36,0.33,0.1,0.59,0.58,0.45,0.44,0.06,0.05,1.96093833333254
"S484",2024-09-03 09:31:37,138.863033333333,"edge-chromium 128.0.0","false","Windows 10",1912,956,"Female","22","Chinese","Singaporean","11","High school or equivalent (A-levels, Diploma, etc.)","Yes","Engineering","Native","Experienced (I use it often)",1,0.53,0.63,0.95,0.57,0.55,0.43,0.7,0.44,0.4,0.23,1,0.36,0.85,2.18587333333294,1,0,2,1,1,1,0,0,2,0,0,2,1,0,0,0,0,0,1,1,0,0,1,0,1,3.66711666666667,0,0.75,0.27,0.1,0.94,0.39,0.86,0.09,0.2,0.61,0.33,0.54,0.13,0.74,0.96,0.36,0.66,0.4,0.83,0.24,0.14,0.26,0,0.61,1.8974649999996
"S081",2024-02-05 15:45:00,110.6925,"ios 17.2.0","true","iOS",980,1684,"Female","33","Chinese","Singaporean","33","Bachelor or equivalent","No","Mathematical Sciences","Native","Little experience (I tried it)",0.61,0.75,0.79,0.51,0.6,0.76,0.51,0.79,0.76,0.76,0.65,0.77,0.58,0.5,6.27176666666667,2,2,1,2,2,2,1,2,1,1,2,1,2,1,1,2,1,2,0,1,2,2,2,1,2,4.36545,0.23,0.61,0.78,0.76,0.59,0.77,0.77,0.5,0.34,0.73,0.02,0.71,0.5,0.6,0.27,0.68,0.27,0.69,0.38,0.5,0.37,0.1,0.28,0.69,2.19788333333333
"S497",2024-09-16 09:04:57,132.13735,"edge-chromium 128.0.0","false","Windows 10",1912,956,"Female","30","Chinese","Singaporean","18","University (doctorate)","No","Neuroscience","Native","Relatively experienced (I used it a few times)",0.61,0.34,0.46,0.36,0.43,0.42,0.57,0.56,0.56,0.38,0.35,0.58,0.57,0.56,2.47628833333353,1,1,0,1,0,1,1,0,1,0,1,1,2,2,1,1,0,1,1,0,1,1,1,0,1,1.6872,0.52,0.87,0.72,0.18,0.36,0.36,0.34,0.2,0.18,0.71,0.3,0.32,0.35,0.74,0.56,0.38,0.62,0.19,0.37,0.21,0.25,0.38,0.6,0.45,1.5598800000002
"S240",2024-02-05 18:00:26,30.2590833333333,"chrome 121.0.0","false","Mac OS",1440,713,"Male","28","Chinese","Singaporean","28","Bachelor or equivalent","No","Computer Science","Native","Experienced (I use it often)",0.86,0.3,0.73,0.74,0.97,0.64,0.23,0.82,0.82,0.32,0.73,0.85,0.26,0.74,0.57605,1,0,1,1,0,0,1,2,2,0,1,2,2,1,0,2,0,2,0,1,0,2,2,1,2,2.30583333333333,0,0.95,1,0.82,0.8,0.56,1,1,0.25,0.23,0.63,1,0.21,0.68,0.56,0.37,0.13,0.15,0.66,0.73,0.21,0.23,0,0.51,0.960816666666667
"S171",2024-02-05 16:37:20,57.4878833333333,"chrome 121.0.0","true","Android OS",980,1847,"Female","21","chinese","Singaporean ","21","High school or equivalent (A-levels, Diploma, etc.)","Yes","computer science","Native","No experience (but I heard about it)",0,1,0.59,0,0.58,0.78,0.55,0.77,0.5,0.27,0.56,0.3,0.59,0.55,1.89407333333318,2,3,1,3,0,0,1,0,3,1,0,2,1,2,3,3,1,3,2,0,3,2,2,3,1,2.12336666666667,0,0.84,0,0.27,0.45,0.56,1,0.27,0.4,1,0.79,0.55,0.36,0.69,0.13,0.94,0,0.62,0.95,0.48,0.31,0.92,0,0,3.44531833333323
"S424",2024-02-06 12:59:08,31.8662666666667,"chrome 118.0.0","false","Windows 10",724,603,"Female","35","Chinese","SC","19 years","Bachelor or equivalent","No","science","Fluent (academic)","Relatively experienced (I used it a few times)",0.61,0.55,0.65,0.68,0.63,0.68,0.33,0.64,0.56,0.68,0.56,0.56,0.65,0.3,0.348594999998808,2,3,2,1,1,1,2,2,2,1,2,2,2,3,2,3,0,3,1,0,0,3,3,2,3,0.673083333333333,0,0.37,0.4,1,0.61,0,1,1,0.35,0.65,0.69,0.27,0.74,0.19,0,1,0,0.38,1,0.76,0.22,0.6,0,0,0.68715
"S366",2024-02-05 23:11:28,15.4175333333333,"chrome 121.0.0","false","Windows 10",1280,585,"Male","29","chinese","singaporean","29","Bachelor or equivalent","No","accountancy","Native","Experienced (I use it often)",0.81,0.8,0.72,0.68,0.74,0.75,0.8,0.82,0.86,0.75,0.88,0.72,0.84,0.72,0.487520000000795,2,2,2,2,2,2,2,2,2,2,2,2,2,2,2,2,2,2,2,2,2,2,2,2,2,0.715,0.73,0.72,0.65,0.66,0.61,0.61,0.61,0.39,0.4,0.45,0.44,0.68,0.33,0.66,0.42,0.73,0.44,0.44,0.45,0.44,0.43,0.42,0.44,0.44,0.826011666667461
"S058",2024-02-05 15:38:58,21.7282833333333,"chrome 121.0.0","false","Windows 10",1280,665,"Female","23","chinese","Singaporean","23","High school or equivalent (A-levels, Diploma, etc.)","Yes","dietetics and nutrition","Native","Experienced (I use it often)",0.56,0.62,0.61,0.59,0.63,0.59,0.11,0.59,0.63,0.67,0.57,0.59,0.57,0.19,0.449608333333333,1,2,0,1,0,1,0,1,1,2,0,1,1,0,1,0,1,3,0,1,0,1,2,1,2,0.9563,0.14,0.74,0.73,0.64,0.73,0.14,0.57,0.31,0.54,0.69,0.15,0.44,0.41,0.7,0.31,0.68,0.39,0.44,0.55,0.41,0.6,0.39,0.41,0.47,0.856276666669051
"S372",2024-02-05 23:44:33,18.4521,"samsung 23.0.0","true","Android OS",980,1809,"Male","32","Chinese","Singaporean","32","Secondary school up to 16 years","No","Computer","Native","No experience (but I heard about it)",0.79,0.79,0.76,1,0.99,0.83,1,0.81,0.69,0.81,0.76,1,0.7,0.72,0.424171666666865,0,0,0,0,0,0,1,0,1,0,0,0,1,1,0,0,0,0,0,0,0,1,1,0,0,1.43415,1,1,1,0.13,1,1,0.01,1,0.01,0,0,1,0,0.99,0.99,1,1,1,0.99,0.96,0.67,0.93,1,0.82,1.45677666666706
"S338",2024-02-05 21:46:08,16.1459833333333,"chrome 121.0.0","false","Mac OS",1920,934,"Male","24","Chinese","Singaporean","24","Bachelor or equivalent","Yes","Business","Native","Experienced (I use it often)",0.68,0.65,0.76,0.69,0.71,0.64,0.3,0.7,0.74,0.66,0.67,0.66,0.31,0.26,0.637811666666965,0,1,0,0,2,1,1,1,1,0,1,1,1,1,1,1,0,0,0,1,1,1,0,1,2,1.2487,0.17,0.72,0.69,0.22,0.28,0.25,0.6,0.39,0.4,0.66,0.3,0.29,0.33,0.69,0.68,0.27,0.66,0.35,0.64,0.37,0.37,0.36,0.4,0.6,0.864976666666567
"S405",2024-02-06 11:14:45,118.9158,"safari 17.3.0","false","Mac OS",1229,761,"Male","24","Chinese","Singaporean","24","High school or equivalent (A-levels, Diploma, etc.)","Yes","Accountancy","Fluent (academic)","Experienced (I use it often)",0.2,0.41,0.32,0.77,0.76,0.63,0.64,0.5,0.32,0.82,0.63,0.59,0.25,0.66,0.978866666666667,1,2,0,2,0,1,0,0,2,0,0,0,2,1,0,2,2,0,0,0,0,0,2,0,0,1.3936,0.68,0.75,0.4,0.25,0.68,0,0.3,0.14,0.63,0.84,0.12,0.06,0.11,0.72,0.42,0.63,0.57,0.59,0.07,0.23,0.59,0.23,0.56,0,0.980699999999984
"S413",2024-02-06 11:48:27,21.69705,"crios 121.0.6167","true","iOS",980,1681,"Female","24","Chinese","Singaporean","24","Bachelor or equivalent","Yes","Business","Native","Highly experienced (I use it a lot)",0.65,0.58,0.61,0.66,0.61,0.61,0.64,0.63,0.59,0.64,0.62,0.59,0.6,0.63,0.656266666666669,2,2,1,2,2,1,2,1,2,1,1,2,2,1,1,2,2,3,2,2,1,2,2,2,2,1.375,0.42,0.72,0.58,0.54,0.63,0.37,0.42,0.42,0.46,0.43,0.42,0.59,0.6,0.64,0.59,0.43,0.78,0.57,0.41,0.58,0.57,0.57,0.61,0.59,0.968966666666667
"S469",2024-02-17 21:59:37,58.2920333333333,"chrome 120.0.0","false","Mac OS",1415,699,"Female","38","Chinese","Singapore Citizen","38","Bachelor or equivalent","No","Mass Communication","Native","Relatively experienced (I used it a few times)",0.89,0.63,0.79,0.7,0.68,0.69,0.55,0.93,0.43,0.58,0.54,0.62,0.46,0.58,4.6893300000002,1,1,2,1,1,1,0,1,3,0,1,2,0,1,2,2,1,3,1,2,1,2,0,1,3,2.60085,0.38,0.43,0.34,0.48,0.84,0.49,0.64,0.66,0.25,0.66,0.55,0.51,0.03,0.44,0.44,0.39,0.3,0.04,0.62,0.52,0,0.64,0.63,0.09,1.26517666666607
"S008",2024-02-04 23:31:23,20.2590166666667,"chrome 121.0.0","false","Windows 10",1536,695,"Female","27","Chinese","Singaporean","27","Bachelor or equivalent","Yes","Linguistis","Native","Experienced (I use it often)",0.71,0.93,0.2,0.17,0.8,0.76,0.14,0.73,0.23,0.08,0.18,0.75,0.85,0.1,0.745968333332737,1,1,1,1,0,0,0,0,0,0,0,2,0,1,1,2,0,1,0,0,0,0,0,1,1,1.05858333333333,0.11,0.67,0.64,0.03,0.59,0.11,0.47,0.22,0.14,0.32,0.59,0.08,0.3,0.34,0.86,0.23,0.65,0.05,0.68,0.34,0.17,0.69,0.32,0,0.740056666666269
"S369",2024-02-05 23:28:09,34.80535,"chrome 121.0.0","false","Windows 10",1536,695,"Female","21","Chinese","Singaporean","21","High school or equivalent (A-levels, Diploma, etc.)","Yes","Biomedical Science","Native","Highly experienced (I use it a lot)",0.2,0.66,0.31,0.39,0.38,0.57,0.64,0.57,0.37,0.62,0.93,0.57,0.06,0.66,1.06760833333333,2,1,1,2,1,1,0,1,2,2,1,1,1,0,0,1,0,1,1,1,2,1,1,1,2,1.69008333333333,0,0.67,0.39,0.35,0.8,0.37,0.68,0.62,1,0.43,0.77,0.58,0.19,0.64,1,0.33,0.4,0,1,0.6,1,0.26,0.27,0.65,1.15218999999762
"S085",2024-02-05 15:46:17,17.8193166666667,"chrome 121.0.0","false","Windows 10",1280,551,"Female","21","indian","singaporean","18","High school or equivalent (A-levels, Diploma, etc.)","Yes","Psychology","Fluent (academic)","Experienced (I use it often)",0.61,0.81,0.71,0.61,0.77,0.56,0.36,0.67,0.63,0.62,0.6,0.6,0.65,0.24,0.578786666667461,2,2,1,0,2,2,1,1,2,1,1,2,2,2,2,2,1,2,1,2,2,1,2,2,2,0.8093,0.33,0.55,0.77,0.68,0.65,0.37,0.44,0.44,0.4,0.74,0.36,0.6,0.33,0.39,0.38,0.7,0.27,0.85,0.41,0.56,0.55,0.22,0.79,0.79,0.727588333336512
"S464",2024-02-17 10:16:30,22.2330833333333,"chrome 121.0.0","true","Android OS",980,1876,"Female","26","Chinese","Singaporean","26","Bachelor or equivalent","No","Psychology and Linguistics ","Native","Relatively experienced (I used it a few times)",0.73,0.64,0.88,0.71,0.67,0.52,0.42,0.75,0.73,0.54,0.46,0.71,0.6,0.62,0.618576666673025,2,1,1,0,0,1,0,0,1,0,0,0,1,1,0,2,0,2,1,1,2,0,2,1,0,1.00701666666667,0.36,1,0.38,0.29,0.79,0.12,0.75,0.23,0.35,0.73,0.64,0.38,0.28,1,0.7,0.28,0.58,0,0.75,0,0.84,0.36,0.25,0,0.682910000006358
"S494",2024-09-12 09:21:31,162.880033333333,"edge-chromium 128.0.0","false","Windows 10",1912,956,"Female","21","Chinese","Singaporean ","21","High school or equivalent (A-levels, Diploma, etc.)","Yes","sociology","Native","Experienced (I use it often)",0.76,0.97,0.82,0.57,0.42,0.73,0.47,0.34,0.19,0.81,0.84,0.91,0.56,0.67,1.50650833333333,1,1,1,1,0,1,1,0,3,0,1,3,0,0,3,2,2,2,2,2,3,0,2,1,3,2.327,0.22,0.44,0.37,0.74,0.78,0.21,0.55,0.45,0.31,0.14,0.77,0.82,0.44,0.85,0.6,0.26,0.18,0.79,0.85,0.27,0.14,0.6,0.1,0.4,1.68303166666677
"S421",2024-02-06 12:47:40,104.036016666667,"chrome 121.0.0","false","Windows 10",1280,559,"Female","24","Chinese","Indonesia","6","Bachelor or equivalent","No","Computer Science","Fluent (academic)","Experienced (I use it often)",1,0.34,0.64,0.74,0,0.4,0.67,0.33,0.71,0.64,0.59,1,0.6,0.66,0.984171666666617,3,0,0,2,0,1,0,0,2,1,0,2,1,2,2,0,0,1,0,0,2,2,1,2,1,2.25698333333333,0.22,0.31,0.35,0.59,0.67,0.43,1,0.43,0.64,0.85,0.39,0.41,0.19,0.43,0.57,0.46,0.43,0,0.6,0.4,0.59,0.28,0.22,0,2.16022000000005
"S288",2024-02-05 18:58:50,51.4343166666667,"ios 16.6.0","true","iOS",980,1450,"Female","38","Chinese ","Singaporean ","38","Secondary school up to 16 years","No","Non","Intermediate","Little experience (I tried it)",0.19,0.81,0.96,0.74,0.86,0.96,0.62,0.92,1,0.31,1,0.17,0.78,0.2,1.7938,0,1,1,2,0,0,0,1,2,0,3,1,1,2,2,2,1,1,1,0,0,2,2,1,3,3.45143333333333,0.02,0.77,0.4,0.79,0.81,0.26,0.95,0.45,0.45,0.75,0.42,0.23,0.28,0.85,0.4,0.77,0.34,0.14,0.75,0.75,0.41,0.98,0.18,0.1,2.10075
"S492",2024-09-11 09:10:10,146.38675,"edge-chromium 128.0.0","false","Windows 10",1912,956,"Female","21","CHINESE","CHINESE","4","High school or equivalent (A-levels, Diploma, etc.)","Yes","ECONOMICS","Fluent (academic)","Experienced (I use it often)",0.56,0.75,0.43,0.16,0.57,0.61,0.78,0.78,0.45,0.33,0.73,0.63,0.55,0.43,2.42579166666667,0,0,2,2,0,0,0,1,1,2,1,0,1,1,2,0,0,0,0,0,1,0,1,1,2,3.2185,0.68,0.89,0.36,0.2,0.36,0.55,0.14,0,0,0.21,0.42,0.6,0.53,0.9,0.88,0.17,0.55,0.15,0.27,0.31,0,0.08,0.32,0.03,1.69453999999985
"S010",2024-02-05 15:30:38,24.45165,"chrome 121.0.0","true","Android OS",980,1800,"Female","21","Chinese","Singaporean","21","High school or equivalent (A-levels, Diploma, etc.)","Yes","Biomedical Engineering","Native","Experienced (I use it often)",0.28,0.61,0.67,0.56,0.83,0.58,0.24,0.65,0.72,0.65,0.57,0.87,0.48,0.12,0.759188333333284,0,0,0,0,0,0,0,0,0,0,0,0,1,0,0,2,1,0,0,0,0,0,1,0,1,1.20793333333333,0.1,0.84,0.44,0.36,0.06,0,0.98,0.1,0.44,0.61,0.26,0.53,0.76,0.96,0.44,0.45,0.58,0,0.95,0.15,0.24,0.41,0.27,0,1.36465499999995
"S520",2024-10-14 12:27:48,183.5782,"edge-chromium 129.0.0","false","Windows 10",1912,956,"Male","23","Chinese","Singaporean","23","High school or equivalent (A-levels, Diploma, etc.)","Yes","Psychology","Native","Experienced (I use it often)",1,0,0,0.84,0,0.5,0,0.36,0,0,0.79,1,0.67,0,1.03675666666826,0,1,0,0,0,2,0,3,1,0,0,1,1,1,0,0,0,0,0,2,2,0,2,0,0,1.5716,0.78,1,1,0.69,0.62,0.68,0,1,0.42,1,0,1,0.32,1,0.25,0.77,0.34,0,0,0,0,0,1,0,1.48240333333413
"S285",2024-02-05 18:56:50,28.17055,"ios 17.2.0","true","iOS",980,1684,"Female","22","Asian","Singaporean PR","19","Bachelor or equivalent","Yes","Engineering ","Native","Experienced (I use it often)",0.65,0.75,0.68,0.67,0.75,0.3,0.6,0.6,0.27,0.2,0.58,0.65,0.73,0.63,0.710766666666671,2,1,0,2,0,1,0,1,2,0,0,2,0,1,0,1,0,2,0,0,1,2,1,0,1,1.22028333333333,0.31,0.75,0.57,0.33,0.73,0.25,0.64,0.2,0.44,0.77,0.36,0.59,0.25,0.77,0.25,0.71,0.54,0.27,0.46,0.28,0.3,0.28,0.3,0.26,2.82803333333333
"S490",2024-09-10 09:19:15,140.125883333333,"edge-chromium 128.0.0","false","Windows 10",1912,956,"Male","22","Asian","Singaporean","22","High school or equivalent (A-levels, Diploma, etc.)","Yes","Sports Science and Management","Native","Relatively experienced (I used it a few times)",0.55,0.61,0.7,0.78,0.54,1,0.58,0.69,1,0.55,0.69,1,0.62,0.6,1.762165,2,2,2,2,1,2,1,2,3,0,2,2,2,0,2,2,2,2,0,0,1,1,3,2,3,1.79601666666667,0.65,0.8,0.53,0.56,0.69,0.13,0.64,0.52,0.3,0.42,0.55,0.42,0.44,0.71,0.43,0.57,0.38,0.23,0.54,0.6,0.41,0.63,0.79,0.24,1.25578833333333
"S092",2024-02-05 15:47:55,20.5361333333333,"chrome 120.0.0","false","Mac OS",1440,779,"Female","22","Chinese","Sinagporean","22","High school or equivalent (A-levels, Diploma, etc.)","Yes","Nursing","Native","Experienced (I use it often)",0.6,1,0.73,0.54,1,0.55,0.41,0.92,0.23,0.79,0.8,1,0.39,0.41,0.734063333336512,2,1,1,1,0,0,1,1,1,0,1,1,1,2,1,1,2,2,1,0,1,1,2,1,1,0.95,0.15,0.77,0.44,0.75,1,0.59,0.72,0.44,0.34,0.78,0.41,0.67,0.29,0.77,0.72,0.92,0.31,0.33,0.73,0.4,0.38,0.47,0.11,0.3,1.10314000000159
"S491",2024-09-10 12:11:24,171.893833333333,"edge-chromium 128.0.0","false","Windows 10",1912,956,"Male","23","Chinese","Singaporean","23","Bachelor or equivalent","Yes","Philosophy, Politics and Economics","Native","Experienced (I use it often)",0.68,0.6,0.56,0.58,0.6,0.6,0.45,0.74,0.54,0.48,0.54,0.66,0.55,0.54,1.08649499999999,0,1,1,1,1,1,1,0,1,0,1,0,1,1,1,1,0,2,1,0,0,1,1,1,2,1.89936666666667,0.19,0.5,0.4,0.39,0.39,0.35,0.58,0.5,0.54,0.61,0.44,0.4,0.56,0.46,0.5,0.43,0.44,0.12,0.61,0.5,0.45,0.36,0.31,0.1,1.67413333333333
"S347",2024-02-05 22:15:58,13.1936333333333,"chrome 121.0.0","true","Android OS",980,1847,"Male","35","chinese","singaporean","35","Bachelor or equivalent","No","computer science","Native","Relatively experienced (I used it a few times)",0.75,0.78,0.8,0.7,0.82,0.65,0.16,0.78,0.78,0.76,0.76,0.69,0.22,0.21,0.403438333333346,2,2,1,1,2,2,1,1,2,0,1,1,1,1,1,1,1,1,1,2,1,1,1,0,1,0.839833333333333,0.23,0.24,0.94,0.23,0.24,0.68,0.71,0.96,0.76,0.88,0.25,0.65,0.62,0.61,0.45,0.4,0.32,0.22,0.74,0.87,0.31,0.22,0.22,0.23,0.546860000000025
"S015",2024-02-05 15:31:27,83.2619333333333,"ios 17.2.0","true","iOS",980,1671,"Female","22","Chinese","Singaporean","22","Bachelor or equivalent","Yes","Business","Native","Highly experienced (I use it a lot)",0.57,0.63,0.76,0.68,0.67,0.61,0.41,0.64,0.61,0.55,0.67,0.59,0.41,0.38,1.0926,2,2,1,1,0,1,1,1,1,0,1,1,1,1,0,1,1,1,1,1,1,1,2,1,1,2.78676666666667,0.66,0.86,0.66,0.33,0.38,0.28,0.13,0.2,0.23,0.88,0.11,0.5,0.63,0.79,0.58,0.35,0.68,0.34,0.3,0.28,0.31,0.3,0.6,0.33,1.18965
"S254",2024-02-05 18:23:40,40.2883166666667,"safari 14.1.2","false","Mac OS",1148,783,"Female","35","Chinese","Singaporean","35","Bachelor or equivalent","No","Life Sciences","Native","No experience (but I heard about it)",0.33,0.77,0.34,0.62,0.63,0.63,0.34,0.82,0.67,0.72,0.77,0.65,0.61,0.15,1.08205,1,1,2,2,0,0,0,0,2,0,0,0,1,1,1,2,0,3,0,0,1,0,2,1,1,2.2379,0.19,0.85,0.29,0.76,0.76,0.35,0.34,0.32,0.32,0.88,0.64,0.4,0.25,0.78,0.18,0.64,0.19,0,0.23,0.23,0.23,0.7,0.33,0,3.39845
"S054",2024-02-05 15:37:06,28.6365833333333,"safari 17.3.0","false","Mac OS",1080,746,"Female","50","Chinese","Singaporean ","50","Bachelor or equivalent","No","Science","Fluent (academic)","No experience (but I heard about it)",0.14,0.98,0.98,0.12,0.91,0.98,0.06,0.94,0.96,0.96,0.97,0.91,0.1,0.14,1.07215,0,2,0,1,3,1,1,2,3,1,2,3,1,2,2,2,1,1,1,1,1,2,1,1,3,1.76538333333333,0.2,0.14,0.92,0.7,0.94,0.27,0.79,0.96,0.91,0.97,0.07,0.2,0.1,0.06,0.82,0.18,0.87,0.02,0.94,0.96,0.77,0.06,0.06,0.05,1.18401666666667
"S205",2024-02-05 17:21:39,58.5454166666667,"chrome 121.0.0","true","Android OS",980,1809,"Female","65","Chinese","Singaporean ","65","Bachelor or equivalent","No","Business ","Fluent (academic)","No experience (but I heard about it)",0.62,1,1,0.7,0.63,0.86,0.44,0.81,0.83,0.68,0.89,0.64,0.65,0.6,2.002125,0,1,1,1,0,0,0,0,0,0,1,0,0,1,0,1,0,1,0,0,0,1,1,0,1,4.29301666666667,0.39,0.63,0.7,0.31,0.68,0.81,0.71,0.74,1,0.34,0.33,0.75,0.51,0.68,0.59,0.56,0.83,0,0.32,0.33,0.9,0.4,0.22,0,5.875405
"S259",2024-02-05 18:31:40,41.3658666666667,"chrome 121.0.0","true","Android OS",980,1930,"Male","33","Chinese","Singaporean ","33","Bachelor or equivalent","No","Compute science ","Fluent (conversational)","Relatively experienced (I used it a few times)",0.61,0.59,0.69,0.64,0.67,0.4,0.57,0.63,0.63,0.61,0.58,0.59,0.62,0.44,0.718333333333333,1,1,1,1,1,1,1,1,1,1,1,1,1,1,1,1,1,1,1,1,1,1,1,1,1,2.04255,0.42,0.8,0.69,0.41,0.61,0.46,0.53,0.46,0.68,0.59,0.4,0.53,0.44,0.7,0.52,0.42,0.41,0.4,0.42,0.39,0.41,0.41,0.57,0.45,1.26028333333333
"S044",2024-02-05 15:35:34,58.2723666666667,"chrome 116.0.0","false","Mac OS",1310,678,"Male","24","Filipino","singaporean","24","High school or equivalent (A-levels, Diploma, etc.)","Yes","communications","Native","Relatively experienced (I used it a few times)",1,0.8,0.79,0.79,0.79,0.65,0.66,0.8,1,0.66,0.65,0.78,0.66,0.32,2.15785833333333,3,0,1,3,0,0,1,0,1,0,0,1,0,2,1,1,0,2,0,0,1,1,1,0,2,3.31211666666667,0.08,0.89,0.72,0.31,0.42,0.01,0.95,0.03,0.65,0.95,0.31,0.52,0.66,0.93,0.42,0.42,0.41,0.01,0.91,0.28,0.3,0.7,0.02,0.23,2.56996499999364
"S398",2024-02-06 10:35:08,218.030183333333,"edge-chromium 121.0.0","false","Windows 10",1528,708,"Female","27","Chinese","Singaporean","27","University (master) <sub><sup>or equivalent</sup></sub>","No","Engineering","Native","Little experience (I tried it)",0.63,0.95,0.7,0.82,0.61,0.65,0.64,0.57,0.64,0.75,0.12,0.68,1,0.34,0.599646666665872,2,0,2,2,1,2,1,2,2,0,1,1,2,1,2,2,1,2,1,1,2,2,1,1,1,1.07841666666667,0.22,0.76,0.75,0.74,0.74,0.75,0.76,0.11,0.12,0.73,0.71,0.18,0.2,0.83,0.27,0.87,0.27,0.19,0.79,0.21,0.22,0.76,0.21,0.23,0.844906666668256
"S530",2024-10-28 11:17:35,224.4363,"edge-chromium 130.0.0","false","Windows 10",1912,956,"Male","25","Chinese","Singaporean","23","Bachelor or equivalent","No","Biological Sciences and Psychology","Native","Relatively experienced (I used it a few times)",0.42,1,0.68,0.4,0.74,0.38,1,0.78,0.23,0.6,0.63,0.75,0.37,0.76,1.31962166666985,2,0,0,1,0,1,1,1,1,0,1,2,1,1,1,0,0,0,0,1,1,2,0,2,2,2.00963333333333,0.13,0.83,1,0,0.27,0.49,0.72,0.27,0.38,0.83,0.57,0.5,0.69,0.7,0.7,0.07,0.33,0,0.67,0.36,0.37,0.06,0.28,0.39,1.70826499999364
"S393",2024-02-06 10:16:20,94.1741666666667,"chrome 120.0.0","false","Windows 10",1280,551,"Male","24","Singapore chinese","SG","24","High school or equivalent (A-levels, Diploma, etc.)","Yes","Hospitality ","Fluent (academic)","Experienced (I use it often)",0.94,0.31,0.74,1,1,0.63,0.38,1,0.91,0.23,0.67,0.23,1,0.58,2.74817000000079,1,3,3,3,1,2,2,1,2,0,1,3,2,2,1,2,1,1,2,2,2,1,1,1,2,6.08248333333333,0.28,0.61,0.35,0.11,0.76,0,0.73,0,0.23,1,0.78,0.22,0.79,0.71,0.94,0.32,0.73,1,1,0.74,0.59,1,0.57,1,1.28701666666667
"S400",2024-02-06 10:48:33,65.2553,"chrome 121.0.0","false","Windows 10",1920,911,"Female","35","Chinese","Singaporean","35 years","Bachelor or equivalent","No","Science","Fluent (academic)","Relatively experienced (I used it a few times)",0.67,0.35,0.73,0.77,0.63,0.47,0.44,0.64,0.71,0.53,0.59,0.76,0.44,0.32,1.65527,2,1,1,1,0,1,0,1,2,0,0,1,0,1,2,0,0,0,0,0,1,1,1,1,2,3.78111666666667,0.44,0.61,0.6,0.39,0.66,0.39,0.43,0.55,0.45,0.58,0.43,0.55,0.4,0.57,0.54,0.39,0.56,0.45,0.54,0.46,0.44,0.38,0.32,0.3,2.12129333333333
"S017",2024-02-05 15:31:31,23.6469166666667,"ios 16.3.0","true","iOS",980,1722,"Female","22","Indian","Singaporean","20","High school or equivalent (A-levels, Diploma, etc.)","Yes","Information Systems","Native","Relatively experienced (I used it a few times)",0.76,0.78,0.74,0.79,0.84,0.75,0.09,1,0.22,0.04,0.29,0.77,0.28,0.19,1.18415,0,3,3,0,0,0,3,0,2,0,2,0,2,0,3,2,2,1,2,0,2,1,3,0,1,0.873933333333333,0.71,0.81,0.21,0.73,0.93,0.13,0.18,0.05,0.04,0.07,0.87,0.05,0.24,0.81,0.65,0.92,0.29,0.48,0.35,0.02,0.08,0.99,0.59,0,2.09511666666667
"S399",2024-02-06 10:36:37,247.657433333333,"chrome 121.0.0","false","Windows 10",1336,589,"Male","22","chinese","singaporean","22","Bachelor or equivalent","Yes","accountancy","Fluent (conversational)","Experienced (I use it often)",0.55,0.56,0.56,0.58,0.55,0.57,0.55,0.57,0.54,0.57,0.56,0.54,0.57,0.54,0.37605,2,2,2,2,2,2,2,2,2,2,2,2,2,2,2,2,2,2,2,2,2,2,2,2,2,0.640133333333333,0.31,0.7,0.62,0.37,0.53,0.41,0.34,0.56,0.43,0.57,0.39,0.58,0.35,0.64,0.45,0.57,0.44,0.41,0.45,0.39,0.48,0.4,0.41,0.58,1.59012333333294
"S532",2024-10-29 11:14:18,238.16885,"edge-chromium 130.0.0","false","Windows 10",1920,1080,"Male","22","Chinese","Singaporean","22","High school or equivalent (A-levels, Diploma, etc.)","Yes","Linguistics and Multilingual Studies","Native","Relatively experienced (I used it a few times)",0.4,0.74,0.68,0.29,0.38,0.5,0.7,0.34,0.28,0.27,0.48,0.88,0.72,0.36,2.73498333333333,0,2,1,3,0,0,1,0,3,0,1,3,2,2,0,2,2,1,1,0,1,1,0,1,1,1.97308333333333,0.66,0.88,0.42,0.63,0.92,0.29,0.85,0.18,0.19,0.5,0.16,0.73,0.02,0.96,0.62,0.63,0.34,0.78,0.66,0.32,0.2,0.43,0.43,0.69,1.70091666666667
"S147",2024-02-05 16:14:32,23.51525,"chrome 121.0.0","false","Windows 10",1280,585,"Female","69=0","chinese","spore","60","Secondary school up to 16 years","No","none","Native","No experience (I don't know what it is)",0.7,0.69,0.64,0.65,0.69,0.73,0.72,0.72,0.67,0.68,0.7,0.64,0.72,0.67,2.50615333333333,2,2,2,2,2,2,2,2,2,2,2,2,2,2,2,2,2,2,2,2,2,2,2,2,2,1.52268333333333,0.59,0.6,0.62,0.61,0.64,0.63,0.65,0.63,0.63,0.64,0.66,0.66,0.69,0.65,0.68,0.69,0.68,0.7,0.65,0.68,0.67,0.7,0.69,0.71,0.709483333333333
"S007",2024-02-04 22:44:05,63.1897666666667,"firefox 122.0.0","false","Windows 10",1623,1024,"Male","28","Chinese","Singapore","28","Bachelor or equivalent","No","Computer Science","Native","Relatively experienced (I used it a few times)",0.33,0.76,0.3,0.25,0.76,0.92,0.36,0.67,0.64,0.27,0.55,0.92,0.69,0.55,1.9954,1,2,3,2,1,1,2,2,3,0,1,2,1,1,2,2,1,2,2,1,0,2,1,2,2,4.69436666666667,0.21,0.24,0.25,0.57,0.51,0.36,0.6,0.63,0.27,0.52,0.58,0.6,0.51,0.34,0.44,0.51,0.4,0.31,0.66,0.51,0.38,0.69,0.3,0.37,5.14236666666667
"S434",2024-02-06 14:28:11,28.9865333333333,"ios 17.2.0","true","iOS",980,1699,"Male","23","chinese","singaporean ","23","High school or equivalent (A-levels, Diploma, etc.)","Yes","computer engineering ","Fluent (academic)","Highly experienced (I use it a lot)",0.81,0.71,0.61,0.76,0.37,0.83,0.45,0.87,0.8,0.27,0.6,1,0.72,0.41,1.88575,2,1,1,2,1,1,1,1,2,1,1,2,1,1,1,2,1,1,1,1,1,1,1,1,1,1.61076666666667,0.4,0.72,0.36,0.42,0.7,0.68,0.6,0.35,0.38,0.58,0.37,0.57,0.22,0.75,0.39,0.37,0.41,0.66,0.61,0.24,0.28,0.08,0.57,0.6,1.21793333333333
"S496",2024-09-13 12:54:06,153.627466666667,"edge-chromium 128.0.0","false","Windows 10",1912,956,"Male","23","Chinese","Singaporean","23","High school or equivalent (A-levels, Diploma, etc.)","Yes","Arts and Humanities","Native","Relatively experienced (I used it a few times)",0.05,0.95,0.73,0.08,0.41,0.92,0.4,0.24,0.03,0.78,0.29,0.58,0.91,0.44,1.85244666666687,2,1,1,1,2,3,1,2,1,2,0,1,1,1,0,2,1,2,0,2,2,1,2,3,1,3.92493333333333,0.61,0.85,0.62,0.31,0.91,0.17,0.17,0.66,0.24,0.53,0.62,0.27,0.09,0.98,0.59,0.56,0.29,0.11,0.3,0.25,0.19,0.67,0.65,0.05,2.689875
"S140",2024-02-05 16:10:16,25.20025,"chrome 121.0.0","false","Windows 10",1280,593,"Male","38","Indian","Singaporean","18","University (master) <sub><sup>or equivalent</sup></sub>","No","Marketing","Fluent (academic)","Experienced (I use it often)",0.71,0.18,0.91,0.73,0.83,0.19,0.75,0.78,0.81,0.11,0.72,0.73,0.78,0.8,1.09365833333333,0,2,0,0,0,0,0,1,1,0,0,0,0,0,0,0,0,1,0,0,0,0,0,1,0,1.51745,0,1,1,1,1,0,0,0,0,1,0,1,0,1,1,0,0,1,0.66,0,1,0,0,0,3.75965666666677
"S326",2024-02-05 21:04:23,14.5897166666667,"firefox 122.0.0","true","Android OS",895,1651,"Male","25","Chinese","Singaporean","25","High school or equivalent (A-levels, Diploma, etc.)","Yes","Mechanical Engineering","Native","Relatively experienced (I used it a few times)",0.79,0.4,0.72,0.76,0.71,0.62,0.6,0.64,0.8,0.6,0.8,0.75,0.79,0.96,0.400066666666667,0,2,1,2,2,1,1,2,2,0,1,1,2,2,1,1,1,1,0,0,2,1,1,1,2,0.944833333333333,0.31,0.77,0.71,0.61,0.73,0.77,0.65,0.77,0.36,0.66,0.68,0.8,0.34,0.63,0.82,0.3,0.32,0.31,0.78,0.43,0.33,0.1,0.11,0.59,1.07225
"S127",2024-02-05 16:03:09,26.2725166666667,"opera 80.0.4244","true","Android OS",980,1714,"Male","24","Chinese","Singaporean","24","Bachelor or equivalent","Yes","Biological science","Native","Relatively experienced (I used it a few times)",0.28,0.36,0.67,0.71,0.79,0.45,0.39,0.73,0.67,0.28,0.66,0.76,0.26,0.24,0.585440000000006,2,1,0,1,0,1,0,1,1,1,1,1,1,2,1,2,1,2,0,1,0,1,1,2,2,1.3419,0.22,0.63,0.85,0.28,0.6,0.34,0.85,0.72,0.41,0.83,0.36,0.68,0.63,0.41,0.56,0.39,0.52,0.12,0.69,0.29,0.32,0.16,0.12,0.09,0.865393333333358
"S501",2024-09-20 13:09:15,167.382783333333,"edge-chromium 128.0.0","false","Windows 10",1912,956,"Female","31","Chinese","Singaporean","31","Bachelor or equivalent","No","Mathematical Sciences","Native","Little experience (I tried it)",0.63,0.76,0.54,0.51,0.76,0.66,0.47,0.77,0.62,0.37,0.72,0.69,0.38,0.3,3.12991333333453,1,1,2,0,0,1,1,0,1,2,1,0,1,0,1,1,1,0,0,1,1,1,1,0,2,2.95795,0.17,0.44,0.48,0.39,0.35,0.42,0.64,0.61,0.47,0.64,0.36,0.54,0.54,0.46,0.56,0.45,0.56,0.23,0.6,0.57,0.56,0.41,0.1,0.15,4.77265500000119
"S476",2024-06-12 14:12:14,195.079216666667,"edge-chromium 122.0.0","false","Windows 10",1872,958,"Female","24","Asian","Singaporean","21","Bachelor or equivalent","No","Psychology","Native","Experienced (I use it often)",0.54,0.87,0.93,0.53,0.9,0.61,0.21,0.92,0.69,0.11,0.79,0.66,0.63,0.35,2.27095166667302,1,3,0,1,0,0,2,1,1,2,0,0,2,2,1,2,3,2,0,0,1,0,2,2,0,2.99098333333333,0.81,0.81,0.94,0.63,1,0.66,0.25,0.22,0,0.93,0.26,0.83,0,0.91,0.6,0.8,0.71,0.13,0.05,0,0,0.09,0.72,0.19,2.28893666664759
"S227",2024-02-05 17:42:42,49.8481,"chrome 121.0.0","false","Windows 10",1440,847,"Female","34","Chinese","Singaporean","34","University (master) <sub><sup>or equivalent</sup></sub>","No","Architecture","Native","Relatively experienced (I used it a few times)",0.84,0.58,0.83,0.87,0.82,0.59,0.17,0.82,0.87,0.89,0.7,1,0.69,0.36,1.59954500000079,2,1,0,1,0,0,0,2,2,2,1,1,0,2,1,0,0,2,0,1,1,1,1,1,2,2.09805,0,1,1,0.69,0.62,0.42,0.52,0.4,0.61,1,0,0.52,0.15,0.86,0.33,0.32,0.48,0.14,0.82,0.3,0.34,0,0.16,0.76,1.39304833333095
"S443",2024-02-16 13:48:38,31.4757666666667,"chrome 121.0.0","true","Android OS",980,1905,"Female","37","Chinese","Singaporean ","37","Bachelor or equivalent","No","Business (Marketing)","Native","Little experience (I tried it)",0.77,0.77,0.74,0.73,0.76,0.84,0.15,0.76,0.77,0.79,0.74,0.85,0.75,0.68,0.931364999999975,2,2,1,2,0,1,1,0,2,0,1,1,2,0,2,2,1,1,1,0,2,1,1,2,2,2.25765,0.69,0.73,0.76,0.2,0.69,0.2,0.33,0.26,0.36,0.75,0.18,0.85,0.64,0.74,0.7,0.61,0.43,0.78,0.45,0.44,0.42,0.12,0.86,0.86,2.69070666666664
"S154",2024-02-05 16:18:42,26.05125,"ios 17.2.0","true","iOS",980,1665,"Female","21","Chinese","Singaporean","22","Bachelor or equivalent","Yes","Statistics","Fluent (academic)","Highly experienced (I use it a lot)",0.72,0.39,0.84,0.68,0.8,0.6,0.7,0.77,0.75,0.68,0.66,0.83,0.66,0.67,1.2188,1,1,2,2,1,1,2,1,2,2,1,1,2,2,2,2,2,1,0,1,1,1,1,2,1,1.59465,0.39,0.82,0.64,0.33,0.63,0.36,0.31,0.7,0.64,0.85,0.16,0.78,0.65,0.75,0.68,0.43,0.8,0.73,0.4,0.39,0.68,0.43,0.54,0.69,3.32246666666667
"S256",2024-02-05 18:26:24,923.915,"samsung 23.0.0","true","Android OS",980,1789,"Female","23","Chinese ","Singaporean ","23","Bachelor or equivalent","No","Business Information Systems ","Native","Experienced (I use it often)",0.79,0.59,0.81,0.57,0.86,0.8,0.22,0.78,0.79,0.61,0.65,0.79,0.76,0.28,1.46651666666667,2,2,2,2,0,1,1,1,2,0,1,2,2,3,2,2,1,2,1,1,1,2,2,1,1,4.14848333333333,0.16,0.52,0.41,0.5,0.57,0.47,0.82,0.67,0.57,0.44,0.71,0.48,0.65,0.57,0.65,0.43,0.41,0.67,0.75,0.42,0.48,0.72,0.04,0.48,2.8089150000001
"S073",2024-02-05 15:41:34,80.7518333333333,"chrome 121.0.0","false","Windows 10",630,583,"Female","24","Buddhism","Singaporean","24","Bachelor or equivalent","Yes","Business","Fluent (conversational)","Relatively experienced (I used it a few times)",0.85,1,0.82,0.82,0.83,0.78,0.8,1,0.76,0.85,0.82,0.8,0.8,0.87,0.502323333332936,1,2,1,1,1,2,1,1,1,1,1,1,2,1,2,2,1,1,1,0,1,1,1,2,1,2.27488333333333,0.4,0.33,0.31,0.71,0.31,0.37,0.54,0.66,0.37,0.61,0.41,0.67,0.41,0.43,0.71,0.37,0.38,0.35,0.4,0.41,0.36,0.39,0.4,0.65,2.9840350000004
"S176",2024-02-05 16:42:55,24.41295,"safari 17.2.1","false","Mac OS",1468,748,"Female","22","Indian","Singaporean ","22","Bachelor or equivalent","Yes","International Relations","Native","Experienced (I use it often)",0.31,0.68,0.24,0.4,0.66,0.87,0.15,0.27,0.28,0.69,0.35,0.23,0.69,0.57,2.21311666666667,2,2,1,2,1,1,2,0,2,0,1,2,2,1,2,2,1,2,1,0,2,0,2,1,2,2.39506666666667,0.62,0.64,0.27,0.65,0.7,0.44,0.39,0.26,0.57,0.75,0.77,0.4,0.2,0.67,0.28,0.68,0.38,0.63,0.33,0.61,0.61,0.7,0.33,0.59,2.62171666666667
"S330",2024-02-05 21:33:15,32.4885166666667,"chrome 121.0.0","false","Mac OS",1440,672,"Female","27","Chinese","Singaporean","27","Bachelor or equivalent","No","Information Systems","Native","Experienced (I use it often)",0.69,0.44,0.59,0.67,0.57,0.62,0.53,0.61,0.61,0.63,0.59,0.76,0.44,0.46,1.02613666666667,1,1,1,1,1,1,1,1,1,0,2,1,1,1,1,1,1,2,1,1,1,1,2,1,2,1.45678333333333,0.32,0.66,0.6,0.56,0.37,0.5,0.58,0.63,0.55,0.56,0.39,0.63,0.43,0.72,0.43,0.58,0.53,0.47,0.56,0.56,0.57,0.43,0.27,0.64,4.340105
"S070",2024-02-05 15:40:33,86.83085,"chrome 121.0.0","false","Windows 10",640,566,"Female","25","chinese","singaporean","25","Bachelor or equivalent","Yes","business management","Native","Experienced (I use it often)",0.94,0.86,0.85,0.69,0.56,0.56,0.86,0.83,0.78,0.91,0.67,0.41,0.68,0.37,45.2676716666659,1,2,2,3,1,0,1,1,3,2,1,1,1,3,0,2,2,2,0,0,0,0,2,0,3,2.71465,0.63,0.65,0.39,0.41,0.61,0.73,0.73,0.38,0.38,0.74,0.72,0.69,0.05,0.72,0.63,0.34,0.35,0.34,0.85,0.39,0.27,0.32,0.76,0.36,2.23101666666667
"S488",2024-09-06 13:33:51,123.131933333333,"edge-chromium 128.0.0","false","Windows 10",1912,956,"Female","23","Chinese","Singaporean","23","Bachelor or equivalent","Yes","Biological Sciences","Native","Experienced (I use it often)",0.48,0.85,0.63,0.45,0.65,0.64,0.54,0.6,0.82,0.84,0.48,0.46,0.43,0.55,0.828258333333333,3,2,2,2,1,1,2,1,1,0,1,2,3,1,1,2,3,2,1,1,1,1,3,2,1,1.22363333333333,0.57,0.88,0.11,0.68,0.89,0.47,0.32,0.32,0.57,0.47,0.66,0.54,0.36,0.73,0.15,0.57,0.17,0.43,0.43,0.34,0.93,0.64,0.48,0,4.57774166666667
"S020",2024-02-05 15:31:41,17.2141333333333,"chrome 121.0.0","false","Mac OS",1708,1059,"Female","25","Chinese","Singaporean","24","Bachelor or equivalent","No","Computer Science","Native","Highly experienced (I use it a lot)",0.64,0.67,0.59,0.73,0.6,0.66,0.46,0.7,0.44,0.63,0.63,0.76,0.68,0.37,0.408025,2,1,1,2,0,1,2,2,1,1,1,1,2,1,1,2,2,2,1,1,2,1,2,1,2,1.13696666666667,0.75,0.77,0.74,0.44,0.66,0.34,0.69,0.7,0.28,0.68,0.24,0.65,0.32,0.8,0.3,0.67,0.35,0.62,0.67,0.34,0.24,0.32,0.37,0.35,0.906689999999603
"S160",2024-02-05 16:22:35,118.868316666667,"chrome 120.0.0","true","Android OS",980,1743,"Female","22","Chinese","Singaporean","21","High school or equivalent (A-levels, Diploma, etc.)","Yes","Chemistry","Native","Experienced (I use it often)",0.73,0.74,0.71,0.26,0.71,0.65,0.29,0.85,0.75,0.29,0.77,0.74,0.76,0.26,1.79813166666677,1,1,1,2,1,2,3,1,2,2,1,3,1,1,2,1,2,1,2,1,1,3,1,2,2,3.03076666666667,0.29,0.33,0.39,0.39,0.78,0.42,0.78,0.61,0.32,0.45,0.59,0.6,0.26,0.4,0.56,0.39,0.19,0.25,0.76,0.74,0.82,0.71,0.17,0.58,1.35209833333294
"S537",2024-11-06 09:16:00,370.262283333333,"edge-chromium 130.0.0","false","Windows 10",1912,956,"Female","33","indian","singaporean","33","High school or equivalent (A-levels, Diploma, etc.)","No","nil","Fluent (academic)","No experience (but I heard about it)",0.6,0.57,0.61,0.58,0.61,0.45,0.58,0.66,0.61,0.42,0.54,0.58,0.41,0.6,2.35136333333353,1,1,0,0,1,0,1,0,1,1,1,1,1,1,1,1,0,1,1,0,1,1,1,1,1,7.02768333333333,0.65,0.76,0.76,0.61,0.77,0.37,0.37,0.24,0.24,0.67,0.78,0.31,0.2,0.79,0.79,0.19,0.31,0.31,0.31,0.31,0.31,0.31,0.31,0.31,3.21206666666667
"S094",2024-02-05 15:48:37,65.10285,"ios 16.6.0","true","iOS",980,1675,"Female","38","Malay","Singaporean ","38","Bachelor or equivalent","No","Mass communication ","Native","Little experience (I tried it)",0.28,0.81,0.64,0.24,0.78,0.76,0.73,0.78,0.69,0.8,0.6,0.34,0.34,0.27,1.26586666666667,2,2,0,2,0,0,2,0,1,0,0,0,1,1,0,2,0,0,0,0,2,0,3,0,0,2.1592,0.7,0.55,0.64,0.97,0.89,0.41,0.2,0.89,0.85,0.95,0.24,0.95,0.31,0.63,0.67,0.93,0.42,0.15,0.31,0.75,0.85,0.53,0.8,0.55,2.83076666666667
"S361",2024-02-05 22:43:18,24.3890166666667,"safari 15.1.0","false","Mac OS",1440,757,"Female","25","Chinese","Singaporean","25","Bachelor or equivalent","No","Healthcare","Native","Experienced (I use it often)",0.77,0.6,0.73,0.85,0.74,0.59,0.37,0.75,0.78,0.73,0.77,0.68,0.78,0.72,0.577716666666667,2,1,1,2,1,2,1,2,2,0,3,1,2,2,3,3,2,1,1,1,1,2,1,2,3,1.01635,0.7,0.24,0.35,0.47,0.58,0.6,0.72,0.82,0.54,0.1,0.3,0.58,0.38,0.44,0.59,0.36,0.38,0.12,0.73,0.82,0.59,0.09,0.19,0.08,0.834366666666667
"S208",2024-02-05 17:23:43,64.2983833333333,"chrome 121.0.0","false","Mac OS",1432,756,"Other","23","Singaporean","Singaporean","23","High school or equivalent (A-levels, Diploma, etc.)","Yes","English Literature and Art History","Native","Relatively experienced (I used it a few times)",0.58,0.82,0.36,0.5,0.61,0.65,0.57,0.61,0,0.37,0.69,0.6,0.5,0.59,0.836330000000199,2,2,2,1,0,1,1,1,2,0,0,2,2,1,0,2,1,1,1,1,2,0,1,0,1,0.840516666666667,0.44,0.64,0.24,0.54,0.88,0.17,0.33,0.24,0.1,0.5,0.63,0.5,0.18,0.36,0.41,0.57,0.25,0.11,0.44,0.26,0.07,0.78,0.51,0.16,0.810769999999801
"S542",2024-11-12 09:07:19,137.272883333333,"edge-chromium 130.0.0","false","Windows 10",1920,1080,"Female","22","Chinese","Singaporean","22","High school or equivalent (A-levels, Diploma, etc.)","Yes","Biological Sciences","Native","Experienced (I use it often)",0.63,0.56,0.65,0.62,0.7,0.64,0.43,0.69,0.61,0.41,0.58,0.65,0.54,0.43,0.939306666666766,1,1,1,2,1,2,2,1,3,1,1,2,2,1,2,1,1,1,1,2,1,0,1,2,2,1.71733333333333,0.62,0.66,0.38,0.45,0.87,0.39,0.36,0.37,0.1,0.39,0.74,0.36,0.23,0.66,0.47,0.43,0.3,0.62,0.3,0.39,0.11,0.3,0.89,0.41,0.806361666666716
"S431",2024-02-06 13:47:45,116.969533333333,"ios 17.3.0","true","iOS",980,1685,"Female","26","Chinese","Singaporean","26","Bachelor or equivalent","No","Social work","Native","Little experience (I tried it)",0.54,0.88,0.88,0.45,0.86,0.85,0.3,0.79,0.81,0.87,1,1,0.76,0.35,1.6213,0,0,0,0,0,0,0,0,0,0,0,0,0,0,0,0,0,0,0,0,0,0,0,0,0,1.29686666666667,0.56,0.86,0.23,0.32,0.96,0.09,0.34,0.28,0.63,0.59,0.41,0.63,0.34,0.78,0.61,0.26,0.52,0.14,0.63,0.29,0.73,0.27,0.31,0.11,2.03223333333333
"S014",2024-02-05 15:31:25,49.5579333333333,"safari 17.2.0","false","Mac OS",810,1016,"Female","23","Chinese","Singapore","23","Bachelor or equivalent","Yes","Food technology ","Fluent (academic)","Relatively experienced (I used it a few times)",0.59,0.38,0.63,0.75,0.81,0.85,0.6,0.76,0.58,0.18,0.42,0.67,1,0.43,0.966916666666667,1,0,1,0,1,1,0,1,1,1,1,1,0,2,1,0,0,1,0,0,1,1,1,1,1,1.54135,0.26,0.58,0.67,0,0.38,0.52,0.75,0.77,0.75,1,0,0.53,0.65,0.48,1,0.12,1,0,0.82,0.77,1,0.21,0,0,1.51023333333333
"S064",2024-02-05 15:39:37,28.2586666666667,"ios 17.2.0","true","iOS",980,1684,"Female","25","Chinese","Singaporean","25","Bachelor or equivalent","No","Accountancy","Native","Highly experienced (I use it a lot)",0.89,0.93,0.99,0.94,0.85,1,0.02,0.88,0.95,0.82,1,0.99,0.94,0.15,0.512316666666666,0,2,2,0,0,0,1,0,1,0,0,1,2,0,0,3,0,2,0,1,2,2,2,0,0,0.9019,0.12,0.82,0.12,0.76,0.94,0.24,0.86,0.08,0.14,0.17,0.6,0.8,0.82,0.16,0.17,0.77,0.09,0.15,0.83,0.64,0.17,0.62,0.6,0.06,0.637383333333333
"S290",2024-02-05 19:06:40,33.81585,"chrome 121.0.0","false","Mac OS",1440,693,"Female","23","Chinese","Filipino","20","High school or equivalent (A-levels, Diploma, etc.)","Yes","Law","Native","Experienced (I use it often)",0.61,0.64,0.38,0.57,0.57,0.55,0.58,0.49,0.43,0.57,0.58,0.69,0.48,0.48,1.44652000000005,2,1,1,2,1,1,1,2,2,0,1,1,2,1,0,1,0,3,1,1,2,1,1,0,1,3.5845,0.67,0.81,0.54,0.56,0.57,0.46,0.13,0.39,0.35,0.57,0.52,0.57,0.38,0.78,0.47,0.56,0.38,0.4,0.53,0.37,0.18,0.55,0.64,0.58,0.991190000000099
"S457",2024-02-16 19:00:35,25.1012833333333,"chrome 121.0.0","true","Android OS",980,1796,"Female","52","Chinese ","Singaporean ","34","High school or equivalent (A-levels, Diploma, etc.)","No","Nursing ","Fluent (academic)","Relatively experienced (I used it a few times)",0.41,0.64,0.62,0.61,0.62,0.56,0.81,0.63,0.6,0.64,0.63,0.63,0.64,0.64,1.06642166666587,0,0,0,0,0,0,0,0,0,0,0,0,0,0,0,0,0,0,0,0,0,0,0,1,0,1.40215,0.74,0.7,0.66,0.36,0.65,0.39,0.79,0.46,0.39,0.6,0.72,0.4,0.71,0.64,0.65,0.39,0.7,0.39,0.42,0.42,0.42,0.44,0.4,0.37,1.34253666666746
"S445",2024-02-16 15:08:08,34.3359666666667,"chrome 121.0.0","false","Mac OS",1440,779,"Male","23","chinese","singaporean","23","High school or equivalent (A-levels, Diploma, etc.)","Yes","computer science","Native","Experienced (I use it often)",0.76,0.3,0.72,0.68,0.77,0.3,0.15,0.77,0.73,0.33,0.85,0.84,0.22,0.22,0.475546666666865,1,1,0,0,0,0,1,0,1,0,0,1,0,1,0,0,0,1,0,0,0,0,0,0,1,1.15863333333333,0.23,0.67,0.33,0.23,0.3,0.3,0.64,0.31,0.59,0.71,0.25,0.57,0.71,0.76,0.75,0.34,0.38,0.04,0.67,0.29,0.62,0.08,0.23,0.16,0.77657999999995
"S435",2024-02-12 13:50:37,14.7372,"chrome 121.0.0","true","Android OS",980,1838,"Female","37","Chinese","Singaporeans ","37","Bachelor or equivalent","No","Business","Native","Experienced (I use it often)",0.73,0.42,0.66,0.67,0.52,0.35,0.6,0.58,0.68,0.77,0.68,0.73,0.73,0.66,0.277266666666667,2,2,2,2,2,1,2,2,1,0,2,1,2,2,2,2,0,1,1,2,2,2,2,1,2,1.1612,0.62,0.34,0.66,0.4,0.66,0.36,0.35,0.33,0.41,0.31,0.29,0.59,0.35,0.64,0.71,0.34,0.39,0.26,0.32,0.4,0.38,0.35,0.71,0.27,0.595880000000012
"S538",2024-11-07 09:17:58,123.15065,"edge-chromium 130.0.0","false","Windows 10",1912,956,"Female","22","chinese","singaporean","22","High school or equivalent (A-levels, Diploma, etc.)","Yes","physics","Native","Experienced (I use it often)",0.7,0.81,0.67,0.68,0.82,0.78,0.33,0.79,0.73,0.71,0.78,0.76,0.41,0.29,1.14317333333331,3,3,3,3,0,2,2,2,2,0,1,3,3,2,3,2,3,2,3,2,3,2,3,3,1,2.51515,0.87,0.87,0,0.79,0.29,0.59,0,0.25,0.68,0.26,0.88,0.81,0.67,0.7,0.6,0.83,0.64,0.89,0.68,0.59,0.84,0.86,0.67,0.64,1.76653999999998
"S201",2024-02-05 17:09:10,32.29075,"samsung 23.0.0","true","Android OS",980,1802,"Male","28","Chinese","Singaporean","28","Bachelor or equivalent","No","Life Science","Native","No experience (but I heard about it)",0.94,0.79,0.71,0.73,0.92,0.73,0.74,0.74,0.93,0.27,0.92,0.94,0.81,0.22,1.91975833333333,3,1,1,2,0,1,1,1,2,1,0,1,1,1,0,2,1,1,1,1,2,2,1,1,1,1.13138333333333,0.62,0.63,0.27,0.41,0.67,0.33,0.33,0.33,0.32,0.63,0.4,0.47,0.26,0.71,0.4,0.62,0.26,0.24,0.74,0.3,0.25,0.15,0.41,0.14,1.13756666666667
"S222",2024-02-05 17:38:06,21.2278833333333,"chrome 121.0.0","true","Android OS",980,1807,"Female","22","Indian","Singapore PR","20","Bachelor or equivalent","No","Diagnostic Radiography and Imaging","Fluent (academic)","Experienced (I use it often)",0.92,0.81,0.94,0.73,0.97,0.24,0.21,0.64,0.76,0.89,0.73,0.97,0.74,0.66,0.933443333333731,1,2,0,2,0,1,0,1,1,0,0,0,0,2,3,3,0,2,0,0,0,2,0,3,0,1.66473333333333,0.86,0.63,1,1,0.76,0.97,0.71,0,0.16,1,0,1,0.18,0.85,0.16,0.17,0.2,0.25,0.68,0.69,0.13,0,0,0,1.35753166666726
"S166",2024-02-05 16:34:15,34.8379833333333,"safari 13.1.2","false","Mac OS",1366,682,"Female","66","chinese","singaporean","66","High school or equivalent (A-levels, Diploma, etc.)","No","engineering","Fluent (conversational)","Little experience (I tried it)",0.63,0.69,0.59,0.61,0.75,0.59,0.58,0.6,0.58,0.65,0.67,0.6,0.56,0.58,0.8189,2,2,3,2,0,1,2,2,0,2,3,1,2,2,2,2,2,2,1,1,1,2,2,2,3,2.59366666666667,0.87,1,0.85,0.77,0.8,0.87,0.95,0.81,0.96,0.86,0.94,0.86,0.83,0.88,1,1,0.76,0.78,0.83,0.67,0.67,0.8,0.78,0.83,0.968383333333334
"S116",2024-02-05 16:00:51,33.85725,"chrome 121.0.0","true","Android OS",980,1838,"Female","25","Chinese","Singaporean","22","High school or equivalent (A-levels, Diploma, etc.)","Yes","Occupational Therapy","Fluent (academic)","Little experience (I tried it)",0.31,1,0.37,0.1,0.69,0.74,0.7,0.65,0.16,0.2,0.34,0.59,0.7,0.27,1.28098333333333,1,2,3,2,0,1,2,0,2,0,0,2,1,1,1,1,0,2,1,1,1,0,2,0,1,1.31218333333333,0.24,0.86,0,0.66,0.95,0.06,0.34,0.02,0.04,0.66,0.91,0.3,0.12,0.63,0.35,0.58,0.1,0,0.59,0.16,0.07,1,0.32,0,1.00523333333333
"S392",2024-02-06 10:07:55,1934.3616,"chrome 121.0.0","false","Windows 10",1920,929,"Female","47","Chinese","Singaporean","47","High school or equivalent (A-levels, Diploma, etc.)","No","CAT(S)","Native","No experience (but I heard about it)",0.43,0.92,0.67,0.5,0.41,0.96,0.33,0.43,0.57,0.6,0.69,0.28,0.57,0.5,1.63865333333413,2,1,1,2,0,1,0,1,1,0,1,1,2,0,1,1,0,1,1,0,2,1,0,1,1,2.91233333333333,0.15,0.61,0.34,0.19,0.07,0.48,0.59,0.48,0.36,0.7,0.57,0.55,0.91,0.64,0.7,0.38,0.46,0.41,0.7,0.52,0.54,0.22,0.3,0.14,10.1492366666675
"S263",2024-02-05 18:34:12,8.79566666666667,"samsung 23.0.0","true","Android OS",980,1865,"Female","23","Chinese","Singaporean","23","Bachelor or equivalent","No","Business","Native","Relatively experienced (I used it a few times)",0.8,0.74,0.75,0.75,0.71,0.79,0.74,0.68,0.68,0.77,0.71,0.77,0.71,0.74,0.265408333333333,1,2,1,2,0,2,1,1,2,1,1,2,0,2,1,2,2,2,1,1,1,1,1,2,1,0.722733333333333,0.61,0.61,0.59,0.64,0.65,0.71,0.31,0.35,0.62,0.36,0.99,0.38,0.73,0.74,1,0.77,0.73,0.74,0.82,0.74,0.37,0.36,0.74,0.65,0.441068333333234
"S110",2024-02-05 15:58:58,23.6314166666667,"ios 17.2.0","true","iOS",980,1642,"Female","22","Chinese","Singaporean","22","High school or equivalent (A-levels, Diploma, etc.)","Yes","Arts and Humanities","Native","Experienced (I use it often)",0.75,0.66,0.68,0.63,0.37,0.64,0.48,0.65,0.58,0.68,0.58,0.7,0.58,0.38,0.79035,3,2,2,2,0,0,1,2,1,1,2,2,2,1,1,2,0,3,0,0,1,2,2,1,1,1.26845,0.24,0.86,0.74,0.87,0.82,0.27,0.88,0.35,0.35,0.67,0.65,0.65,0.25,0.94,0.18,0.76,0.15,0.37,0.81,0.27,0.46,0.68,0.27,0.41,1.15643333333333
"S459",2024-02-16 20:07:41,9.55296666666667,"safari 17.2.0","false","Mac OS",1180,713,"Male","22","Chinese","Singaporean","9","High school or equivalent (A-levels, Diploma, etc.)","Yes","Medicine","Native","Experienced (I use it often)",0.89,0.77,0.77,0.9,0.73,0.76,0.82,0.75,0.73,0.86,0.92,0.9,0.78,0.91,0.228883333333333,2,2,1,1,1,2,1,3,2,1,3,1,0,3,0,2,2,2,2,2,3,2,2,2,1,0.453683333333333,0.35,0.27,0.25,0.32,0.29,0.26,0.3,0.31,0.32,0.67,0.65,0.66,0.62,0.69,0.41,0.37,0.35,0.4,0.39,0.37,0.36,0.39,0.37,0.31,0.384766666666668
"S477",2024-06-14 17:04:13,97.1162,"edge-chromium 122.0.0","false","Windows 10",1872,958,"Female","28","Indian","Indian","1","University (master) <sub><sup>or equivalent</sup></sub>","No","Research - Neuroimaging","Fluent (academic)","Relatively experienced (I used it a few times)",1,0.09,0.86,1,0.78,0.09,0.29,0.8,0.82,0.07,0.13,1,0.94,0.5,2.26066166664759,0,2,3,3,0,0,2,3,2,1,0,3,3,2,1,2,0,3,1,0,2,2,3,2,3,2.81206666666667,0.8,0.89,1,1,1,1,0.15,0.92,0.15,1,0.07,1,0,1,0.5,1,0,0.18,0,0,0,0,0.12,0.86,2.24070499998728
"S086",2024-02-05 15:46:50,15.4008333333333,"chrome 121.0.0","false","Windows 10",2560,1305,"Male","22","Chinese","Singaporean","22","High school or equivalent (A-levels, Diploma, etc.)","Yes","Computer Science","Native","Highly experienced (I use it a lot)",0.75,0.75,0.71,0.55,0.74,0.8,0.38,0.75,0.75,0.34,0.38,0.92,0.72,0.37,0.557808333333333,1,2,0,1,0,2,0,1,1,3,2,1,0,2,0,2,2,1,0,1,1,2,1,1,1,1.18103333333333,0.28,1,0.39,0.23,1,0.23,0.75,0.8,0.23,0.34,0.77,0.34,0,1,0.23,0.3,0.3,0.22,0.8,0.71,0.04,0.18,0.37,0.08,1.28386000000002
"S108",2024-02-05 15:58:25,37.2613166666667,"opera 106.0.0","false","Windows 10",1459,859,"Other","25","Chinese","Singaporean","25","High school or equivalent (A-levels, Diploma, etc.)","Yes","Political Science","Native","Experienced (I use it often)",0.68,0.94,1,0.7,0,0.64,0.22,0.91,0.44,0.34,1,0.85,0.56,1,0.750234999999901,1,1,2,2,1,0,1,1,3,0,1,1,1,1,0,1,0,1,1,0,1,1,1,0,2,1.05883333333333,0.64,0.22,0.7,0.16,0.25,0.32,0.5,0.74,0.74,0.31,0.57,0.32,0.53,0.11,0.69,0.27,0.39,0.14,0.42,0.13,0.63,0.61,0.56,0,0.782869999999801
"S052",2024-02-05 15:37:01,22.55,"firefox 122.0.0","false","Windows 10",1536,731,"Male","33","Chinese","Singaporean","33","Bachelor or equivalent","No","Psychology","Native","Relatively experienced (I used it a few times)",0.91,0.74,0.76,0.61,0.73,0.68,0.11,0.73,0.29,0.06,0.81,0.81,0.62,0.15,0.851516666666667,1,1,0,1,0,0,0,0,1,0,0,0,1,0,0,1,1,0,0,0,1,0,0,0,1,1.05338333333333,0.23,0.87,0.29,0.17,0.6,0.3,0.37,0.12,0.09,0.67,0.25,0.18,0.16,0.8,0.77,0.16,0.82,0,0.39,0.17,0.09,0.13,0.15,0,1.17131666666667
"S414",2024-02-06 11:49:29,20.0252,"chrome 121.0.0","false","Windows 10",1280,551,"Female","21","Chinese","Sgrean","21","High school or equivalent (A-levels, Diploma, etc.)","Yes","social work ","Fluent (academic)","Experienced (I use it often)",0.58,0.99,0.17,0.62,0.29,1,0.56,0.63,1,0.99,0.69,0.67,0.73,0.71,1.17295,1,2,0,3,0,1,0,3,3,0,2,2,0,2,1,0,0,3,0,2,1,1,2,1,2,1.38703333333333,0.25,0.98,0.95,0.98,0.94,0.33,0.69,0.05,0.15,0.84,0.32,0.37,0.29,0.91,0.38,0.82,0.15,0.28,0.67,0.16,0.17,0.59,0.36,0.84,1.00715500000318
"S187",2024-02-05 16:53:45,26.5022833333333,"chrome 121.0.0","true","Android OS",980,1807,"Male","30","Chinese ","Singapore ","30","University (master) <sub><sup>or equivalent</sup></sub>","No","Political Science ","Fluent (academic)","Relatively experienced (I used it a few times)",0.57,0.68,0.68,0.59,0.72,0.43,0.6,0.6,0.66,0.35,0.58,0.68,0.58,0.58,0.703940000000099,1,1,1,1,0,1,1,1,1,1,1,1,1,1,1,1,0,1,1,1,0,1,1,1,1,1.1126,0.44,0.67,0.69,0.36,0.69,0.65,0.73,0.61,0.22,0.64,0.29,0.56,0.32,0.83,0.38,0.73,0.46,0.31,0.84,0.57,0.28,0.39,0.23,0.29,1.26702333333318
"S320",2024-02-05 20:28:48,32.4406166666667,"samsung 23.0.0","true","Android OS",980,403,"Female","25","chinese","singaporean","25","Bachelor or equivalent","No","business","Native","Relatively experienced (I used it a few times)",0.6,0.6,0.66,0.59,0.69,0.56,0.15,0.75,0.61,0.58,0.62,0.63,0.41,0.43,0.798160000000397,1,1,1,1,0,0,0,0,1,0,1,1,0,0,1,1,1,1,0,0,1,1,2,0,0,2.03805,0.62,0.67,0.62,0.71,0.59,0.28,0.3,0.29,0.3,0.69,0.23,0.26,0.34,0.72,0.69,0.82,0.28,0.29,0.81,0.31,0.33,0.35,0.53,0.55,0.929133333333333
"S216",2024-02-05 17:33:44,9.85865,"samsung 23.0.0","true","Android OS",980,1864,"Female","30","Chinese","Singaporean","30","High school or equivalent (A-levels, Diploma, etc.)","Yes","Software engineering","Native","Experienced (I use it often)",0.72,0.8,0.64,0.81,0.75,0.74,0.71,0.8,0.78,0.73,0.78,0.68,0.65,0.78,0.143031666666766,2,2,1,2,2,2,2,2,2,2,2,2,2,2,1,2,2,2,2,2,1,2,2,2,2,0.574383333333333,0.33,0.53,0.65,0.64,0.66,0.69,0.57,0.68,0.41,0.74,0.6,0.65,0.32,0.66,0.5,0.59,0.33,0.74,0.75,0.69,0.76,0.62,0.76,0.76,0.575498333333433
"S022",2024-02-05 15:32:02,45.0751666666667,"chrome 112.0.0","false","Windows 10",1885,925,"Male","31","chinese","singaporean","31","University (master) <sub><sup>or equivalent</sup></sub>","No","physics","Native","Experienced (I use it often)",0.78,0.99,0.97,0.5,0.63,0.5,0.25,0.98,0.99,0.25,0.97,1,0.28,0.62,1.49090833333333,1,1,1,2,0,0,1,0,1,0,1,0,0,0,2,2,1,2,1,0,0,3,1,0,1,2.4411,0.02,0.93,0.9,0.1,0.91,0.18,0.95,0.31,0.03,0.92,0.56,0.79,0.03,0.9,0.27,0.32,0.22,0,1,0.24,0.04,0.96,0.03,0,1.42352333333294
"S350",2024-02-05 22:22:07,45.7739333333333,"ios 17.2.0","true","iOS",980,1663,"Female","53","Chinese","Singaporean","53","Bachelor or equivalent","No","Business","Fluent (academic)","Relatively experienced (I used it a few times)",0.77,0.99,0.75,0.83,0.93,0.97,0.81,0.84,0.81,0.97,0.88,0.88,0.23,0.13,1.60101666666667,1,0,1,0,0,1,0,0,1,0,1,0,0,1,1,1,0,2,0,0,1,1,0,1,2,3.70711666666667,0.27,0.69,0.84,0.41,0.35,0.34,0.42,0.4,0.43,0.78,0.33,0.46,0.39,0.61,0.42,0.37,0.41,0.08,0.39,0.48,0.47,0.29,0.17,0.08,3.92981666666667
"S323",2024-02-05 20:45:55,32.5855,"chrome 121.0.0","false","Windows 10",1440,765,"Female","23","Chinese","Singaporean","23","High school or equivalent (A-levels, Diploma, etc.)","Yes","Chemical engineering","Fluent (academic)","Little experience (I tried it)",0.52,0.75,0.67,0.52,0.67,0.53,0.71,0.64,0.67,0.52,0.49,0.52,0.67,0.53,0.961971666666865,1,2,1,1,0,0,1,0,1,1,1,1,0,1,2,1,0,1,0,0,2,1,1,0,0,1.45501666666667,0,0.82,0.63,0.45,0.64,0.23,0.74,0.69,0.43,0.74,0.45,0.39,0.34,0.71,0.47,0.54,0.25,0.44,0.68,0.55,0.4,0.53,0.15,0.43,1.00181833333274
"S507",2024-09-27 11:19:42,209.831283333333,"edge-chromium 129.0.0","false","Windows 10",1912,956,"Female","21","Chinese","Malaysian","2","Bachelor or equivalent","Yes","Computer Science","Native","Experienced (I use it often)",0.59,0.7,0.52,0.69,0.15,0.49,0.64,0.63,0.37,0.28,0.45,0.6,0.78,0.82,1.5159849999994,3,1,2,0,0,1,2,1,2,2,0,2,2,2,0,1,2,2,1,0,0,0,2,2,0,1.7256,0.56,0.72,0.32,0.73,0.63,0.27,0.44,0.38,0.57,0.72,0.56,0.48,0.44,0.57,0.06,0.64,0.28,0.65,0.58,0.29,0.21,0.46,0.53,0.77,2.24017333333294
"S151",2024-02-05 16:17:39,12.69705,"chrome 121.0.0","false","Windows 10",1920,953,"Female","27","Chinese","Singaporean","25","Bachelor or equivalent","No","communications","Native","Experienced (I use it often)",1,1,1,1,1,0.86,1,0.99,0.99,0.87,1,1,0.99,0.33,0.519138333334525,1,3,0,1,1,1,1,1,1,1,3,1,3,2,3,2,0,3,0,3,0,2,1,1,3,1.43768333333333,0.13,0.57,1,1,1,0.77,0.44,1,0.44,1,0.02,0.6,0.11,0.62,0.23,0.99,0.25,0.1,1,1,0.23,0.1,0,0.26,1.01940833333333
"S079",2024-02-05 15:44:34,78.0501166666667,"chrome 99.0.4844","true","Android OS",980,2006,"Male","29","Chinese","Singaporean","29","Bachelor or equivalent","No","Biological science ","Native","Experienced (I use it often)",0.67,0.68,0.74,0.67,0.76,0.96,0,0.65,0.19,0.95,0.74,0.39,0.69,0.58,0.941693333333731,0,2,0,1,2,2,1,1,3,0,2,2,1,1,2,3,2,0,1,2,0,1,0,1,2,1.58921666666667,0.06,0.59,0.69,0.01,0.91,0.05,0.94,0.96,0.18,0.03,0.61,0.28,0,0.19,0.19,0,0.26,0,0.97,0.99,0.1,0.39,0,0,1.21161166666547
"S433",2024-02-06 14:04:36,38.2648,"chrome 121.0.0","false","Mac OS",1440,754,"Female","31","Chinese","Singaporean","31","Bachelor or equivalent","No","Social Science","Native","No experience (but I heard about it)",0.29,1,1,0.66,1,0,0,0.85,1,0,1,0.7,0,0,0.86935,3,0,0,0,0,0,1,1,1,0,0,0,1,1,0,1,0,1,0,0,1,0,1,1,0,1.53381666666667,0.63,0.79,0.81,0.3,0.65,0.16,0.15,0.35,0.31,0.7,0,0.37,0.24,0.79,0.26,0.38,0.89,0,0.16,0,0.19,0,0.33,0,1.18628166666677
"S364",2024-02-05 23:06:17,14.6961333333333,"safari 17.2.1","false","Mac OS",1920,1000,"Male","27","Chinese","Singaporean","27","Bachelor or equivalent","No","Electrical and Electronics Engineering","Fluent (conversational)","Highly experienced (I use it a lot)",0.84,0.78,0.69,0.9,0.66,0.79,0.71,0.79,0.89,0.77,0.7,0.83,0.61,0.73,0.354833333333333,1,2,2,2,2,1,2,2,2,2,1,2,2,2,3,2,2,3,2,1,1,2,2,2,2,0.841566666666667,0.34,1,0.59,0.44,0.43,0.6,1,0.26,0.86,1,0.19,1,1,1,1,0.63,0.26,0,1,0.61,0.65,0.43,0,0,1.13408333333333
"S001",2024-02-01 18:56:59,49.5862833333333,"edge-chromium 121.0.0","false","Windows 10",912,709,"Male","23","Chinese","Singaporean","23","High school or equivalent (A-levels, Diploma, etc.)","Yes","Biological Sciences and Psychology","Native","Relatively experienced (I used it a few times)",0.65,0.67,0.62,0.62,0.66,0.34,0.41,0.59,0.42,0.23,0.37,0.66,0.58,0.22,1.77624833333294,0,2,0,1,1,2,0,1,0,1,2,0,1,0,0,0,0,0,0,2,1,1,1,0,2,1.96303333333333,0.31,0.64,0.09,0.32,0.57,0.71,0.94,0.81,0.02,0.83,0.42,0.82,0.55,0.33,0.77,0.65,0.57,0.89,0.53,0.75,0.24,0.57,0.23,1,1.57277166666786
"S525",2024-10-23 11:08:16,255.353083333333,"edge-chromium 130.0.0","false","Windows 10",1920,1080,"Female","22","Filipino","Singaporean","17","High school or equivalent (A-levels, Diploma, etc.)","Yes","Sociology","Native","Little experience (I tried it)",0.46,1,0.59,0.58,0.6,0.75,0.55,0.69,0,0.56,0.86,0.57,0.57,0.69,1.727775,3,2,2,3,0,0,2,0,3,1,2,3,3,2,2,3,1,3,2,0,0,3,3,3,3,1.33561666666667,0.27,0.64,0.39,1,1,0.41,0.47,0.66,0.27,0.27,0.77,0.28,0,0.65,0.47,0.88,0.04,0,1,0.52,0.05,1,0.34,0,1.43585833333333
"S190",2024-02-05 16:59:41,49.2758833333333,"chrome 121.0.0","false","Windows 10",1536,695,"Female","21","Chinese","Singapore Citizen","21","High school or equivalent (A-levels, Diploma, etc.)","Yes","Geography","Fluent (academic)","Relatively experienced (I used it a few times)",0.64,0.57,0.54,0.54,0.66,0.38,0.06,0.6,0.6,0.67,0.87,0.89,0.28,0.14,0.926186666666468,0,2,0,0,0,0,0,1,1,0,0,0,0,1,3,0,0,3,0,1,0,0,1,0,0,1.87318333333333,0,1,1,0.19,1,0.09,0.28,0.15,0,1,0.24,0.2,0.07,0.93,0.35,0.59,0.09,0,1,0.08,0,0.17,0.03,0,1.16522833333313
"S351",2024-02-05 22:22:13,12.9778666666667,"chrome 121.0.0","false","Mac OS",1728,920,"Male","26","chinese","singaporean","26","Bachelor or equivalent","No","computer science","Native","Experienced (I use it often)",0.96,0.05,0.91,0.88,0.92,0.94,0.5,0.91,0.94,0.95,0.89,0.95,0.06,0.09,0.610216666666667,1,2,1,1,2,2,2,2,2,1,1,3,1,0,1,1,1,2,1,3,1,1,1,1,1,0.928016666666667,0.51,0.82,0.2,0.01,0.96,1,0.5,0.5,0.36,0.29,0.86,1,0.51,0.64,0.9,0.11,0.13,0.99,0.95,0.95,0.09,0.85,0.91,0.97,0.991053333333135
"S387",2024-02-06 09:30:52,16.6221166666667,"chrome 121.0.0","false","Windows 10",1280,551,"Male","26","Chinese","Singaporean","26","University (doctorate)","Yes","Civil Engineering ","Native","Highly experienced (I use it a lot)",0.81,0.26,0.68,0.71,0.67,0.32,0.75,0.71,0.28,0.32,0.31,0.75,0.84,0.73,1.26033999999762,1,0,1,2,0,1,1,1,1,1,0,3,2,2,1,0,2,0,1,0,1,0,1,1,0,1.14648333333333,0.73,0.83,0.28,0,0.8,0.2,0.3,0.03,0.71,0.73,0.31,0.73,0.63,0.67,0.71,0.25,0.29,0.72,0.75,0.24,0.23,0.22,0.75,0.27,0.972465000001589
"S301",2024-02-05 19:27:18,21.9023166666667,"ios 16.4.0","true","iOS",980,1646,"Female","28","Chinese","Singaporean","28","High school or equivalent (A-levels, Diploma, etc.)","No","Nursing","Native","Little experience (I tried it)",0.6,1,0.64,0.54,0.93,0.97,0.58,0.61,0.56,0.89,0.62,0.7,0.58,0.64,0.7983,0,0,2,1,0,0,0,1,0,0,0,0,0,1,0,0,1,0,0,0,2,0,2,0,1,1.59131666666667,0.25,0.99,0.71,0.32,0.84,0.3,1,1,0.68,0.64,0.23,0.33,0.2,0.98,0.73,0.26,0.25,0.11,0.98,1,0.01,0.04,0.27,0.21,0.926283333333333
"S493",2024-09-11 11:46:49,231.151683333333,"edge-chromium 128.0.0","false","Windows 10",1912,956,"Female","21","Filipino","Filipino","17","Bachelor or equivalent","Yes","Sociology and PPGA","Fluent (academic)","Highly experienced (I use it a lot)",0.88,0.66,0.75,0.64,0.64,0.6,0.86,0.64,0.85,0.4,0.73,0.61,0.38,0.8,2.33986833333348,3,2,1,1,0,1,2,2,2,0,0,1,2,2,2,1,0,2,1,2,2,2,2,1,3,4.3861,0.23,0.93,0.24,0.64,0.41,0.35,0.39,0.42,0.41,0.58,0.59,0.28,0.43,0.58,0.59,0.41,0.3,0.63,0.4,0.4,0.4,0.46,0.42,0.62,2.11655666666677
"S526",2024-10-24 09:14:02,122.349183333333,"edge-chromium 130.0.0","false","Windows 10",1920,1080,"Female","21","Chinese","Singaporean","21","High school or equivalent (A-levels, Diploma, etc.)","Yes","Psychology","Fluent (academic)","Little experience (I tried it)",0.61,0.58,0.63,0.64,0.75,0.57,0.35,0.84,0.38,0.55,0.7,0.7,0.56,0.4,2.69432000000079,2,1,2,2,0,0,0,1,2,2,1,2,0,1,0,1,0,3,0,0,2,1,3,1,1,2.81656666666667,0.56,0.93,0.54,0.82,0.73,0.57,0.32,0.38,0.36,0.42,0.7,0.61,0.28,0.96,0.55,0.61,0.22,0.68,0.42,0.23,0.29,0.34,0.61,0.63,2.91084833333492
"S332",2024-02-05 21:38:26,50.61685,"chrome 121.0.0","false","Mac OS",1120,678,"Female","28","chinese","singaporean","28","University (master) <sub><sup>or equivalent</sup></sub>","No","speech and language pathology","Native","Little experience (I tried it)",0.1,0.78,0.69,0.07,0.65,0.73,0.5,0.71,0.59,0.38,0.6,0.41,0.5,0.5,0.794170000000003,1,2,0,1,1,1,1,1,2,1,2,1,1,1,0,2,1,2,1,1,0,1,2,1,2,1.40501666666667,0,0.9,0.88,0.56,0.69,0.42,0.42,0.4,0.36,0.8,0.34,0.5,0.38,0.76,0.5,0.54,0.47,0,0.6,0.43,0.55,0,0,0,2.94052
"S198",2024-02-05 17:05:39,37.0860166666667,"safari 16.4.0","false","Mac OS",1280,623,"Female","23","Chinese","Singaporean ","23","High school or equivalent (A-levels, Diploma, etc.)","Yes","Communication Studies ","Fluent (academic)","Relatively experienced (I used it a few times)",0.59,0.46,0.69,0.55,0.7,0.57,0.56,0.65,0.64,0.53,0.62,0.58,0.47,0.52,0.65895,1,2,1,1,1,1,1,1,1,1,1,1,1,1,2,2,1,2,1,1,1,2,2,1,2,1.25051666666667,0.29,0.67,0.67,0.69,0.5,0.49,0.72,0.6,0.45,0.63,0.47,0.51,0.62,0.64,0.33,0.72,0.39,0.48,0.72,0.64,0.38,0.51,0.35,0.55,1.66846666666667
"S518",2024-10-10 09:13:25,133.71065,"edge-chromium 129.0.0","false","Windows 10",1912,956,"Female","24","Chinese","Singaporean","24","High school or equivalent (A-levels, Diploma, etc.)","Yes","Psychology","Fluent (conversational)","Experienced (I use it often)",0.71,0.67,0.72,0.82,0.77,0.25,0.37,0.85,0.69,0.82,0.43,0.75,0.25,0.68,1.65889499999881,1,1,1,1,0,1,1,1,1,1,1,1,1,1,0,2,1,2,0,0,0,1,1,0,1,2.13911666666667,0.15,0.83,0.66,0.47,0.43,0.34,0.7,0.38,0.66,0.76,0.33,0.67,0.35,0.82,0.75,0.29,0.31,0.37,0.75,0.71,0.34,0.27,0.13,0.73,2.41595500000119
"S150",2024-02-05 16:16:36,26.8671333333333,"ios 17.2.0","true","iOS",980,1665,"Female","23","malay","singaporean","23","High school or equivalent (A-levels, Diploma, etc.)","Yes","physiotherapy","Native","Relatively experienced (I used it a few times)",0.66,0.66,0.66,0.65,0.66,0.93,0.62,0.6,0.75,0.68,0.69,0.69,0.67,0.32,0.5012,2,2,1,2,1,1,2,2,2,1,2,2,2,2,2,2,2,2,1,2,2,1,2,2,1,1.24745,0.49,0.61,0.41,0.8,0.41,0.7,0.47,0.36,0.71,0.74,0.61,0.67,0.73,0.62,0.37,0.77,0.3,0.82,0.71,0.44,0.71,0.61,0.43,0.61,2.74076666666667
"S028",2024-02-05 15:32:27,34.2486666666667,"chrome 121.0.0","true","Android OS",980,1859,"Male","46","Chinese ","Singaporean ","46","Bachelor or equivalent","No","Business ","Native","Little experience (I tried it)",0.88,0.1,0.88,0.82,0.89,0.13,0.11,0.9,0.89,0.14,0.85,0.92,0.49,0.12,0.983561666666654,1,1,2,2,1,1,3,1,2,1,2,2,2,2,2,2,1,2,1,1,0,2,1,1,2,1.74285,0.12,0.94,0.37,0.21,0.78,0.15,0.61,0.64,0.69,0.73,0.75,0.83,0.74,0.86,0.19,0.11,0.62,0,0.77,0.78,0.67,0.51,0.07,0.02,1.14841166666669
"S360",2024-02-05 22:40:39,78.4777666666667,"safari 17.1.0","false","Mac OS",853,663,"Female","22","Chinese","Singaporean","22","High school or equivalent (A-levels, Diploma, etc.)","Yes","Design","Fluent (academic)","Little experience (I tried it)",0.43,0.61,0.72,0.48,0.71,0.79,0.33,0.61,0.62,0.63,0.55,0.38,0.41,0.39,1.95368333333333,0,2,1,1,0,0,1,0,1,0,1,0,1,2,2,1,1,2,0,0,0,1,2,1,1,7.90995,0.36,0.62,0.4,0.47,0.55,0.47,0.57,0.66,0.39,0.55,0.41,0.55,0.28,0.58,0.58,0.42,0.56,0.35,0.54,0.42,0.41,0.41,0.36,0.58,0.8305
"S548",2024-11-19 13:09:39,117.050083333333,"edge-chromium 130.0.0","false","Windows 10",1912,956,"Female","36","CHINESE","SINGAPOREAN","36","University (master) <sub><sup>or equivalent</sup></sub>","Yes","CREATIVE WRITING AND PUBLISHING","Native","Relatively experienced (I used it a few times)",0.58,1,0.13,1,0.59,0,1,1,0,0,0.14,0.7,0.58,1,1.20945666666627,1,1,2,2,0,0,1,1,2,2,1,2,2,2,2,0,0,0,1,0,1,0,1,0,1,2.93753333333333,0.63,0.64,0.53,0.44,0.64,0.43,0.52,0.45,0.54,0.54,0.51,0.43,0.16,0.76,0.58,0.37,0.62,0.14,0.7,0.19,0.16,0.57,0.4,0.4,1.97025666666726
"S510",2024-10-01 09:12:10,124.962716666667,"edge-chromium 129.0.0","false","Windows 10",1920,1080,"Male","23","Chinese","Singaporean","23","High school or equivalent (A-levels, Diploma, etc.)","Yes","Maritime Studies","Native","Experienced (I use it often)",0.69,0.87,0.8,0.8,0.64,0.73,0.26,0.81,0.8,0.72,0.77,0.87,0.36,0.33,1.48629,1,2,1,2,2,1,0,1,2,1,1,2,1,1,1,1,1,0,1,0,1,1,1,1,2,3.18033333333333,0.3,0.98,0.72,0.25,0.89,0.15,0.75,0.28,0.34,0.77,0.32,0.2,0.64,0.96,0.87,0.23,0.85,0.35,0.89,0.3,0.58,0.85,0.04,0.13,1.84958666666667
"S547",2024-11-15 10:56:03,257.798116666667,"edge-chromium 130.0.0","false","Windows 10",1912,956,"Female","21","Chinese","Singaporean","21","High school or equivalent (A-levels, Diploma, etc.)","Yes","Humanities - History","Native","Experienced (I use it often)",0.67,0.29,0.8,0.66,0.62,0.63,0.34,0.64,0.57,0.62,0.32,0.72,0.66,0.44,1.75600500000001,2,2,1,2,1,1,1,0,2,1,0,2,2,1,1,1,2,2,1,1,2,1,1,2,1,1.97388333333333,0.78,0.85,0.45,0.58,0.9,0.38,0.02,0.32,0.61,0.77,0.48,0.27,0.28,0.74,0.73,0.58,0.68,0.29,0.28,0.28,0.64,0.54,0.68,0.43,2.19495
"S200",2024-02-05 17:08:39,27.77325,"samsung 23.0.0","true","Android OS",980,1812,"Female","26","Malay","Singaporean","26","University (master) <sub><sup>or equivalent</sup></sub>","Yes","Social Sciences ","Native","Highly experienced (I use it a lot)",0.92,1,0.87,0.11,1,1,0.19,1,1,0.73,1,0.94,0.09,0.11,0.645080000003179,3,1,0,0,1,2,1,1,2,0,0,3,0,0,2,0,2,3,1,0,2,0,2,0,2,1.13085,0.9,0.91,0.7,0.98,1,0.24,0.04,0.06,0.18,0.65,0.8,0.73,0.15,0.78,0.19,0.71,0.68,0.8,0.17,0.18,0.16,0.74,0.6,0.86,12.08525
"S522",2024-10-18 09:20:14,97.7722666666667,"edge-chromium 129.0.0","false","Windows 10",1920,1080,"Male","24","Chinese","Singaporean","24","High school or equivalent (A-levels, Diploma, etc.)","Yes","Mechanical Engineering","Native","Highly experienced (I use it a lot)",1,0.31,0.74,0.89,0.75,0.3,0.68,0.62,0.63,0.38,0.68,0.61,0.33,0.4,1.50748333333333,1,1,1,0,1,0,0,1,0,0,1,1,0,2,0,2,0,1,1,1,1,1,0,0,1,2.53378333333333,0.12,0.74,0.64,0.07,0.39,0.32,0.44,0.35,0.67,0.77,0.66,0.47,0.6,0.65,0.72,0.09,0.73,0.04,0.32,0.32,0.78,0.3,0.02,0,3.14806833333572
"S199",2024-02-05 17:08:18,6.28238333333333,"samsung 23.0.0","true","Android OS",980,1866,"Other","Na","Ba","Na","Na","Primary school","Yes","Na","Fluent (conversational)","Little experience (I tried it)",0.65,0.81,0.66,0.64,0.76,1,1,0.61,0.71,0.67,0.77,0.77,0.89,0.22,0.335809999999901,2,2,2,2,2,2,2,2,2,2,2,2,2,2,2,2,2,2,2,2,2,2,2,2,2,0.401716666666667,0.19,0.23,0.24,0.2,0.27,0.24,0.35,0.26,0.28,0.22,0.27,0.2,0.25,0.29,0.19,0.27,0.29,0.25,0.84,0.32,0.25,0.29,0.3,0.19,0.267121666666865
"S247",2024-02-05 18:13:41,29.4243666666667,"chrome 110.0.0","true","Android OS",980,1666,"Female","33","Chinese","Singaporean","33","High school or equivalent (A-levels, Diploma, etc.)","No","Education ","Fluent (conversational)","Experienced (I use it often)",0.65,0.73,0.66,0.64,0.73,0.69,1,0.68,0.25,0.68,0.25,0.55,0.87,0.65,1.00503333333333,1,2,2,2,1,0,1,1,1,0,1,1,2,1,3,2,1,3,1,1,1,1,1,2,2,1.38358333333333,0.07,0.64,0.65,0.5,0.69,0.38,0.67,0.41,0.6,0.69,0.63,0.59,0.59,0.63,0.33,0.64,0.41,0.3,0.74,0.69,0.62,0.55,0.24,0.23,1.07938333333333
"S206",2024-02-05 17:22:06,22.84635,"ios 17.2.0","true","iOS",980,1665,"Female","36","Chinese","Singaporean","36","Bachelor or equivalent","No","Business","Fluent (academic)","Highly experienced (I use it a lot)",0.87,0.91,0.03,0.28,0.99,0.68,0.26,1,0.18,0.07,0.81,0.99,0.89,0.03,1.11661666666667,2,1,0,2,1,1,0,2,3,2,2,2,2,2,0,2,1,2,0,0,1,1,2,0,3,1.7121,0,0.36,0.27,0.77,0.77,0.23,0.75,0.86,0.18,0.57,0.43,0.64,0.22,0.38,0.27,0.86,0.16,0,1,0.83,0.31,0.19,0,0.65,1.54101666666667
"S436",2024-02-16 12:41:23,14.36175,"ios 17.2.0","true","iOS",980,1642,"Male","22","malay","singaporean","22","High school or equivalent (A-levels, Diploma, etc.)","No","sports ","Fluent (academic)","Little experience (I tried it)",0.59,0.58,0.6,0.62,0.65,0.45,0.38,0.46,0.58,0.52,0.64,0.59,0.56,0.6,1.09318333333333,2,2,2,2,2,2,2,1,1,2,2,2,1,2,2,2,1,1,2,2,1,1,1,1,2,0.714083333333333,0.54,0.6,0.54,0.54,0.41,0.66,0.68,0.28,0.67,0.61,0.63,0.59,0.62,0.65,0.47,0.6,0.57,0.48,0.45,0.47,0.55,0.63,0.53,0.53,0.6205
"S230",2024-02-05 17:44:46,38.8598,"chrome 121.0.0","true","Android OS",980,1775,"Male","29","Chinese","Singapore","29","University (master) <sub><sup>or equivalent</sup></sub>","No","arts and Humanitiea","Native","Relatively experienced (I used it a few times)",0.08,0.22,0.69,0.73,0.2,0.62,0.67,0.3,0.26,0.78,0.69,0.9,0.66,0.21,1.22015666666664,1,1,1,2,1,0,0,0,2,0,1,2,1,1,0,0,0,0,1,1,0,1,0,1,1,1.17335,0.27,0.81,0.64,0.07,0.85,0.18,0.5,0.3,0.52,0.95,0.33,0.56,0.25,0.78,0.95,0.18,0.24,0.18,0.18,0.37,0.4,0.11,0.44,0.16,0.929875
"S139",2024-02-05 16:09:51,26.7926833333333,"chrome 103.0.0","false","Mac OS",1280,592,"Female","27","Chinese","Singaporean","27","Bachelor or equivalent","No","Communication Studies","Native","Relatively experienced (I used it a few times)",0.6,0.9,0.89,0.61,0.66,0.78,0.4,1,0.9,0.61,1,0.91,0.07,0.41,1.06608333333333,1,1,2,2,1,2,1,1,3,1,1,1,1,2,1,1,1,2,1,2,2,1,1,1,1,1.07598333333333,0.5,0.77,0.22,0.92,0.38,0.78,0.77,0.89,0.4,0.89,0.23,0.92,0.38,0.76,0.39,0.5,0.23,0.77,0.38,0.36,0.36,0.08,0.7,0.81,1.466885
"S076",2024-02-05 15:42:19,18.7628666666667,"chrome 121.0.0","false","Windows 10",1920,919,"Male","27","Chinese","Singaporean","27","High school or equivalent (A-levels, Diploma, etc.)","Yes","Diagnostic Radiography","Fluent (academic)","Little experience (I tried it)",0.7,0.71,0.55,0.44,0.59,0.39,0.37,0.57,0.6,0.4,0.33,0.67,0.77,0.6,0.936529999999205,1,1,0,2,1,0,0,1,2,0,2,2,1,2,0,1,1,2,0,0,2,0,1,1,2,1.207,0.34,0.69,0.57,0.07,0.28,0.36,1,0.2,0.07,0.77,0.05,0.58,0.25,0.61,0,0.29,0.29,0.42,1,0.62,0.17,0.37,0,0.09,1.14939833333095
"S088",2024-02-05 15:47:03,40.2515166666667,"chrome 121.0.0","true","Android OS",980,1788,"Male","25","Chinese","Singaporean","25","High school or equivalent (A-levels, Diploma, etc.)","Yes","Computer science ","Native","Experienced (I use it often)",0.78,0.29,0.83,0.85,0.68,0.68,0.11,0.69,0.27,0.12,0.15,0.71,0.86,0.23,1.48005500000318,2,1,2,3,1,1,1,1,1,3,1,1,2,3,2,3,0,1,1,1,2,3,1,1,3,1.92241666666667,0,0.23,0.22,0.64,0.93,0.62,0.89,0.3,0.86,0.59,0.88,0.37,0.27,0.26,0.91,0.67,0.25,0.24,0.95,0.28,0.27,0.01,0.01,0.02,1.10838999999364
"S516",2024-10-09 09:20:06,143.189166666667,"edge-chromium 129.0.0","false","Windows 10",1912,956,"Male","25","Indian","Singaporean","25","High school or equivalent (A-levels, Diploma, etc.)","Yes","Computer Science","Native","Experienced (I use it often)",0.98,0.78,1,0.75,0.64,0.63,0.17,1,0.69,0,0.33,0.85,0.89,0.95,3.76660500000119,2,1,0,2,0,2,0,2,2,0,1,2,1,1,2,2,2,3,1,2,2,1,0,0,2,1.44988333333333,0.37,0.67,0.24,0.2,0.24,0.6,0.36,0.07,0.17,0.77,0.57,0.6,0.72,0.82,0.75,0.17,0.26,0.67,0.27,0.34,0,0.84,0.4,0.92,3.902075
"S102",2024-02-05 15:56:06,99.0657333333333,"edge-chromium 121.0.0","false","Windows 10",951,552,"Male","21","Chinese","Singaporean","21","High school or equivalent (A-levels, Diploma, etc.)","Yes","Social science","Native","Experienced (I use it often)",0.65,0.64,0.76,0.75,0.63,0.85,0.7,0.82,0.63,0.74,0.74,0.75,0.76,0.75,0.608303333333383,1,1,1,1,1,2,2,2,2,1,1,2,1,1,2,2,1,1,1,2,1,0,1,1,1,22.7270333333333,0.14,0.36,0.66,0.13,0.28,0.94,0,0.15,0.7,1,0.63,0.66,0.17,0.38,0.77,0.26,0.34,0.17,0.73,0.82,0.64,0.66,0.65,0.94,0.950978333333383
"S161",2024-02-05 16:26:31,17.7746,"chrome 121.0.0","false","Windows 10",1280,551,"Female","23","Chinese","Singaporean","23","High school or equivalent (A-levels, Diploma, etc.)","Yes","Physiotherapy","Fluent (academic)","Little experience (I tried it)",0.66,0.68,0.68,0.69,0.69,0.68,0.66,0.69,0.68,0.68,0.68,0.66,0.69,0.66,1.01264000000159,1,2,1,2,2,2,1,2,2,2,2,1,1,2,1,2,1,1,1,2,1,2,2,1,2,1.42875,0,0.69,0.73,0.71,0.72,0.14,0.58,0.65,0.4,0.71,0.02,0.37,0.01,0.62,0.17,0.75,0.19,0.62,0.7,0.71,0.22,0.27,0.26,0,0.834301666665077
"S051",2024-02-05 15:36:55,94.6537833333333,"chrome 120.0.0","true","Android OS",980,1707,"Male","33","Chinese","Chinese","33","Bachelor or equivalent","No","Science","Fluent (academic)","Relatively experienced (I used it a few times)",0.75,0.32,0.62,0.62,0.66,0.37,0.67,0.35,0.64,0.18,0.34,0.96,0.27,0.34,1.86623166666677,2,3,2,2,2,0,1,0,1,0,2,2,0,2,0,0,0,3,1,0,2,0,0,0,2,1.59635,0.09,0.8,0.81,0.05,0.74,0.14,1,0.32,0.29,0.83,0.33,0.84,0.3,0.73,0.62,0.3,0.39,0.01,1,0.19,0.88,0.83,0,0.73,1.47065166666669
"S322",2024-02-05 20:42:17,39.0375333333333,"chrome 121.0.0","false","Windows 10",1920,911,"Male","24","Chinese","Singapore","24","High school or equivalent (A-levels, Diploma, etc.)","Yes","Information Systems","Fluent (academic)","Experienced (I use it often)",0.73,0.75,0.68,0.68,0.73,0.76,0.48,0.59,0.71,0.89,0.57,0.81,0.56,0.53,0.631494999999995,2,2,1,2,2,1,2,2,2,1,1,2,2,2,1,2,1,2,1,2,1,2,2,2,2,2.75333333333333,0.37,0.6,0.61,0.59,0.62,0.59,0.59,0.43,0.58,0.61,0.39,0.69,0.41,0.39,0.41,0.61,0.4,0.42,0.58,0.42,0.63,0.42,0.32,0.38,2.57967833333333
"S409",2024-02-06 11:37:33,35.3534833333333,"chrome 120.0.0","false","Windows 10",1272,559,"Female","26","Chinese","Singaporean","26","Bachelor or equivalent","No","Geography","Fluent (academic)","Relatively experienced (I used it a few times)",0.68,1,0.47,0.34,0.8,0.6,0.27,0.74,0.7,0.07,0.74,0.8,0.27,0.4,2.0637399999996,3,1,0,0,0,0,0,3,0,0,0,1,1,0,0,1,0,3,0,0,1,0,2,1,1,1.47436666666667,0.65,1,0.75,0.63,0.6,0.15,0.39,0.13,0.17,0.91,0,0.1,0.27,0.99,0.35,0.39,0.38,0,0.36,0,0,0,0.3,0,1.07566666666667
"S168",2024-02-05 16:35:34,49.5231333333333,"opera 106.0.0","false","Windows 10",1536,723,"Female","23","Chinese","Singaporean","23","Bachelor or equivalent","No","Digital Media","Native","No experience (but I heard about it)",0.36,1,0.81,0.52,0.73,0.81,0.59,0.78,0.87,0.79,0.65,0.6,0.61,0.58,1.26571333333353,1,2,2,3,0,2,2,1,2,0,1,2,2,1,2,3,1,2,1,1,2,1,2,2,1,1.49103333333333,0.29,0.8,0.43,0.62,0.69,0.35,0.76,0.36,0.38,0.61,0.63,0.61,0.35,0.69,0.3,0.66,0.12,0.24,0.84,0.35,0.29,0.38,0.27,0.39,0.929884999999901
"S504",2024-09-25 11:33:45,218.73165,"edge-chromium 129.0.0","false","Windows 10",1920,1080,"Male","28","Chinese","Singaporean","28","Bachelor or equivalent","Yes","EEE","Fluent (academic)","Relatively experienced (I used it a few times)",0.62,0.23,0.59,0.54,0.54,0.62,0.54,0.75,0.61,0.67,0.6,0.62,0.66,0.31,0.909575,1,2,0,2,1,2,1,1,1,0,1,1,1,1,1,1,0,1,0,0,1,0,1,1,2,1.60786666666667,0.6,0.65,0.65,0.42,0.42,0.53,0.38,0.39,0.4,0.6,0.32,0.59,0.32,0.6,0.63,0.36,0.36,0.63,0.41,0.38,0.47,0.34,0.64,0.56,0.997034999999901
"S056",2024-02-05 15:37:14,30.3710833333333,"chrome 120.0.0","false","Windows 10",1164,549,"Female","23","chinese","singaporean","23","Bachelor or equivalent","No","Animal behaviour","Native","Experienced (I use it often)",1,0.26,0.47,0.25,0.91,0.45,0.74,0.99,0.58,1,0.47,0.98,0.91,0.49,0.948861666666716,2,3,1,2,0,0,1,1,2,0,2,2,2,1,0,3,1,3,0,2,3,2,3,1,3,1.2361,0,0.99,0.83,1,0.59,0.56,1,0.16,0.48,0.83,0.19,0.5,0.51,1,0.35,1,0.16,1,1,0.51,0.74,0.67,0,0.5,1.19931000000002
"S179",2024-02-05 16:46:09,243.301333333333,"ios 17.3.0","true","iOS",980,1661,"Male","31","Chinese","Singapore Citizen ","31","Bachelor or equivalent","No","Human Resources ","Native","Relatively experienced (I used it a few times)",0.56,0.63,0.54,0.58,0.64,0.52,0.51,0.65,0.64,0.6,0.57,0.61,0.54,0.53,0.86325,1,1,1,0,0,0,0,1,0,1,1,0,0,0,3,0,0,2,0,1,2,2,0,0,3,2.06108333333333,0.44,0.42,1,0.45,0.54,1,1,0.58,0.38,1,0,1,0.48,0.6,0.61,1,0.41,1,0.57,0.41,0.47,0,0.32,0.5,1.86468333333333
"S483",2024-08-28 13:18:01,128.496233333333,"edge-chromium 128.0.0","false","Windows 10",1912,956,"Female","23","Chinese","Singaporean","23","High school or equivalent (A-levels, Diploma, etc.)","Yes","English Linguistics","Native","Relatively experienced (I used it a few times)",0.74,0.74,0.73,0.58,0.74,0.73,0.74,0.75,0.71,0.24,0.76,0.74,0.74,0.28,1.20891000000636,0,2,3,2,2,2,2,1,2,1,2,2,2,2,1,2,1,3,1,2,2,2,2,2,2,2.50818333333333,0.36,0.6,0.38,0.6,0.59,0.59,0.63,0.22,0.96,0.58,0.58,0.59,0.63,0.57,0.22,0.69,0.29,0.09,0.62,0.15,1,0.6,0.35,0,1.766275
"S040",2024-02-05 15:34:48,18.5805833333333,"chrome 120.0.0","false","Windows 10",1920,919,"Female","31","Chinese","Singapore","31","Bachelor or equivalent","No","Business","Native","Experienced (I use it often)",0.71,0.85,0.69,0.65,0.56,0.66,0.75,0.62,0.6,0.64,0.57,0.55,0.65,0.37,0.501808333333333,2,3,0,2,2,1,2,2,2,0,1,2,2,2,1,2,2,2,0,2,2,1,3,2,3,0.794716666666667,0.55,0.75,0.69,0.83,0.79,0.77,0.6,0.41,0.4,0.74,0.43,0.86,0.37,0.83,0.56,0.7,0.41,0.68,0.57,0.76,0.42,0.7,0.63,0.9,0.647241666666667
"S280",2024-02-05 18:52:47,160.425033333333,"chrome 121.0.0","true","Android OS",980,1707,"Female","31","Chinese ","Singaporean","31","Bachelor or equivalent","No","Statistics and data science ","Native","Relatively experienced (I used it a few times)",0.42,0.78,0.94,0.64,0.77,0.79,0.26,0.96,0.91,0.41,0.58,0.89,0.59,0.25,1.4980100000004,2,2,0,1,0,0,1,0,2,0,1,1,1,1,1,0,1,3,0,0,1,1,2,0,1,2.93411666666667,0.16,0.85,0.62,0.21,0.13,0.34,0.69,0.4,0.37,0.94,0.34,0.61,0.95,0.85,0.33,0.15,0.36,0,0.92,0.27,0.59,0.03,0.41,0.1,1.67546666666667
"S173",2024-02-05 16:38:22,26.0095333333333,"opera 106.0.0","false","Windows 10",1038,980,"Male","25","Chinese","Singaporean","18","High school or equivalent (A-levels, Diploma, etc.)","Yes","Material Science & Engineering","Native","Experienced (I use it often)",0.78,0.9,0.7,0.83,0.59,0.39,0.65,0.72,0.79,0.89,0.92,1,0.3,0.69,0.681780000001192,0,2,2,1,1,2,0,1,2,0,2,1,0,2,0,0,1,2,0,0,1,1,1,0,0,1.01946666666667,0.27,0.68,0.4,0.58,0.63,0.44,0.89,0.17,0.65,0.65,0.34,0.25,0.5,0.65,0.75,0.6,0.37,0,0.79,0.64,0.55,0.19,0,0,0.799303333332141
"S299",2024-02-05 19:24:29,19.04375,"chrome 121.0.0","true","Android OS",980,1905,"Female","28","Chinese","Singaporean","28","Bachelor or equivalent","No","Accountancy","Native","Experienced (I use it often)",0.58,0.74,0.85,0.29,0.89,0.94,0.13,0.91,0.89,0.21,0.89,0.55,0.12,0.83,1.16191166666746,2,2,2,2,0,1,1,1,1,1,1,2,0,2,1,3,1,2,1,1,1,0,2,1,1,1.50548333333333,0.17,0.82,0.59,0.61,0.35,0.84,0.78,0.33,0.3,0.59,0.36,0.69,0.31,0.76,0.37,0.8,0.23,0.07,0.68,0.14,0.68,0.7,0.03,0.27,1.22610833333333
"S135",2024-02-05 16:07:48,128.462466666667,"chrome 121.0.0","false","Windows 10",1536,760,"Male","22","Chinese","Singapore Citizen","22","High school or equivalent (A-levels, Diploma, etc.)","Yes","Computer Engineering","Fluent (conversational)","Relatively experienced (I used it a few times)",0.84,0.81,0.89,0.3,0.94,0.89,0.98,0.86,0.9,0.28,0.93,0.92,0.22,0.27,0.852966666666667,0,1,2,3,2,1,1,1,3,1,2,3,0,2,1,1,2,3,2,1,2,0,1,0,3,2.41648333333333,0.2,0.74,0.27,0.33,0.71,0.57,0.74,0.7,0.19,0.79,0.62,0.3,0.4,0.72,0.7,0.26,0.31,0.38,0.54,0.69,0.2,0.25,0.3,0.38,0.988883333333333
"S261",2024-02-05 18:32:06,50.0442833333333,"samsung 23.0.0","true","Android OS",980,1807,"Female","27","Chinese","Singaporean","27","Bachelor or equivalent","Yes","Food science ","Native","Little experience (I tried it)",0.74,0.57,0.93,0.6,0.75,0.84,0.64,0.78,0.74,0.79,1,0.72,0.18,0.65,1.64318833333254,2,2,2,2,1,1,2,2,2,1,1,2,2,1,1,2,1,1,1,1,2,1,2,2,2,1.10851666666667,0.18,0.71,0.61,0.87,0.71,0.62,0.79,0.71,0.64,0.77,0.63,0.71,0.3,0.62,0.63,0.81,0.33,0.5,0.76,0.63,0.36,0.35,0.15,0.3,1.98749666666587
"S381",2024-02-06 02:29:41,33.0451,"chrome 121.0.0","false","Windows 10",1280,567,"Male","25","Chinese","Singaporean","25","High school or equivalent (A-levels, Diploma, etc.)","Yes","Social Sciences","Native","Experienced (I use it often)",0.66,0.74,0.84,0.74,0.32,0.58,0.36,0.88,0.63,0.65,0.61,0.73,0.64,0.59,0.869984999999901,3,0,1,0,0,0,0,0,0,0,0,0,0,1,1,0,0,1,0,0,0,1,0,0,1,1.9993,0.18,0.78,0.6,0.36,0.66,0.31,0.47,0.4,0.62,0.65,0.29,0.47,0.37,0.69,0.73,0.11,0.57,0.16,0.72,0.23,0.38,0.41,0.27,0.09,0.921451666666816
"S359",2024-02-05 22:40:16,23.7454,"ios 16.6.0","true","iOS",980,1675,"Female","27","Chinese","Singaporean","27","University (master) <sub><sup>or equivalent</sup></sub>","Yes","Public health ","Native","Highly experienced (I use it a lot)",0.78,0.75,0.63,0.84,0.92,0.65,0.24,0.96,0.73,0.24,0.72,0.75,0.73,0.26,0.855183333333333,3,2,1,2,0,0,0,1,1,0,1,1,0,0,1,1,0,3,0,1,2,1,2,1,2,1.27251666666667,0.33,0.79,0.8,0.69,0.26,0.28,0.81,0.15,0.93,0.75,0.69,0.23,0.76,0.81,0.27,0.32,0.29,0.14,0.84,0.82,0.85,0.1,0.24,0.18,0.960716666666669
"S220",2024-02-05 17:35:28,25.8494,"chrome 121.0.0","true","Android OS",980,1862,"Female","43","Chinese","Singaporean","43","University (master) <sub><sup>or equivalent</sup></sub>","No","Science","Native","Little experience (I tried it)",0.53,0.86,0.82,0.21,0.89,0.83,0.16,0.88,0.85,0.76,0.8,0.73,0.79,0.19,0.610535000000025,0,1,0,1,0,0,0,2,0,0,0,1,1,0,1,0,1,0,0,1,0,1,0,0,1,1.62591666666667,0.33,0.33,0.8,0.23,0.71,0.34,0.88,0.25,0.25,0.23,0.17,0.3,0.26,0.78,0.94,0.21,0.21,0.22,0.86,0.23,0.69,0.2,0.21,0.22,1.02555999999996
"S078",2024-02-05 15:43:56,15.6936166666667,"chrome 121.0.0","false","Windows 10",1920,911,"Female","21","chinese","singaporean","21","High school or equivalent (A-levels, Diploma, etc.)","Yes","medicine","Native","Experienced (I use it often)",0.73,0.75,0.67,0.37,0.76,0.6,0.31,0.86,0.8,0.62,0.72,0.8,0.33,0.34,0.617391666666667,2,1,1,0,0,0,1,1,1,0,1,1,1,1,1,1,2,1,1,0,1,1,2,0,1,1.17156666666667,0.36,0.62,0.38,0.31,0.58,0.36,0.36,0.17,0.34,0.4,0.69,0.3,0.34,0.6,0.78,0.26,0.61,0.3,0.39,0.3,0.35,0.6,0.6,0.16,0.769183333333333
"S082",2024-02-05 15:45:11,40.7218333333333,"chrome 120.0.0","false","Mac OS",1440,779,"Female","22","Chinese","Singaporean","22","High school or equivalent (A-levels, Diploma, etc.)","Yes","Food Science","Native","Little experience (I tried it)",0.64,0.56,0.55,0.67,0.58,0.53,0.43,0.54,0.29,0.43,0.41,0.74,0.54,0.47,0.668471666666369,2,1,2,2,0,1,1,1,1,0,1,1,2,1,2,2,1,1,1,1,1,1,1,1,1,1.18095,0.11,0.64,0.3,0.42,0.56,0.53,0.47,0.63,0.39,0.55,0.59,0.3,0.42,0.6,0.65,0.38,0.55,0.13,0.86,0.54,0.56,0.45,0.25,0.13,1.0034449999998
"S499",2024-09-17 13:35:07,100.72805,"edge-chromium 128.0.0","false","Windows 10",1912,956,"Male","25","Chinese","Chinese","1","University (master) <sub><sup>or equivalent</sup></sub>","Yes","business","Fluent (academic)","Highly experienced (I use it a lot)",1,0,1,1,1,0,1,0,1,1,0.15,1,1,0.21,1.69945,0,0,0,0,3,2,0,2,2,0,1,2,0,2,3,1,0,2,0,2,0,3,2,3,3,1.49548333333333,0.05,0.09,0.07,0.58,0.57,0,0.88,0.94,0.83,1,0,0.24,0.12,0.46,0.46,0.39,0.4,0.14,0.1,0.07,0.05,0.13,0.35,0.07,3.64621500000159
"S111",2024-02-05 15:59:54,35.3211833333333,"chrome 121.0.0","false","Mac OS",1440,788,"Male","23","Chinese","Singaporean","23","High school or equivalent (A-levels, Diploma, etc.)","Yes","Psychology","Native","Relatively experienced (I used it a few times)",0.59,0.64,0.32,0.4,0.59,0.64,0.18,0.59,0.63,0.62,0.46,0.52,0.59,0.43,0.813671666666865,2,2,0,2,0,1,0,1,1,2,1,1,0,2,0,1,0,2,0,1,0,2,1,1,1,1.95885,0.12,0.79,0.61,0.38,0.17,0.54,0.7,0.33,0.45,0.91,0.36,0.33,0.83,0.89,0.78,0.35,0.61,0.05,0.81,0.14,0.64,0.23,0.01,0.21,2.42484666666687
"S155",2024-02-05 16:19:28,37.0669,"chrome 121.0.0","false","Windows 10",1740,831,"Male","26","Chinese","Singaporean","26","University (master) <sub><sup>or equivalent</sup></sub>","No","Arts and Humanities","Native","Experienced (I use it often)",0.66,0.29,0.36,0.68,0.58,0.37,0.63,0.37,0.58,0.26,0.6,0.38,0.42,0.58,0.375703333334128,2,1,2,1,2,0,2,2,1,1,1,3,2,1,3,3,1,3,1,0,1,2,3,2,3,0.702866666666667,0.38,0.39,0.37,0.93,0.69,0.08,0.75,0.7,0.6,0.27,0.73,1,0,0.67,0.62,0.85,0,0.21,0.82,0.86,0.21,0.6,0.6,0.34,0.619248333334923
"S316",2024-02-05 20:21:52,29.59095,"ios 17.2.0","true","iOS",980,1722,"Male","45","Chinese","Singaporean","45","Bachelor or equivalent","No","Business ","Fluent (academic)","Little experience (I tried it)",0.64,0.3,0.7,0.76,0.72,0.33,0.35,0.74,0.64,0.31,0.65,0.63,0.43,0.25,1.18981666666667,0,1,0,0,1,1,0,1,0,1,0,0,0,0,0,0,0,0,0,2,1,1,0,0,1,2.7284,0.38,0.68,0.77,0.31,0.39,0.63,0.44,0.66,0.39,0.41,0.37,0.67,0.4,0.59,0.46,0.32,0.7,0.84,0.57,0.65,0.46,0.23,0.6,0.17,1.70768333333333
"S136",2024-02-05 16:08:00,114.008283333333,"chrome 121.0.0","false","Windows 10",850,325,"Female","28","chinese","Singapore citizen","28","Bachelor or equivalent","No","Electrical Engineering","Native","Relatively experienced (I used it a few times)",0.65,0.57,0.59,0.76,0.41,0.57,0.3,0.7,0.63,0.52,0.81,0.88,0.37,0.56,0.996205000000199,0,2,1,1,1,0,1,1,0,1,2,2,1,1,1,2,1,2,1,1,1,2,2,2,3,1.51213333333333,0.31,0.73,0.66,0.69,0.72,0.55,0.81,0.32,0.34,0.68,0.33,0.58,0.23,0.66,0.39,0.73,0.35,0.43,0.73,0.36,0.32,0.68,0.31,0.33,0.773821666666865
"S536",2024-11-05 13:13:08,125.359166666667,"edge-chromium 130.0.0","false","Windows 10",1912,956,"Female","22","Malay","Singaporeans","22","High school or equivalent (A-levels, Diploma, etc.)","Yes","Psychology and Linguistics & Multilingual Studies","Native","Experienced (I use it often)",0.45,0.78,0.56,0.58,0.6,0.62,0.63,0.63,0.36,0.81,0.44,0.57,0.64,0.43,2.00146666666667,1,1,2,3,1,1,0,1,2,2,1,2,1,1,2,2,0,3,0,1,1,1,1,2,1,2.2874,0.06,0.68,0.57,0.22,0.68,0.41,0.58,0.43,0.61,0.76,0.28,0.43,0.55,0.68,0.28,0.39,0.39,0.27,0.66,0.45,0.65,0.4,0.1,0.38,1.85735666666652
"S128",2024-02-05 16:03:34,76.8319833333333,"chrome 121.0.0","false","Windows 10",1920,945,"Female","28","Malay","Singaporean","28","Bachelor or equivalent","No","Early Childhood Education","Fluent (academic)","Experienced (I use it often)",1,0.06,1,1,0.93,0.7,0.72,0.92,0.82,0,0.69,1,0.06,0.59,0.897763333332539,0,2,1,1,1,0,1,1,2,1,0,0,2,2,0,1,0,2,1,0,2,1,2,0,1,3.38651666666667,0.3,0.92,0.75,1,1,0.41,0.81,0.16,0.21,1,0.57,0.41,0,0.88,0.3,1,0.01,0,0.27,0.16,0.17,0.38,0.64,1,30.2811683333337
"S162",2024-02-05 16:28:21,12.7529,"edge-chromium 121.0.0","false","Windows 10",1272,606,"Female","24","Chinese","SIngaporean","23","Bachelor or equivalent","No","accounting","Native","Experienced (I use it often)",0.55,0.56,0.6,0.58,0.62,0.61,0.59,0.54,0.54,0.6,0.58,0.59,0.62,0.59,0.417068333333731,2,1,2,2,2,2,2,2,2,2,2,2,2,2,2,2,2,2,2,2,2,2,2,2,2,0.75,0.63,0.61,0.6,0.6,0.59,0.61,0.6,0.59,0.6,0.62,0.6,0.59,0.59,0.59,0.59,0.63,0.61,0.62,0.59,0.61,0.6,0.59,0.57,0.57,0.569376666667064
"S356",2024-02-05 22:37:30,12.28115,"chrome 121.0.0","true","Android OS",980,1847,"Female","25","chinese","singaporean","25","High school or equivalent (A-levels, Diploma, etc.)","Yes","social science","Native","No experience (but I heard about it)",0.65,0.27,0.94,0.71,0.93,0.7,0.14,0.92,0.94,0.87,0.94,0.9,0.12,0.16,0.504716666666667,2,2,1,1,2,2,2,2,1,0,2,1,1,0,1,1,1,1,1,3,1,1,1,0,3,0.690466666666667,0.07,0.12,0.91,0.18,0.15,0.73,0.85,0.84,0.68,0.9,0.15,0.6,0.11,0.12,0.14,0.84,0.17,0.09,0.85,0.88,0.85,0.12,0.07,0.15,0.437361666666654
"S050",2024-02-05 15:36:33,132.543233333333,"chrome 121.0.0","false","Windows 10",1536,707,"Male","27","Chinese","Sinagaporean","27","Bachelor or equivalent","No","Business","Native","Little experience (I tried it)",0.57,0.61,0.65,0.55,0.69,0.56,0.37,0.63,0.58,0.52,0.64,0.37,0.59,0.33,0.563213333333346,1,1,1,1,0,1,1,1,1,1,1,1,1,2,1,1,1,2,1,0,0,1,2,1,1,1.30631666666667,0.28,0.71,0.71,0.52,0.4,0.31,0.64,0.39,0.55,0.65,0.27,0.53,0.38,0.68,0.46,0.38,0.39,0.23,0.63,0.37,0.5,0.39,0.36,0.27,5.75363000000001
"S357",2024-02-05 22:38:19,38.1306333333333,"chrome 121.0.0","false","Mac OS",1440,703,"Female","21","Chinese","Singaporean","21","High school or equivalent (A-levels, Diploma, etc.)","Yes","Southeast Asian Studies","Native","No experience (but I heard about it)",0,0.87,0.8,0.44,0.82,1,0.59,0.88,0.58,0.23,0.72,0.27,0.66,0.26,0.58211166666667,0,2,1,2,0,1,1,1,1,0,2,1,1,1,2,1,1,2,1,1,2,1,2,0,2,1.1336,0,0.66,0.55,0.56,0.33,0.53,0.81,0.36,0.76,0.61,0.56,0.43,0.64,0.53,0.7,0.55,0.59,0,1,0.54,0.87,0.24,0,0.56,3.46596833333333
"S450",2024-02-16 15:51:02,43.82405,"ios 17.3.1","true","iOS",980,1698,"Female","48","Chinese","Singaporean","48","High school or equivalent (A-levels, Diploma, etc.)","No","Quality Assurance Engineering","Native","Relatively experienced (I used it a few times)",0.65,0.61,0.69,0.64,0.67,0.65,0.64,0.65,0.61,0.7,0.66,0.67,0.72,0.39,0.951566666666667,1,0,1,0,1,1,1,2,1,1,1,1,2,1,1,1,1,2,0,1,1,1,1,1,1,2.07153333333333,0.58,0.69,0.75,0.44,0.6,0.62,0.64,0.61,0.61,0.74,0.41,0.64,0.62,0.71,0.66,0.36,0.68,0.29,0.66,0.74,0.7,0.6,0.44,0.36,2.55998333333333
"S260",2024-02-05 18:31:43,10.7101833333333,"chrome 121.0.0","false","Windows 10",1920,953,"Female","25","Chinese","Singaporean PR","25","Bachelor or equivalent","No","mARKETING","Intermediate","Experienced (I use it often)",0.55,0.47,0.6,0.57,0.5,0.4,0.6,0.58,0.6,0.62,0.29,0.68,0.58,0.64,0.569363333333532,2,3,3,1,2,3,2,2,2,2,0,2,2,1,3,1,3,3,1,2,3,1,3,3,2,0.7929,0.75,0.95,0.7,0.99,1,1,0.3,0.17,0.21,0.24,1,1,0.19,0.99,0.91,1,0.94,0.73,0.14,0.28,0.79,1,0.79,1,0.627648333332936
"S237",2024-02-05 17:55:27,44.6098666666667,"chrome 121.0.0","false","Mac OS",1440,813,"Male","22","Chinese","Singaporean ","19","High school or equivalent (A-levels, Diploma, etc.)","Yes","Econs and Public Policy ","Native","Experienced (I use it often)",1,0.89,0.59,0.15,0.58,0.14,0.85,0.87,0.41,0.14,0.78,0.86,0.15,0.2,1.23762999999995,0,2,1,3,0,0,1,0,3,0,1,2,1,1,2,2,0,1,0,1,0,1,1,1,3,2.11276666666667,0,1,0.66,0.2,0.41,0,0.71,0.49,0,0.99,0.26,0.47,0.56,1,0.8,0.31,0.65,0,1,0,0.29,0.06,0,0,2.31790666666677
"S075",2024-02-05 15:41:59,20.4674333333333,"safari 16.2.0","false","Mac OS",928,710,"Female","22","Chinese","Singapore","22","High school or equivalent (A-levels, Diploma, etc.)","Yes","Law","Native","Relatively experienced (I used it a few times)",0.59,0.57,0.58,0.27,0.56,0.57,0.52,0.61,0.58,0.35,0.45,0.56,0.72,0.46,0.79085,1,1,1,1,1,1,1,1,1,1,1,1,1,1,2,1,0,2,1,0,1,1,2,1,1,0.709283333333333,0.45,0.54,0.46,0.54,0.64,0.46,0.42,0.4,0.35,0.52,0.47,0.48,0.24,0.6,0.46,0.6,0.39,0.58,0.48,0.38,0.39,0.4,0.53,0.63,0.725483333333333
"S186",2024-02-05 16:53:38,64.2392166666667,"safari 16.5.0","false","Mac OS",915,707,"Female","21","Chinese","Singaporean","21","High school or equivalent (A-levels, Diploma, etc.)","Yes","Geography","Native","Relatively experienced (I used it a few times)",0.4,0.82,0.7,0.57,0.63,0.63,0.28,1,0.71,0.06,0.8,0.71,0.32,0.39,1.60885,2,0,1,1,0,0,0,1,0,0,0,0,0,2,0,0,0,1,0,0,1,1,2,0,0,1.28845,0.07,0.81,0.13,0.18,0.66,0.14,0.59,0.15,0.17,0.59,0.55,0.05,0.36,0.93,0.86,0.13,0.73,0,0.57,0.21,0.36,0.03,0.17,0,0.984966666666659
"S068",2024-02-05 15:40:15,27.2644833333333,"chrome 121.0.0","true","Android OS",980,1926,"Female","24","Chinese","Singapore","24","Bachelor or equivalent","Yes","Business","Native","Little experience (I tried it)",0.86,0.76,0.91,0.35,0.82,0.85,0.67,0.74,0.73,0.67,0.87,0.85,0.43,0.68,0.686488333333346,2,2,0,2,1,0,0,3,2,0,0,1,1,1,0,0,1,0,0,1,3,0,1,2,1,1.37853333333333,0.12,0.71,0.63,0.05,0.86,0.28,0.7,0.71,0.88,0.92,0.18,0.11,0.07,0.77,0.55,0.14,0.82,0.09,0.8,0.9,0.83,0.8,0.1,0.1,1.03139333333336
"S371",2024-02-05 23:42:49,49.5014333333333,"chrome 121.0.0","false","Windows 10",1504,842,"Female","34","Chinese","Singaporean","34","Bachelor or equivalent","No","Accountancy Finance","Native","No experience (but I heard about it)",0.88,0.93,0.67,0.67,0.88,0.98,0.38,0.83,0.89,1,0.15,0.89,1,0.32,4.01628833333353,2,1,2,2,0,0,0,1,1,1,0,0,0,1,0,0,0,1,0,0,0,0,3,0,1,2.61726666666667,0,1,0.62,0.63,0.71,0,0.59,0.15,0.79,0.8,0.18,0.7,0.28,1,0.77,0.1,0.37,0,0.87,0.33,0.26,0,0.08,0,1.90642666666706
"S404",2024-02-06 11:03:24,759.245683333333,"edge-chromium 121.0.0","false","Windows 10",1272,564,"Female","32","Chinese","Singaporean","29","Bachelor or equivalent","Yes","Speech Language Pathology","Native","Relatively experienced (I used it a few times)",0.5,0.54,0.74,0.5,0.97,0.6,0.33,0.91,0.68,0,0.95,0.52,0.38,0.45,0.960238333336512,0,0,1,1,0,0,1,0,1,0,0,1,1,1,0,0,1,0,1,0,0,0,0,0,1,1.50783333333333,0.43,0.68,0.64,0,0.73,0.16,0.42,0.29,0,0.56,0.78,0.03,0.08,0.66,0.8,0.05,0.97,0,0.6,0.07,0,0.59,0.47,0,1.45183833333651
"S295",2024-02-05 19:17:56,22.5261666666667,"ios 17.2.0","true","iOS",980,1700,"Female","22","Chinese","Singaporean","22","Bachelor or equivalent","Yes","Psychology ","Native","Relatively experienced (I used it a few times)",0.26,0.84,0.74,0.75,0.77,0.93,0.76,0.73,0.81,0.97,0.73,0.8,0.73,0.28,0.82325,0,1,3,2,0,0,2,2,2,1,0,2,2,1,2,1,2,3,1,0,1,0,2,2,1,1.58533333333333,0.57,0.9,0,0.01,0.99,0.68,0.04,0.38,0.2,0.64,1,0.59,0.03,0.44,0.66,0.17,0.8,0,0.92,0.41,0.03,0.72,0.61,0.61,1.31118333333333
"S204",2024-02-05 17:14:03,30.1753833333333,"edge-chromium 121.0.0","false","Windows 10",1872,958,"Male","26","Chinese","Singaporean","26","Bachelor or equivalent","Yes","Arts and Humanities","Fluent (academic)","Experienced (I use it often)",1,0.62,0.21,0.82,0,0.4,0.66,0.29,0.33,0.22,1,1,0.29,1,1.08442666666669,1,0,1,2,0,2,2,1,1,0,3,1,3,1,3,1,1,2,1,1,1,2,0,1,3,1.553,0.06,0.66,0.36,0,0.34,0.4,1,0.5,0.28,0.64,0.23,0.51,0.34,0.62,1,0,0.54,0.2,1,0.65,0.22,0.43,0,0.32,1.15061333333328
"S011",2024-02-05 15:31:21,19.5132,"ios 16.5.1","true","iOS",980,1684,"Female","24","Chinese","Singaporean","20","Bachelor or equivalent","No","Arts and Humanities ","Native","Experienced (I use it often)",0.75,0.83,0,0.68,1,0.74,0.95,1,0,0.87,0.79,0.58,0.72,0.84,0.998983333333333,1,0,0,2,0,0,0,0,2,1,0,1,0,0,0,1,0,0,0,0,1,0,1,1,1,1.94363333333333,0.77,0.75,0.34,0.36,0.75,0.42,0.27,0.28,0.27,0.6,0.42,0.98,0.05,0.86,1,0.07,0.74,0.76,0.41,0.49,0.11,0.31,0.58,0.76,1.31023333333333
"S027",2024-02-05 15:32:23,14.5628,"chrome 121.0.0","false","Windows 10",1536,730,"Male","28","Malay","Singaporean","28","Bachelor or equivalent","Yes","OBHR","Fluent (academic)","Relatively experienced (I used it a few times)",0.64,0.68,0.68,0.7,0.7,0.65,0.66,0.68,0.67,0.67,0.7,0.64,0.62,0.64,0.571146666666664,1,2,2,3,1,2,2,2,2,1,1,2,2,2,2,1,1,1,1,1,2,1,1,2,3,0.87485,0.13,0.82,0.23,0.64,0.9,0.24,0.55,0.22,0.24,0.65,0.2,0.72,0.24,0.66,0.69,0.65,0.38,0.26,0.62,0.18,0.19,0.19,0.26,0.56,0.888293333333343
"S063",2024-02-05 15:39:30,35.10695,"chrome 121.0.0","false","Windows 10",1707,932,"Female","23","Chinese","Singaporean","23","Secondary school up to 16 years","No","NIL","Fluent (academic)","Relatively experienced (I used it a few times)",0.64,0.67,0.8,0.63,0.6,0.77,1,0.59,0.81,0.91,0.41,1,0.86,0.76,1.88871833333174,1,1,1,1,0,0,0,1,0,0,1,0,0,1,1,2,0,2,0,0,0,0,1,1,0,1.90021666666667,0.68,1,0.8,0.64,1,0.38,0.6,0.45,0.45,0.77,0.64,1,0,1,0.39,0.8,0.19,0,0.68,0.44,0.43,0,0.22,0.22,1.37808666666746
"S325",2024-02-05 21:02:06,32.0117,"ios 16.5.2","true","iOS",980,1659,"Female","27","Chinese","Singaporean","27","University (master) <sub><sup>or equivalent</sup></sub>","No","Linguistics","Native","Relatively experienced (I used it a few times)",0.9,0.66,0.67,0.51,0.6,0.67,0.51,0.62,0.35,0.3,0.85,0.69,0.36,0.51,1.59388333333333,2,1,1,0,0,0,0,0,2,1,1,2,1,0,3,2,2,3,0,0,0,1,1,0,2,1.75311666666667,0.31,0.92,0.92,0.51,0.92,0.27,0.51,0.12,0.09,0.73,0.23,0.51,0.14,0.92,0.2,0.2,0.39,0,0.8,0.15,0.15,0.13,0.49,0,2.03201666666667
"S388",2024-02-06 09:33:42,105.7326,"firefox 122.0.0","true","Android OS",980,1846,"Female","24","chinese","singapore","24","Bachelor or equivalent","No","am working as a teacher","Native","Experienced (I use it often)",0.81,0.58,0.87,0.69,0.84,0.6,0.53,0.87,0.82,0.4,0.6,0.88,0.6,0.55,0.646216666666667,0,0,1,0,0,0,0,0,0,0,0,0,0,0,0,0,1,1,0,0,0,0,0,0,0,0.588683333333333,0.36,0.64,0.35,0.28,0.25,0,0.71,0.28,0.55,0.53,0.86,0.26,0.87,0.44,0.34,0.08,0.83,0,0.82,0.59,0.51,0,0.47,0.02,0.971083333333333
"S365",2024-02-05 23:08:19,28.4103,"firefox 122.0.0","false","Mac OS",1440,787,"Female","21","Chinese","Malaysian","14","High school or equivalent (A-levels, Diploma, etc.)","Yes","Psychology","Native","Experienced (I use it often)",0.74,0.77,0.79,0.66,0.72,0.78,0.3,0.92,0.78,0.59,0.77,0.88,0.26,0.39,0.5647,3,1,0,2,0,0,0,1,0,0,1,0,0,0,0,2,0,2,0,0,0,1,1,0,1,1.22213333333333,0.49,0.95,0.71,0.2,0.38,0.03,0.76,0.26,0.4,0.72,0.06,0.38,0.19,0.94,0.83,0.52,0.58,0.3,0.4,0.72,0.34,0,0.58,0.2,0.926583333333333
"S523",2024-10-21 09:15:47,125.64455,"edge-chromium 130.0.0","false","Windows 10",1920,1080,"Male","25","Chinese","Singapore Citizen","25","High school or equivalent (A-levels, Diploma, etc.)","Yes","Psychology","Native","Relatively experienced (I used it a few times)",0.79,0.72,0.91,0.78,0.58,0.59,0.46,0.89,0.89,0.57,0.88,0.61,0.32,0.6,1.52000333333413,3,3,3,3,0,2,1,0,1,0,0,1,1,2,0,2,0,3,1,1,3,2,3,1,1,2.22501666666667,0.16,0.75,0.37,0.35,0.16,0.58,0.85,0.26,0.63,0.44,0.6,0.11,0.76,0.81,0.43,0.65,0.34,0,0.77,0.17,0.59,0.24,0.02,0,2.02001833333174
"S238",2024-02-05 17:55:59,27.7265666666667,"chrome 121.0.0","false","Windows 10",1536,730,"Male","26","Chinese","Singaporean","26","Bachelor or equivalent","No","Information Engineering","Native","Experienced (I use it often)",0.64,0.37,0.65,0.72,0.68,0.55,0.38,0.67,0.67,0.32,0.67,0.63,0.65,0.38,0.769041666666667,1,1,1,2,0,1,2,1,2,1,0,1,1,1,0,1,1,2,1,1,1,2,1,1,0,1.79503333333333,0.7,0.74,0.91,0.24,0.84,0.26,0.23,0.58,0.27,0.35,0.63,0.61,0.28,0.65,0.74,0.23,0.72,0.68,0.67,0.35,0.36,0.7,0.59,0.32,0.913866666666667
"S124",2024-02-05 16:01:56,15.5436666666667,"ios 17.3.0","true","iOS",980,1642,"Male","32","Chinese","Singaporean","32","Bachelor or equivalent","No","Business","Fluent (conversational)","Relatively experienced (I used it a few times)",0.95,0.81,0.87,0.77,0.69,0.53,0.27,0.65,0.76,0.62,0.69,0.95,0.71,0.7,0.688366666666667,1,2,1,1,1,0,0,2,2,1,1,1,1,1,2,1,1,1,1,1,0,1,0,2,2,1.62128333333333,0.5,0.66,0.96,0.13,0.5,0.28,0.59,0.28,0.25,0.89,0.25,0.63,0.43,0.36,0.5,0.56,0.75,0.1,0.86,0.39,0.34,0.92,0.77,0.08,1.11426666666667
"S038",2024-02-05 15:34:15,48.2069666666667,"samsung 23.0.0","true","Android OS",980,1789,"Female","48","Chinese","Singaporean","48","Bachelor or equivalent","No","Computer science","Native","Experienced (I use it often)",0.66,0.38,0.72,0.81,0.69,0.7,0.36,0.8,0.78,0.52,0.69,0.77,0.7,0.69,0.830541666666667,2,2,2,2,1,1,1,2,1,1,2,1,1,1,2,1,1,2,1,1,1,2,2,1,2,1.87125,0.51,0.67,0.41,0.64,0.63,0.77,0.42,0.75,0.65,0.65,0.41,0.63,0.4,0.66,0.72,0.58,0.6,0.39,0.55,0.66,0.8,0.4,0.62,0.39,1.2230149999996
"S182",2024-02-05 16:47:36,44.8806166666667,"chrome 121.0.0","false","Mac OS",1440,779,"Female","22","Chinese ","Singaporean","22","High school or equivalent (A-levels, Diploma, etc.)","Yes","Political Science and Sociology","Fluent (academic)","Little experience (I tried it)",0.41,0.6,0.62,0.55,0.29,0.47,0.59,0.58,0.57,0.18,0.45,0.42,0.61,0.58,1.60722333333337,1,2,2,2,1,0,1,0,3,1,1,2,1,2,3,2,1,3,0,1,1,1,2,2,2,1.73806666666667,0.06,0.8,0.31,0.55,0.6,0.44,0.41,0.4,0.27,0.76,0.42,0.6,0.43,0.41,0.39,0.45,0.21,0.04,0.79,0.57,0.13,0.37,0.05,0.08,1.91715500000001
"S253",2024-02-05 18:22:54,1722.72993333333,"chrome 119.0.0","false","Mac OS",1440,813,"Female","20","Chinese","Singaporean","20","High school or equivalent (A-levels, Diploma, etc.)","Yes","Social Sciences","Native","Little experience (I tried it)",0.64,0.81,0.7,0.66,1,0.61,0.66,1,0.68,0.37,0.68,0.73,0.71,0.3,1.69641333333328,0,2,0,2,0,1,0,0,2,0,2,2,0,0,0,3,0,2,0,1,0,1,2,0,2,1.90715,0.09,0.91,0.77,0.77,0.83,0.12,0.88,0.81,0.2,0.94,0.33,0.29,0.15,0.34,0.65,0.79,0.32,0.34,0.88,0.88,0.2,0,0.05,0.6,0.973251666666567
"S439",2024-02-16 12:53:52,14.6529166666667,"chrome 121.0.0","false","Mac OS",1440,678,"Female","26","Chinese","Singaporean","26","Bachelor or equivalent","No","Pharmacy","Native","Relatively experienced (I used it a few times)",0.55,0.36,0.54,0.56,0.56,0.47,0.45,0.56,0.58,0.53,0.58,0.52,0.44,0.44,0.556153333333321,0,1,0,0,0,0,0,1,1,0,1,1,0,1,0,2,0,3,0,0,0,1,1,1,2,2.05085,0.27,0.79,0.82,0.32,0.4,0.27,0.68,0.43,0.4,0.85,0.15,0.59,0.59,0.71,0.3,0.37,0.35,0.04,0.6,0.62,0.54,0.02,0,0,0.878831666666704
"S041",2024-02-05 15:34:48,17.3772333333333,"chrome 121.0.0","false","Mac OS",1204,680,"Female","22","Chinese","Singaporean","21","High school or equivalent (A-levels, Diploma, etc.)","Yes","Psychology","Native","Relatively experienced (I used it a few times)",0.76,0.81,0.75,0.66,0.8,0.76,0.27,0.74,0.77,0.3,0.73,0.82,0.73,0.04,0.481863333333284,0,0,0,1,2,0,1,1,2,0,0,1,0,1,0,1,0,3,0,0,0,0,1,1,1,0.998083333333333,0.24,0.59,1,0.31,0.24,0.08,0.75,0.15,0.27,0.86,0.28,0.32,0.26,0.79,0.72,0.28,0.33,0.25,0.66,0.65,0.28,0.07,0.23,0.66,0.831221666666741
"S066",2024-02-05 15:40:08,24.7641666666667,"chrome 121.0.0","true","Android OS",980,1835,"Male","27","Chinese ","Singaporean ","27","High school or equivalent (A-levels, Diploma, etc.)","No","Arts ","Fluent (academic)","Little experience (I tried it)",0.36,0.91,0.82,0.13,0.78,0.25,0.72,0.96,0.82,0.93,0.97,0.21,0.77,0.79,0.561316666666667,0,1,1,0,1,1,1,0,1,0,1,1,1,1,1,1,1,1,1,1,1,1,1,1,2,1.4598,0.18,0.99,0.16,0.05,0.86,0.88,0.75,0.04,0.31,0.34,0.64,0.64,0.22,0.93,0.81,0.78,0.21,0.72,0.79,0.16,0.15,0.13,0.7,0.74,1.42501833333274
"S203",2024-02-05 17:11:51,39.4628666666667,"chrome 116.0.0","false","Mac OS",1440,751,"Male","31","chinese","Singaporean","31","Bachelor or equivalent","No","Linguistics","Native","Experienced (I use it often)",0.67,0.65,0.37,0.58,0.33,0.43,0.6,0.59,0.57,0.72,0.58,0.56,0.6,0.58,0.487216666666667,2,1,1,2,2,2,1,2,2,1,2,1,1,2,0,1,1,2,1,1,2,1,1,2,2,0.907183333333333,0.59,0.61,0.6,0.61,0.6,0.6,0.39,0.41,0.43,0.6,0.56,0.62,0.38,0.56,0.6,0.65,0.41,0.41,0.47,0.39,0.62,0.39,0.66,0.38,1.27918166666627
"S181",2024-02-05 16:47:21,163.470166666667,"ios 17.2.0","true","iOS",980,1683,"Male","45","Chinese","Singaporean","Since Born","High school or equivalent (A-levels, Diploma, etc.)","No","Mechanical Engineering","Fluent (academic)","Experienced (I use it often)",0.91,0.87,0.74,0.69,0.66,0.89,0.37,0.9,0.89,0.72,0.4,0.91,0.85,0.58,2.55591666666667,1,3,0,1,0,0,2,1,2,0,0,2,1,2,1,0,0,2,0,0,1,0,1,1,1,3.2375,0.43,0.99,0.82,0.12,0.34,0.39,0.63,1,0.43,0.39,0.02,0.74,0.76,1,0.36,0.79,0.38,0.07,0.76,0.39,0.71,0.08,0.39,0,2.03713333333333
"S233",2024-02-05 17:48:37,50.6411166666667,"edge-chromium 121.0.0","false","Windows 10",1318,654,"Female","31","Chinese","Singapore","31","Bachelor or equivalent","No","Accountancy","Fluent (academic)","No experience (but I heard about it)",0.52,0.57,0.85,0.63,0.68,0.54,0.55,0.66,0.7,0.58,0.53,0.63,0.55,0.74,1.20022333333492,0,1,0,0,0,0,0,0,0,0,0,1,0,0,0,0,0,0,0,0,0,0,1,1,1,2.72955,0.39,0.8,0.89,0.38,0.85,0.45,0.43,0.37,0.46,0.74,0.41,0.35,0.42,0.9,0.53,0.12,0.68,0.05,0.34,0.33,0.64,0.05,0.05,0.05,1.31563833333651
"S035",2024-02-05 15:33:46,20.14275,"firefox 122.0.0","false","Windows 10",1280,667,"Male","29","Chinese","Singaporean","29","Bachelor or equivalent","No","Economics","Native","Relatively experienced (I used it a few times)",0.79,0.34,0.28,0.81,0.63,0.56,0.54,0.29,0.33,0.81,0.36,1,0.7,0.64,1.0163,1,1,1,1,1,1,1,0,1,1,2,0,1,1,1,1,1,1,1,1,2,2,0,1,2,0.675683333333333,0.16,0.59,0.36,0.04,0.55,0.5,0.65,0.3,0.3,0.72,0.28,0.49,0.52,0.72,0.72,0.21,0.74,0.49,0.77,0.42,0.42,0.4,0.35,0.53,0.6957
"S472",2024-02-18 11:25:54,364.4974,"chrome 120.0.0","false","Mac OS",1078,699,"Female","28","Chinese","Singaporean","28","High school or equivalent (A-levels, Diploma, etc.)","Yes","Occupational Therapy ","Fluent (academic)","Experienced (I use it often)",0.89,0.12,0.14,0.89,0.15,0.11,0.86,0.15,0.19,0.1,0.16,0.87,0.35,0.83,0.742701666667064,1,2,0,3,0,1,2,3,1,2,0,0,1,0,0,1,0,1,1,0,1,1,1,1,3,1.17758333333333,0,1,0,0,1,0,1,0.23,0.13,0.86,0.18,0.83,0.1,1,0.97,0.12,0.09,0.1,0.91,0.09,0.18,0.03,0.05,0.07,0.765231666666269
"S125",2024-02-05 16:02:09,20.4971166666667,"chrome 121.0.0","false","Windows 10",1536,737,"Male","30","Chinese","Singaporean","30","University (master) <sub><sup>or equivalent</sup></sub>","Yes","Economics","Native","Relatively experienced (I used it a few times)",0.52,0.54,0.41,0.66,0.53,0.54,0.48,0.57,0.52,0.59,0.4,0.5,0.54,0.47,0.316116666666667,1,2,1,2,1,1,2,2,1,1,2,1,1,2,2,1,1,1,1,1,1,1,2,1,2,1.042,0.53,0.44,0.43,0.39,0.48,0.5,0.45,0.46,0.54,0.54,0.46,0.53,0.45,0.55,0.53,0.56,0.43,0.57,0.54,0.45,0.54,0.53,0.45,0.55,0.646236666663488
"S016",2024-02-05 15:31:28,26.2879833333333,"ios 17.2.0","true","iOS",980,1684,"Female","28","Chinese","Singaporean","28","Bachelor or equivalent","No","Business","Fluent (conversational)","Experienced (I use it often)",0.91,0.91,0.91,0.96,0.96,0.17,0.95,0.97,0.97,1,0.9,0.96,0.97,0.98,0.439583333333333,0,0,0,0,0,0,0,0,1,0,0,0,0,0,1,0,0,1,0,0,0,1,2,0,1,1.33733333333333,0.06,0.98,0.98,0.04,0.99,0.95,0.99,0.06,0.08,1,0.02,0.95,0.04,1,0.88,0.08,0.96,0.08,0.93,0.05,0.07,0.06,0.06,0.08,1.3789
"S084",2024-02-05 15:45:49,64.9495666666667,"ios 17.2.0","true","iOS",980,1722,"Female","26","Chinese ","Singaporean ","26","Bachelor or equivalent","No","Finance ","Native","Experienced (I use it often)",0.9,0.64,0.73,0.67,0.94,0.9,0.32,0.86,0.91,0.76,0.89,0.97,0.64,0.42,1.11021666666667,1,1,0,2,0,0,1,2,3,0,1,2,2,0,0,1,1,2,0,1,1,0,2,1,1,1.63261666666667,0.69,0.86,0.43,0.38,0.81,0.14,0.14,0.24,0.19,0.32,0.65,0.47,0.18,0.77,0.66,0.56,0.38,0.59,0.58,0.25,0.23,0.8,0.73,0.37,2.30213333333333
"S401",2024-02-06 10:52:42,116.3574,"chrome 121.0.0","true","Android OS",980,1816,"Female","23","Chinese-Malay","Singapore Citizen","23","High school or equivalent (A-levels, Diploma, etc.)","Yes","Physics and Mathematical Sciences ","Native","Relatively experienced (I used it a few times)",0.69,0.89,0.6,0.65,0.65,1,0.59,0.81,0.4,0.35,0.59,0.62,0.62,0.71,1.13648999999762,2,1,1,3,0,0,1,1,1,2,1,1,1,1,1,2,0,2,0,0,1,1,1,1,1,1.1051,0.08,1,0.56,0.17,0.84,0.05,0.72,0,0.61,0.82,0.62,0.8,0.19,0.99,0.25,0.16,0.35,0,0.86,0.02,0.62,0.4,0.03,0.23,0.786838333336512
"S109",2024-02-05 15:58:31,90.1995,"chrome 121.0.0","false","Windows 10",1280,551,"Female","34","Chinese","Singaporean","34","Bachelor or equivalent","No","Psychology","Native","Little experience (I tried it)",0.54,0.82,0.59,0.48,0.61,0.89,0.79,0.6,0.54,0.6,0.5,0.42,0.61,0.74,1.60677333333095,1,2,2,3,1,0,1,2,1,1,1,1,0,1,3,2,1,3,1,0,1,2,2,1,2,1.64201666666667,0.07,0.7,0.29,0.62,0.86,0.37,0.72,0.33,0.33,0.61,0.55,0.59,0.18,0.65,0.39,0.65,0.34,0.04,0.77,0.4,0.3,0.41,0.15,0.41,1.76098499999841
"S377",2024-02-06 00:23:58,51.28465,"ios 17.2.0","true","iOS",980,1705,"Female","22","Chinese","Singaporean","20","High school or equivalent (A-levels, Diploma, etc.)","Yes","Arts and Humanities","Native","Relatively experienced (I used it a few times)",0.72,0.73,0.78,0.44,0.41,0.99,1,0.48,0,0.4,0.08,0.64,0.75,0.69,0.996933333333329,0,0,1,1,0,0,1,0,1,0,1,1,0,1,0,1,0,2,1,0,1,0,3,1,2,2.15865,0.65,0.83,0.15,0.76,0.74,0.05,0.02,0,0.27,0.64,0.82,0.4,0.31,0.9,0.38,0.81,0.37,0,0.25,0.21,0.23,0.62,0.6,0.33,2.03465
"S344",2024-02-05 22:05:34,30.88175,"edge-chromium 121.0.0","false","Windows 10",1912,932,"Male","23","Chinese","Singaporean","23","High school or equivalent (A-levels, Diploma, etc.)","Yes","Computer Engineering","Native","Experienced (I use it often)",0.83,0.72,0.85,0.62,0.83,0.29,0.87,0.83,0.1,0.05,0.96,1,0.32,0.55,1.18769166666667,1,1,0,1,0,1,0,0,0,0,1,0,1,2,2,0,0,2,0,2,0,3,0,0,2,2.12381666666667,0.1,0.33,0.67,0,1,0.57,0.88,0.69,1,1,0.15,0.33,0,0.32,0.92,0.58,0.83,0.09,1,0.78,1,0.24,0,0,1.31026166666672
"S281",2024-02-05 18:54:03,34.7487166666667,"ios 17.1.1","true","iOS",980,1705,"Female","23","Chinese","Singaporean","23","High school or equivalent (A-levels, Diploma, etc.)","Yes","Social Sciences ","Native","Relatively experienced (I used it a few times)",0.3,0.75,0.58,0.32,0.58,0.58,0.38,0.71,0.43,0.68,0.52,0.79,0.7,0.34,0.890233333333333,2,1,1,2,0,0,0,2,3,0,2,2,1,1,0,1,0,2,0,0,2,1,2,1,2,1.4254,0.16,0.73,0.38,0.69,0.36,0.32,0.41,0.33,0.71,0.74,0.61,0.39,0.67,0.65,0.23,0.63,0.24,0.38,0.43,0.45,0.78,0.94,0.06,0.54,1.21985
"S223",2024-02-05 17:39:29,48.2859166666667,"safari 17.2.1","false","Mac OS",1358,795,"Female","22","Chinese ","Singaporean ","22","High school or equivalent (A-levels, Diploma, etc.)","Yes","Psychology, Communications ","Native","Experienced (I use it often)",0.58,0.57,0.74,0.6,0.75,0.57,0.43,0.85,0.39,0.29,0.91,0.61,0.26,0.3,0.672533333333333,1,0,0,2,0,1,0,0,0,0,1,0,0,1,2,1,0,1,0,0,0,2,1,0,1,0.89045,0.25,0.67,0.68,0.22,0.05,0.36,0.62,0.34,0.41,0.99,0.05,0.42,0.6,0.55,0.62,0.56,0.57,0.6,0.75,0.4,0.79,0.21,0.28,0.61,0.894183333333333
"S395",2024-02-06 10:24:51,29.45905,"ios 17.1.2","true","iOS",980,1646,"Male","22","Chinese","Singaporean","22","High school or equivalent (A-levels, Diploma, etc.)","Yes","Economics","Native","Experienced (I use it often)",0.67,0.84,0.79,0.78,0.64,0.64,0.6,0.61,0.88,0.39,0.34,0.59,0.65,0.62,1.16496666666667,2,2,1,1,1,1,1,1,1,0,1,1,1,2,1,2,1,2,1,1,1,1,1,1,2,1.05243333333333,0.28,0.76,0.64,0.63,0.33,0.34,0.75,0.34,0.7,0.63,0.39,0.39,0.65,0.64,0.44,0.58,0.42,0.16,0.62,0.41,0.34,0.4,0.4,0.31,1.11851666666667
"S471",2024-02-17 23:00:20,17.7761166666667,"samsung 23.0.0","true","Android OS",980,1755,"Female","48","Hindu","Singaporean","16","University (master) <sub><sup>or equivalent</sup></sub>","No","Nutrition","Fluent (conversational)","No experience (I don't know what it is)",0.21,0.83,0.25,0.2,0.91,0.16,0.19,0.17,0.2,0.98,0.75,0.74,0.74,0.31,0.227715000001589,1,0,3,0,2,0,0,3,3,0,2,0,2,2,3,3,1,0,1,0,0,1,0,3,0,3.01928333333333,0.74,0.78,0.38,0.86,0.87,0.36,0.8,0.76,0.72,1,0.92,0.27,0.36,0.39,0.83,0.92,0.77,0.71,0.31,0.67,0.76,0.3,0.74,0.76,1.08456833333174
"S440",2024-02-16 13:08:20,102.527383333333,"chrome 121.0.0","true","Android OS",980,1862,"Male","23","Chinese","Singaporean","23","High school or equivalent (A-levels, Diploma, etc.)","Yes","Engineering","Native","Relatively experienced (I used it a few times)",0.78,0.66,0.66,0.82,0.26,0.57,0.43,0.7,0.63,0.64,0.43,0.78,0.57,0.68,6.31520333333313,2,2,1,2,1,1,2,1,1,0,1,1,0,1,0,1,0,1,0,2,1,1,1,0,2,4.3316,0,0.59,0.75,0.21,0.21,0.51,0.79,0.24,0.8,1,0.16,0.49,0.75,0.2,0.84,0.17,0.27,0.6,0.77,0.35,0.44,0.31,0.32,0.75,1.25705833333333
"S448",2024-02-16 15:33:36,41.8207833333333,"safari 17.3.1","false","Mac OS",1112,725,"Female","21","Chinese","Singaporean","21","High school or equivalent (A-levels, Diploma, etc.)","Yes","Life sciences","Native","Experienced (I use it often)",0.72,0.81,0.9,0.62,0.92,0.78,0.36,1,0.95,0.77,0.1,0.54,0.19,0.39,0.778183333333334,0,2,0,2,0,0,0,0,2,0,0,2,0,0,0,0,0,0,0,0,0,0,0,0,1,1.46071666666667,0.59,0.77,0.92,0.25,0.82,0.31,0.65,0.62,0.73,0.64,0.1,0.24,0.28,0.74,0.74,0.23,0.77,0.4,0.75,0.4,0.84,0.67,0.09,0.11,0.849383333333329
"S282",2024-02-05 18:54:17,125.242116666667,"chrome 121.0.0","false","Windows 10",1280,569,"Male","25","Chinese","Singaporean","25","High school or equivalent (A-levels, Diploma, etc.)","Yes","Biological Sciences","Native","Experienced (I use it often)",0.91,1,0.84,0.63,0.97,0.97,0.28,0.93,0.91,0.58,0.63,0.88,0.87,0.37,0.95215,1,3,1,2,2,3,3,1,3,2,1,3,2,1,0,3,3,3,2,2,1,1,2,3,1,1.75351666666667,0.28,0.67,0.25,0.63,0.67,0.3,0.64,0.38,0.67,0.63,0.68,0.56,0.23,0.29,0.7,0.67,0.24,0.78,0.84,0.59,0.64,0.68,0.26,0.38,1.4213
"S167",2024-02-05 16:34:40,25.20035,"chrome 121.0.0","false","Mac OS",798,779,"Female","28","Malay","Singaporean","28","Bachelor or equivalent","No","Communications","Native","Relatively experienced (I used it a few times)",0.61,0.29,0.64,0.68,0.37,0.07,0.66,0.79,0.34,0.05,0.68,0.68,0.36,0.65,0.686381666666673,0,0,0,0,0,0,0,0,0,1,0,1,0,0,0,0,0,1,0,0,0,0,0,0,1,1.18081666666667,0.78,0.78,0.28,0,0.73,0.32,0.61,0.7,0.12,0.27,0,1,0.01,0.72,0.72,0.14,0.23,0.65,0.29,0.73,0.19,0.25,0.8,0.6,1.28793
"S096",2024-02-05 15:49:09,24.7190166666667,"crios 121.0.6167","true","iOS",980,1681,"Female","21","chinese","singaporean ","21","High school or equivalent (A-levels, Diploma, etc.)","Yes","Computer science ","Native","Highly experienced (I use it a lot)",0.84,1,0.79,0.44,0.6,0.99,0.36,0.67,0.69,0.81,0.64,1,0.34,0.34,1.24478333333333,1,1,1,1,1,2,1,2,1,1,1,1,1,1,1,1,1,2,1,1,2,1,1,2,1,1.64536666666667,0.79,0.75,0.18,0.61,0.72,0.4,0.65,0.35,0.64,0.73,0.61,0.39,0.31,0.68,0.3,0.64,0.3,0.33,0.31,0.21,0.64,0.65,0.74,0.24,1.19353333333333
"S090",2024-02-05 15:47:14,25.50385,"chrome 121.0.0","false","Windows 10",1280,559,"Male","23","Chinese","Singaporean","17","High school or equivalent (A-levels, Diploma, etc.)","Yes","Business","Native","Relatively experienced (I used it a few times)",0.77,0.57,0.65,0.73,0.61,0.54,0.56,0.74,0.38,0.46,0.6,0.78,0.36,0.44,0.98975,2,1,1,1,2,1,2,2,1,0,0,1,1,1,0,2,2,1,1,2,2,0,1,1,1,1.60135,0.78,0.38,0.52,0.46,0.77,0.64,0.12,0.39,0.3,0.61,0.53,0.72,0.31,0.44,0.78,0.26,0.42,0.62,0.21,0.41,0.62,0.7,0.61,0.61,1.15109833333337
"S071",2024-02-05 15:41:17,10.9050166666667,"chrome 121.0.0","false","Windows 10",1280,551,"Female","23","Chinese","Singaporean","23","High school or equivalent (A-levels, Diploma, etc.)","Yes","Nursing","Native","Experienced (I use it often)",0.71,0.84,0.95,0.86,0.38,0.72,0.79,0.28,0.77,0.64,0.73,0.36,0.88,0.76,0.4006,0,0,2,2,2,0,2,0,1,2,0,0,1,3,2,2,2,0,0,3,0,2,2,2,0,0.72595,0.61,0.69,0.74,0.25,0.23,0.14,0.65,0.25,0.51,0.21,0.22,0.65,0.69,0.76,0.82,0.2,0.19,0.23,0.24,0.26,0.29,0.29,0.29,0.16,0.685751666667064
"S132",2024-02-05 16:06:40,47.9128833333333,"edge-chromium 121.0.0","false","Windows 10",1528,755,"Male","29","Chinese","Singaporean","29","Bachelor or equivalent","No","Psychology","Native","Relatively experienced (I used it a few times)",0.83,0.26,0.64,0.88,0.74,0.24,0.84,0.72,0.2,0.34,0.72,0.92,0.8,0.75,0.630591666666667,1,0,1,1,0,0,1,0,1,0,1,1,1,2,1,1,0,1,1,1,1,2,1,0,1,1.60121666666667,0.08,0.73,0.31,0.64,0.17,0.13,0.92,0.22,0.16,0.6,0.32,0.62,0.71,0.84,0.64,0.34,0.36,0.16,0.7,0.27,0.16,0.27,0.27,0.34,0.840558333333333
"S533",2024-11-01 07:33:59,204.226583333333,"edge-chromium 130.0.0","false","Windows 10",1920,1080,"Male","21","Chinese","Singaporean","21","High school or equivalent (A-levels, Diploma, etc.)","Yes","Psychology","Native","Highly experienced (I use it a lot)",1,0.31,0.73,1,0.61,0.19,0.56,0.33,0.6,0.26,0.58,0.76,0.63,0.4,1.48560999999841,0,0,0,3,0,0,1,0,1,0,0,0,0,0,1,0,0,0,0,1,0,1,0,0,0,2.38526666666667,0.12,0.9,0.31,0.16,0.93,0.31,0.75,0.3,0.3,0.66,0.37,0.38,0.39,0.79,0.77,0.26,0.5,0.26,0.75,0.35,0.26,0.35,0.27,0.26,1.77800666666826
"S283",2024-02-05 18:56:27,17.9668166666667,"ios 17.2.0","true","iOS",980,1661,"Female","21","chinese","singaporean","21","Bachelor or equivalent","Yes","accountancy ","Native","Relatively experienced (I used it a few times)",0.66,0.72,0.82,0.8,0.81,1,0.28,0.91,0.81,0.89,0.86,0.75,0.73,0.33,0.727500000000002,0,1,1,0,0,0,1,2,2,1,0,1,1,1,0,0,0,3,0,0,0,0,1,0,0,1.31048333333333,0.25,0.87,0.91,0.19,0.26,0.24,0.44,0.1,0.66,0.93,0.64,0.74,0.78,0.87,0.31,0.27,0.21,0.39,0.8,0.35,0.33,0.26,0.29,0.29,0.882116666666667
"S391",2024-02-06 10:00:53,174.246266666667,"chrome 121.0.0","false","Mac OS",1440,738,"Female","23","Chinese","Singaporean","23","High school or equivalent (A-levels, Diploma, etc.)","Yes","Mathematical Sciences","Native","Experienced (I use it often)",0.41,0.69,0.64,0.39,0.73,0.59,0.34,0.79,0.64,0.6,0.71,0.69,0.38,0.69,1.45094166666667,0,1,0,2,1,0,0,2,2,1,1,1,0,1,2,2,0,3,0,0,1,2,0,2,2,1.74031666666667,0.15,0.9,0.42,0.19,0.19,0.21,0.85,0.85,0.67,0.78,0.63,0.69,0.81,0.84,0.43,0.27,0.26,0.2,0.77,0.68,0.67,0.68,0.35,0.32,1.17641166666672
"S097",2024-02-05 15:49:37,247.137366666667,"chrome 121.0.0","true","Android OS",980,2572,"Male","34","Chinese","Singaporean","14","Bachelor or equivalent","No","Engineering","Fluent (academic)","Relatively experienced (I used it a few times)",0.89,0.28,0.82,0.64,0.57,0.5,0.12,0.9,0.58,0.56,0.99,0.96,0.09,0.12,1.7330699999998,2,0,1,1,0,0,0,1,0,0,0,0,0,1,2,0,1,1,0,1,2,1,1,0,0,3.1428,0.26,0.72,0.64,0.09,0.43,0.59,0.51,0.19,0.63,0.74,0.26,0.71,0.22,0.76,0.62,0.1,0.86,0.17,0.39,0.26,0.3,0.44,0.67,0.05,1.4693650000001
"S379",2024-02-06 00:59:10,23.7183333333333,"ios 17.2.0","true","iOS",980,1684,"Female","22","Chinese","Singaporean","22","High school or equivalent (A-levels, Diploma, etc.)","Yes","Computer Science","Native","Highly experienced (I use it a lot)",1,0.02,0.97,0.98,1,0,0.02,0.98,0.98,0,0.94,0.93,0,0,0.867833333333335,2,1,0,2,0,3,1,0,0,0,2,1,1,0,0,1,0,1,1,1,2,1,2,1,1,1.52073333333333,0.77,0.69,0.05,0.74,1,0.16,0.05,0.02,0.28,0.82,0.08,0.05,0.06,0.72,0.04,0.73,0.04,0.12,0.85,0.01,0.46,0.05,0.75,0.02,1.53643333333333
"S349",2024-02-05 22:21:41,16.5674,"samsung 23.0.0","true","Android OS",980,1857,"Male","24","Chinese","Singaporean","24","High school or equivalent (A-levels, Diploma, etc.)","Yes","Data science and analytics s","Native","Highly experienced (I use it a lot)",0.65,0.6,0.58,0.58,0.57,0.63,0.29,0.51,0.84,0.62,0.64,0.61,0.43,0.41,0.393569999998808,2,2,2,1,1,1,2,2,2,2,2,1,1,2,2,1,3,2,1,1,2,1,2,2,2,0.738116666666667,0.43,0.4,0.38,0.42,0.57,0.34,0.37,0.16,0.37,0.66,0.35,0.7,0.22,0.63,0.36,0.38,0.65,0.65,0.35,0.4,0.67,0.33,0.64,0.43,0.339314999999603
"S423",2024-02-06 12:52:55,24.1638666666667,"ios 17.2.0","true","iOS",980,1684,"Female","32","Asian","Singaporean","30","Bachelor or equivalent","No","Marketing & Public relations ","Native","No experience (but I heard about it)",0.65,0.74,0.75,0.22,0.71,0.34,0.37,0.94,0.69,0.78,0.24,0.74,0.9,0.7,1.0528,2,1,2,3,0,1,2,2,2,2,0,2,2,3,1,3,2,2,2,0,1,1,2,2,1,1.67325,0.82,0.9,0.03,0.8,0.8,0.65,0.18,0.51,0.12,0.74,0.89,0.62,0.19,0.75,0.87,0.27,0.52,0.05,0.81,0.75,0.15,0.89,0.79,0.17,1.54376666666667
"S511",2024-10-02 09:09:18,129.03225,"edge-chromium 129.0.0","false","Windows 10",1920,1080,"Female","22","Chinese","Singaporean","5","High school or equivalent (A-levels, Diploma, etc.)","Yes","Engineering","Native","Experienced (I use it often)",0.7,0.57,0.68,0.65,0.62,0.86,1,0.64,0.64,0.69,0.38,0.65,0.59,0.64,1.02262666666657,2,3,1,0,0,0,0,0,0,0,0,1,0,0,0,0,0,2,0,0,3,0,1,0,0,2.26361666666667,0.59,1,0.74,0.74,1,1,0.33,0.41,0.38,1,0.23,0.73,0,1,0.34,0.63,0.36,0,0.71,0.05,0.37,0.7,0.37,0.36,1.5691650000001
"S397",2024-02-06 10:33:29,36.91005,"edge-chromium 121.0.0","false","Windows 10",1124,652,"Female","34","Chinese","Singaporean","34","Bachelor or equivalent","No","Business Marketing","Native","Relatively experienced (I used it a few times)",1,0,1,1,1,0,1,1,1,0,1,1,0.71,0,1.43994666666666,2,0,1,0,0,0,0,0,0,1,0,0,0,0,0,1,0,1,0,0,1,0,1,1,0,2.23885,1,1,1,0,0,0,0,0.29,0,0.81,0,0,0,1,1,1,0.26,0,0.3,0,0,0,0.24,1,1.121675
"S074",2024-02-05 15:41:50,84.07125,"chrome 120.0.0","false","Windows 10",1280,559,"Female","24","Chinese","Singaporean","24","High school or equivalent (A-levels, Diploma, etc.)","Yes","Business","Fluent (academic)","Experienced (I use it often)",0.69,0.61,0.7,0.72,0.71,0.62,0.77,0.72,0.44,0.69,0.63,0.62,0.38,0.64,0.991361666666468,1,2,2,1,1,1,1,1,1,1,1,1,1,1,1,1,0,2,1,1,2,1,2,1,1,1.30751666666667,0.19,0.84,0.16,0.59,0.26,0.42,0.8,0.37,0.65,0.67,0.68,0.69,0.82,0.78,0.31,0.66,0.3,0.19,0.63,0.36,0.67,0.7,0.32,0.22,1.3458099999994
"S013",2024-02-05 15:31:22,93.0999666666667,"ios 16.6.0","true","iOS",980,1513,"Female","23","Chinese","Singaporean","23","High school or equivalent (A-levels, Diploma, etc.)","Yes","Economics","Native","Relatively experienced (I used it a few times)",0.81,1,0.9,0.6,1,0.5,0.63,0.89,0.47,0.32,0.74,0.52,0.62,0,2.62271666666667,2,2,2,2,0,2,3,0,3,1,0,3,2,3,3,2,1,3,3,0,3,1,3,1,1,1.7903,0,0.68,0,0.64,0.41,0.61,0.3,0.18,0.76,0.64,0.89,0.22,0.87,0.05,0.33,0.84,0.08,0,0.76,0.1,0.75,0.88,0.15,0,2.76348333333333
"S375",2024-02-06 00:05:32,40.7361333333333,"ios 17.2.0","true","iOS",980,1722,"Male","28","Chinese","Singaporean","28","Bachelor or equivalent","Yes","Engineering","Native","Experienced (I use it often)",0.84,0.65,0.85,0.79,0.88,0.73,0.7,0.95,0.83,0.12,0.82,0.89,0.81,0.75,1.73653333333333,2,1,1,2,2,2,0,0,0,0,0,0,1,1,0,0,0,1,2,1,1,2,0,0,0,3.42826666666667,0.21,0.7,0.27,0.12,0.07,0.93,0.92,0.69,0.73,0.76,0.6,0.87,0.76,0.75,0.87,0.25,0.59,0.77,0.78,0.24,0.9,0.91,0.08,0.73,2.33435
"S266",2024-02-05 18:35:31,18.16485,"chrome 121.0.0","true","Android OS",980,1847,"Female","31","chinese","Singaporean","31","Bachelor or equivalent","No","food science","Native","Little experience (I tried it)",0.76,0.75,0.76,0.76,0.8,0.78,0.22,0.78,0.78,0.74,0.79,0.78,0.15,0.18,0.407080000000012,1,2,1,1,2,2,0,1,2,0,1,1,0,1,1,0,1,1,1,1,1,1,1,0,2,1.0099,0.32,0.32,0.86,0.82,0.23,0.79,0.74,0.88,0.26,0.92,0.23,0.79,0.21,0.79,0.21,0.41,0.3,0.19,0.82,0.88,0.89,0.13,0.15,0.3,0.682869999999988
"S129",2024-02-05 16:04:05,33.9312333333333,"ios 17.2.0","true","iOS",980,1684,"Female","27","Indian","Singaporean ","27","Bachelor or equivalent","No","Business","Fluent (academic)","Relatively experienced (I used it a few times)",0.6,0.69,0.64,0.41,0.73,0.61,0.33,0.65,0.63,0.8,0.47,0.39,0.33,0.42,0.916333333333333,1,2,1,2,1,0,3,2,1,0,1,2,3,2,3,1,3,2,2,1,1,1,2,0,1,1.3814,0.38,0.61,0.68,0.4,0.43,0.41,0.57,0.42,0.6,0.57,0.58,0.61,0.63,0.6,0.33,0.58,0.39,0.34,0.42,0.38,0.71,0.45,0.41,0.31,3.31548333333333
"S185",2024-02-05 16:53:18,45.0344166666667,"edge-chromium 121.0.0","false","Windows 10",1872,958,"Female","31","Chinese","Singaporean","31","Bachelor or equivalent","No","Life Sciences","Native","Highly experienced (I use it a lot)",0.69,0.58,0.7,0.57,0.88,0.63,0.56,0.88,0.66,0.36,0.86,0.66,0.37,0.84,0.898891666666667,2,0,1,1,0,0,1,1,0,0,1,0,0,0,1,0,1,0,0,0,1,2,1,1,1,16.7965666666667,0.61,0.8,0.5,0.59,0.68,0.54,0.28,0.61,0.22,0.5,0.57,0.65,0.28,0.72,0.74,0.37,0.66,0.16,0.45,0.39,0.31,0.5,0.43,0.57,1.28516666666667
"S145",2024-02-05 16:14:08,36.6736333333333,"ios 17.2.0","true","iOS",980,1722,"Male","29","Chinese","Singaporean","29","Bachelor or equivalent","No","Accountancy ","Fluent (academic)","Experienced (I use it often)",0.66,0.65,0.63,0.59,0.63,0.5,0.66,0.67,0.54,0.63,0.59,0.68,0.64,0.63,0.289483333333333,1,1,1,1,1,1,1,1,1,1,1,1,1,2,1,1,1,2,1,1,1,2,1,1,1,0.985716666666667,0.27,0.71,0.63,0.52,0.42,0.59,0.59,0.66,0.43,0.63,0.47,0.61,0.68,0.76,0.75,0.4,0.71,0.66,0.61,0.35,0.31,0.65,0.48,0.61,0.869166666666665
"S025",2024-02-05 15:32:15,34.3213666666667,"chrome 121.0.0","true","Android OS",980,1810,"Female","50","Chinese","Singaporean","50","Bachelor or equivalent","No","Food Science and Technology","Fluent (conversational)","No experience (but I heard about it)",0.63,0.95,0.85,0.85,0.8,0.67,0.83,0.82,0.82,0.98,0.85,0.8,0.26,0.62,1.58845333333313,2,1,1,0,0,1,1,1,2,1,0,1,2,1,1,1,1,1,1,1,2,0,0,1,2,2.38573333333333,0.84,0.85,0.66,0.36,0.69,0.72,0.1,0.1,0.37,0.61,0.68,0.38,0.22,0.82,0.78,0.3,0.6,0.08,0.13,0.12,0.63,0.45,0.43,0.11,2.21539666666637
"S257",2024-02-05 18:29:54,83.1147166666667,"safari 16.5.1","false","Mac OS",820,1112,"Female","21","chinese","Singaporean","21","Bachelor or equivalent","Yes","computer science","Native","Highly experienced (I use it a lot)",0.55,0.6,0.55,0.42,0.59,0.63,0.39,0.64,0.46,0.44,0.52,0.7,0.36,0.39,0.624666666666667,1,2,0,0,0,1,1,0,0,1,2,1,1,1,2,2,0,2,0,1,1,2,1,0,2,0.818233333333333,0.37,0.45,0.56,0.49,0.45,0.43,0.63,0.6,0.43,0.64,0.41,0.47,0.6,0.51,0.64,0.42,0.58,0.58,0.57,0.6,0.64,0.44,0.39,0.54,0.622716666666667
"S465",2024-02-17 16:32:33,56.4133166666667,"chrome 121.0.0","false","Windows 10",1536,695,"Female","54","Chinese","Singapore Citizen","54","Bachelor or equivalent","No","Arts and Social Science","Intermediate","Little experience (I tried it)",0.78,1,1,1,1,1,1,1,1,0.38,0.85,1,1,1,1.4564350000004,0,2,0,1,0,0,0,0,0,0,2,0,0,0,0,1,0,0,0,0,0,2,2,0,3,2.43006666666667,0.13,1,1,0,0.3,0,1,1,1,1,0,1,1,1,1,0,1,0,1,1,1,0,0.74,0,2.37805833333333
"S529",2024-10-28 09:21:36,103.201483333333,"edge-chromium 130.0.0","false","Windows 10",1920,1080,"Male","36","Chinese","Singaporean","36","Bachelor or equivalent","No","Computer Engineering","Native","Relatively experienced (I used it a few times)",1,1,1,1,1,1,1,1,1,1,1,1,1,1,1.067975,2,2,1,1,1,1,1,2,2,1,1,1,2,2,2,2,2,2,1,1,1,2,2,1,2,1.9703,0,1,1,1,1,1,0,0,0,0,1,1,0,1,1,1,1,0.01,0,0,0,0,0.01,0,1.27183833332856
"S278",2024-02-05 18:51:35,15.1606833333333,"samsung 23.0.0","true","Android OS",980,1764,"Female","38","Chinese","Singaporean","38","Bachelor or equivalent","No","Statistics","Fluent (academic)","Little experience (I tried it)",0.63,0.68,0.65,0.65,0.62,0.65,0.62,0.65,0.63,0.59,0.58,0.6,0.63,0.62,0.307216666666667,1,1,1,1,1,1,1,1,1,1,2,1,1,1,2,1,1,1,1,1,1,1,1,1,1,1.30495,0.7,0.72,0.68,0.35,0.36,0.33,0.69,0.63,0.61,0.67,0.35,0.35,0.33,0.35,0.67,0.34,0.69,0.35,0.38,0.65,0.61,0.19,0.34,0.27,1.14704833333343
"S455",2024-02-16 18:46:03,22.1659166666667,"ios 16.5.2","true","iOS",980,1669,"Female","25","Chinese","Singaporean","8","Bachelor or equivalent","No","Chemical Engineering","Native","Relatively experienced (I used it a few times)",0.35,0.61,0.68,0.45,0.82,0.64,0.22,0.74,0.72,0.42,0.83,0.77,0.27,0.4,0.45205,1,1,0,2,1,1,0,0,0,0,0,0,0,0,0,0,0,1,0,0,1,0,1,0,0,0.843166666666667,0.79,0.41,0.66,0.48,0.3,0.74,0.04,0.25,0.69,0.95,0.29,0.82,0.74,0.19,0.34,0.74,0.82,0.86,0.06,0.42,0.66,0.2,0.89,0.99,0.628866666666667
"S062",2024-02-05 15:39:11,16.3244166666667,"safari 17.0.0","false","Mac OS",1113,1000,"Female","23","Chinese","Singaporean","23","Bachelor or equivalent","Yes","Law","Native","Highly experienced (I use it a lot)",0.69,0.72,0.77,0.77,0.84,0.63,0.21,0.72,0.57,0.36,0.63,0.87,0.61,0.34,0.693516666666667,0,0,0,0,2,1,0,2,0,0,0,0,1,1,0,0,0,2,0,0,0,0,0,2,0,1.12883333333333,0.75,1,0.69,0.59,0.89,0.34,0.87,0.13,0.65,1,0.16,0.66,0,1,0.72,0.71,0.6,0,0.28,0.19,0.25,0.24,0.7,0.67,0.835216666666667
"S422",2024-02-06 12:52:13,54.4485666666667,"chrome 121.0.0","false","Windows 10",1536,695,"Female","23","Chinese","Singaporean ","23","Bachelor or equivalent","Yes","Industrial Design","Native","Experienced (I use it often)",0.91,0.72,0.91,0.98,0.67,0.55,0.63,0.89,0.74,0.55,1,0.85,0.67,0.54,1.29412833333413,1,1,2,3,0,1,2,1,3,2,0,2,2,2,1,1,1,1,1,1,1,1,0,1,0,3.48621666666667,0.84,0.94,0.66,0.54,0.71,0.66,0.34,0.39,0.56,0.7,0.73,0.83,0.2,0.85,0.96,0.26,0.84,0.59,0.57,0.36,0.69,0.38,0.98,0.58,1.66822666666706
"S034",2024-02-05 15:33:13,34.619,"chrome 120.0.0","false","Windows 10",875,363,"Female","28","Chinese","Singaporean","28","Bachelor or equivalent","No","Social Science","Fluent (academic)","No experience (but I heard about it)",0.81,0.78,0.36,0.85,0.86,0.74,0.21,0.95,0.72,0.28,0.33,0.86,0.8,0.75,0.740859999999994,2,0,0,0,1,0,0,0,0,0,1,0,1,2,2,1,0,1,1,1,1,0,1,0,2,0.969433333333333,0.11,0.81,0.07,0.66,0.62,0.04,0.72,0.35,0.29,0.89,0.57,0.95,0.34,0.98,0.39,0.6,0.34,0,0.85,0.63,0.98,0.68,0.2,0,1.04956333333335
"S451",2024-02-16 16:28:39,39.1874666666667,"chrome 121.0.0","true","Android OS",980,1800,"Female","30","Chinese","Singaporean","30","Secondary school up to 16 years","No","Service","Fluent (academic)","Relatively experienced (I used it a few times)",0.74,0.4,0.77,0.78,0.77,0.3,0.22,0.72,0.73,0.28,0.74,0.73,0.39,0.75,0.626466666666667,0,0,1,0,1,0,0,0,0,0,0,0,0,0,0,0,0,0,0,0,0,0,0,0,0,2.08245,0.23,0.84,0.65,0.35,0.38,0.18,0.84,0.41,0.43,0.7,0.34,0,0,1,1,0,1,0,1,0,0,0.33,0.72,0,1.81678666666647
"S122",2024-02-05 16:01:29,86.1977666666667,"chrome 121.0.0","false","Mac OS",1470,729,"Male","23","Chinese","Singaporean","23","High school or equivalent (A-levels, Diploma, etc.)","Yes","Social Science","Fluent (academic)","Experienced (I use it often)",0.89,0.62,0.73,0.73,0.96,0.23,0.35,0.9,0.38,0.17,0.66,0.84,0.28,0.21,2.93346666666667,2,1,0,0,0,1,0,1,1,1,0,1,0,1,1,1,0,2,0,0,1,1,2,1,0,2.95606666666667,0.34,0.98,0.7,0.26,0.24,0.58,0.34,0.3,0.38,0.61,0.33,0.53,0.7,1,0.58,0.59,0.39,0.27,0.38,0.36,0.65,0.77,0.43,0.12,1.76166666666667
"S406",2024-02-06 11:32:02,27.3726833333333,"chrome 121.0.0","false","Windows 10",1920,919,"Male","29","Chinese","Singaporean","29","Bachelor or equivalent","No","Building Systems Engineering","Native","Relatively experienced (I used it a few times)",0.77,0.82,0.64,0.69,0.64,0.64,0.3,0.69,0.79,0.78,0.63,0.64,0.5,0.32,0.639401666667064,3,1,0,0,1,1,0,0,1,0,1,0,0,1,0,0,1,1,0,0,0,0,0,0,1,1.06543333333333,0.21,0.64,0.65,0.31,0.41,0.26,0.39,0.6,0.5,0.66,0.21,0.5,0.5,0.62,0.62,0.5,0.62,0.22,0.69,0.5,0.5,0.36,0.37,0.27,0.876496666667859
"S540",2024-11-08 17:17:32,73.5738,"edge-chromium 130.0.0","false","Windows 10",1912,956,"Male","21","BENGALI","SINGAPOREAN","21","High school or equivalent (A-levels, Diploma, etc.)","Yes","DATA SCIENCE AND ARTIFICAL INTELLIGENCE","Native","Experienced (I use it often)",0.72,0.7,0.28,0.74,0.61,0.62,0.72,0.35,0.7,0.71,0.33,0.77,0.72,0.69,0.745475,2,1,2,2,1,0,3,0,2,0,0,2,2,0,0,0,2,0,2,0,0,1,0,1,0,1.01016666666667,0.72,0.72,0.25,0.24,0.73,0.24,0.23,0.24,0.5,0.27,0.74,0.27,0.24,0.79,0.81,0.23,0.23,0.27,0,0.24,0.5,0.72,0.28,0.07,0.927446666666664
"S249",2024-02-05 18:15:25,31.1056333333333,"ios 17.2.0","true","iOS",980,1684,"Female","24","Chinese ","Singaporean ","24-25","Bachelor or equivalent","No","Psychology ","Native","No experience (but I heard about it)",0.5,1,0.44,0.6,0.67,1,0.76,0.71,0.63,0.88,0.43,0.64,0.64,0.77,0.917,0,2,0,0,1,0,0,1,0,0,1,1,0,0,1,0,0,2,0,0,0,1,0,0,2,1.40853333333333,0.25,0.04,0.04,0.18,1,0.05,0.49,0.29,0,0.51,0.19,0.51,0,0.42,0.43,0.06,1,0.06,0.8,0.18,0,0,0.08,0.04,1.19595
"S193",2024-02-05 17:03:36,1719.7734,"chrome 120.0.0","false","Windows 10",1440,731,"Female","21","Chinese","Singaporean","20","High school or equivalent (A-levels, Diploma, etc.)","Yes","Psychology","Native","Relatively experienced (I used it a few times)",0.64,0.79,0.38,0.24,0.4,0.38,0.82,0.43,0.38,0,0.61,0.72,0.75,0.39,1.03170833333333,0,3,1,3,2,2,2,2,3,0,2,3,2,1,3,3,2,3,1,1,2,3,3,3,3,2.00385,0.22,0.63,0.35,1,0.77,0.28,0.27,0.69,0,0.85,1,0.7,0,0.39,0,1,0,0.69,0.24,0.63,0.16,0.9,0,0.63,0.954465000001589
"S334",2024-02-05 21:38:54,13.1281333333333,"edge-chromium 121.0.0","false","Windows 10",1488,750,"Male","28","Chinese","Singaporean","28","Bachelor or equivalent","No","Accounting","Fluent (academic)","Relatively experienced (I used it a few times)",0.62,0.73,0.72,0.72,0.75,0.85,0.88,0.96,0.92,0.78,0.84,0.46,0.73,0.82,0.480239999993642,1,1,0,2,1,2,2,1,2,2,1,2,0,1,1,2,1,2,0,1,1,2,1,1,1,0.7991,0.37,0.67,0.6,0.58,0.74,0.28,0.38,0.64,0.82,1,0.04,0.69,0.32,0.65,0.62,0.59,0.71,0.27,0.65,0.43,0.75,0.35,0.66,0.68,2.08473833333651
"S264",2024-02-05 18:34:23,28.2059833333333,"ios 17.3.0","true","iOS",980,1684,"Female","26","Chinese","Singapore ","26","Bachelor or equivalent","Yes","Economics","Fluent (academic)","Relatively experienced (I used it a few times)",0.25,0.65,0.83,0.67,0.64,0.58,0.67,0.69,0.65,0.66,0.25,0.68,0.7,0.32,0.536433333333333,1,1,1,1,1,1,0,2,1,0,1,1,1,1,1,1,1,2,1,1,1,1,2,1,1,0.86515,0.3,0.66,0.69,0.25,0.67,0.27,0.7,0.31,0.73,0.66,0.31,0.4,0.41,0.66,0.66,0.33,0.34,0.33,0.65,0.57,0.78,0.27,0.03,0.17,4.52113333333333
"S245",2024-02-05 18:08:24,56.95415,"samsung 23.0.0","true","Android OS",980,1789,"Female","22","Chinese","Singaporean","22","Bachelor or equivalent","Yes","Geography","Native","Highly experienced (I use it a lot)",0.76,0.83,0.78,0.78,0.84,0.82,0.57,0.83,0.82,0.78,0.8,0.97,0.78,0.31,0.544914999999603,2,1,1,2,1,1,1,1,1,1,1,2,1,2,1,2,0,2,0,1,1,1,1,2,2,0.943016666666667,0.39,0.57,0.66,0.59,0.67,0.38,0.76,0.68,0.66,0.69,0.76,0.65,0.82,0.6,0.35,0.65,0.2,0.69,0.35,0.39,0.13,0.06,0.4,0.36,0.915218333332737
"S095",2024-02-05 15:48:39,30.3844,"ios 17.2.0","true","iOS",980,1661,"Female","22","chinese","singapore citizen","22","University (master) <sub><sup>or equivalent</sup></sub>","No","nursing ","Native","Little experience (I tried it)",0.67,0.83,0.68,0.63,0.71,0.95,0.34,0.7,0.41,0.59,0.8,0.69,0.24,0.31,0.9293,1,1,1,0,0,0,0,0,0,0,0,0,0,1,0,0,0,2,0,0,0,0,1,2,0,1.15078333333333,0.12,0.73,0.72,0.31,0.69,0.16,0.29,0.23,0.38,0.83,0.32,0.64,0.26,0.65,0.58,0.53,0.39,0.17,0.71,0.35,0.29,0.29,0.37,0.45,0.954733333333331
"S036",2024-02-05 15:33:48,52.4159833333333,"chrome 121.0.0","true","Android OS",980,1810,"Female","23","Chinese","Singaporean","23","High school or equivalent (A-levels, Diploma, etc.)","Yes","Dietetics and Nutrition","Native","Relatively experienced (I used it a few times)",0.68,0.63,0.88,0.6,0.6,0.54,0.39,0.09,0.66,0.77,0.73,0.57,0.32,0.42,0.866773333333308,3,0,3,2,0,1,0,0,3,1,1,2,2,2,1,0,1,1,0,1,2,2,1,2,2,1.44335,0.12,0.75,0.33,0.16,0.97,0.34,0.69,0.36,0.95,0.38,0.55,0.61,0.02,0.78,0.58,0,0.45,0.3,0.85,0.69,0.03,0.34,0.04,0.58,1.14387166666668
"S389",2024-02-06 09:38:55,36.837,"chrome 120.0.0","false","Windows 10",1280,585,"Female","22","chinese","singaporean","22","High school or equivalent (A-levels, Diploma, etc.)","Yes","Arts","Native","Experienced (I use it often)",1,1,0.63,0.67,0.92,0.91,1,0.62,0.17,0.27,0.04,0.56,0.94,0.76,7.31385666666826,2,2,2,0,0,2,2,0,2,2,1,2,2,1,2,2,2,2,2,0,2,1,2,3,2,1.52853333333333,0.81,0.64,0.27,0.56,0.8,0.38,0.43,0.2,0.32,0.63,0.56,0.33,0.23,0.91,0.39,0.65,0.36,0.05,0.62,0.57,0.2,0.67,0,0.58,1.1587100000004
"S314",2024-02-05 20:12:36,26.7305333333333,"chrome 121.0.0","false","Windows 10",1707,898,"Male","60","Chinese","Singaporean","60","Secondary school up to 16 years","No","Secondary School","Fluent (conversational)","Little experience (I tried it)",0.24,0.72,0.76,0.5,0.76,0.68,0.4,0.67,0.79,0.6,0.74,0.59,0.39,0.24,0.815989999999603,0,0,0,0,0,0,0,0,0,0,0,0,0,0,0,0,0,0,0,0,0,0,0,0,0,1.0078,0.67,0.67,0.67,0,0.71,0,0.38,0.18,0,0.68,0,0.5,0,0.81,0.41,0,1,0,0.39,0,0.3,0,0.26,0,1.80201833333373
"S289",2024-02-05 18:59:36,19.0231833333333,"ios 16.6.0","true","iOS",606,1032,"Female","24","Chinese","Singapore Citizen","24","Bachelor or equivalent","No","Accounting","Native","Relatively experienced (I used it a few times)",0.89,0.74,0.73,0.64,0.72,0.81,0.57,0.76,0.45,0.38,0.62,0.87,0.66,0.39,0.670216666666667,1,1,0,1,0,1,1,1,1,1,2,2,1,1,2,2,0,2,0,1,0,2,2,2,2,0.8902,0.17,0.81,0.58,0.34,0.65,0.21,0.79,0.41,0.25,0.72,0.24,0.38,0.32,0.61,0.74,0.41,0.25,0.3,0.82,0.42,0.3,0.19,0.44,0.41,0.87055
"S005",2024-02-02 23:10:40,52.51055,"chrome 120.0.0","false","Windows 10",1920,919,"Male","27","Asian","Singaporean","27","Bachelor or equivalent","No","Business","Native","Relatively experienced (I used it a few times)",0.75,0.72,0.75,0.79,0.71,0.66,0.33,0.7,0.38,0.25,0.7,0.8,0.45,0.76,0.746863333333346,0,1,1,1,0,2,0,1,2,1,1,2,0,1,1,1,0,1,1,1,1,2,1,1,2,2.58585,0.14,0.56,0.2,0.55,0.84,0.48,0.75,0.54,0.11,0.76,0.7,0.47,0.1,0.72,0.73,0.36,0.44,0.07,0.73,0.54,0.08,0.6,0.13,0.38,1.02756666666667
"S043",2024-02-05 15:35:31,32.78645,"safari 16.6.0","false","Mac OS",1440,820,"Female","21","Chinese","Singapore","18","High school or equivalent (A-levels, Diploma, etc.)","Yes","Pharmacy","Native","Relatively experienced (I used it a few times)",0.75,0.42,0.71,0.7,0.69,0.43,0.42,0.73,0.8,0.44,0.68,0.74,0.61,0.57,2.09848333333333,3,1,1,2,0,1,2,1,2,0,0,1,1,1,1,2,1,0,1,1,1,1,1,1,1,2.31473333333333,0.51,0.64,0.43,0.33,0.57,0.44,0.48,0.39,0.41,0.5,0.47,0.55,0.4,0.63,0.71,0.43,0.57,0.33,0.63,0.34,0.41,0.69,0.32,0.4,0.950983333333333
"S352",2024-02-05 22:30:51,14.8087,"chrome 121.0.0","true","Android OS",980,1792,"Male","24","Chinese","Singapore citizen","24","High school or equivalent (A-levels, Diploma, etc.)","Yes","Chemistry","Native","Relatively experienced (I used it a few times)",0.73,0.71,0.71,0.83,0.74,0.63,0.8,0.21,0.73,0.25,0.21,0.75,0.42,0.52,0.576946666665872,2,1,2,2,2,2,2,2,2,2,2,2,1,2,2,2,2,2,1,2,2,2,2,1,1,0.6349,0.65,0.34,0.69,0.13,0.64,0.18,0.22,0.26,0.67,0.28,0.24,0.92,0.21,0.21,0.23,0.23,0.75,0.23,0.78,0.24,1,0.2,0.51,0.68,0.671316666666667
"S184",2024-02-05 16:51:35,515.514133333333,"ios 17.3.0","true","iOS",980,1683,"Male","26","Chinese","Singaporean","26","Bachelor or equivalent","Yes","Business","Native","Experienced (I use it often)",1,1,0.59,1,0.85,0.92,1,1,0.69,0.77,0.19,1,0.92,0.81,1.37179999999994,2,1,0,0,1,1,2,1,2,2,0,2,0,0,0,0,1,3,0,1,3,0,2,1,0,103.183616666667,1,0.92,0.42,0.82,0.99,0.89,0.01,0.1,0.08,0.98,0.2,0.97,0.02,0.98,0.78,0.06,0.59,0.31,0.01,0.04,0.08,0,0.89,0.8,1.41403333333333
"S024",2024-02-05 15:32:12,176.390083333333,"chrome 120.0.0","false","Mac OS",1440,813,"Female","21","Chinese","Singapore","21","High school or equivalent (A-levels, Diploma, etc.)","Yes","Business","Native","Experienced (I use it often)",0.57,0.46,0.58,0.58,0.54,0.53,0.46,0.63,0.55,0.43,0.55,0.45,0.46,0.47,0.705161666667461,1,1,1,1,1,1,0,1,1,0,1,1,1,1,1,1,1,1,1,1,2,1,2,1,1,0.86155,0.32,0.57,0.43,0.57,0.69,0.49,0.33,0.36,0.48,0.67,0.43,0.52,0.37,0.58,0.79,0.54,0.42,0.56,0.62,0.47,0.56,0.53,0.43,0.53,0.825623333332936
"S515",2024-10-07 11:04:50,227.683833333333,"edge-chromium 129.0.0","false","Windows 10",1912,956,"Male","24","Chinese","Singaporean","24","High school or equivalent (A-levels, Diploma, etc.)","Yes","Psychology","Native","Experienced (I use it often)",0.56,0.64,0.62,0.34,0.77,0.64,0.09,1,0.32,0.72,0.25,0.75,0.34,0.19,1.7489350000004,1,2,1,2,1,1,0,2,2,0,1,2,1,0,0,1,1,1,0,2,2,0,2,1,1,2.26873333333333,0.37,0.61,0.69,0.57,0.58,0.6,0.77,0.58,0.19,0.79,0.4,0.56,0.28,0.56,0.42,0.59,0.37,0.11,0.77,0.44,0.16,0.25,0,0.15,0.894880000000199
"S133",2024-02-05 16:06:41,57.7846833333333,"chrome 120.0.0","false","Windows 10",1536,791,"Female","21","Chinese","Singaporean","21","High school or equivalent (A-levels, Diploma, etc.)","Yes","Accountancy","Native","Experienced (I use it often)",1,0.12,0.59,1,0.37,0.56,0.55,1,1,0.44,1,0.79,0.59,0.54,1.55045166666905,1,3,2,2,0,0,0,0,1,0,0,0,0,1,2,3,0,0,0,0,0,1,0,0,0,3.46921666666667,0,1,0.67,0.12,0.24,0.3,0.6,0.07,0.65,0.96,0.14,0.51,0.64,0.68,0.76,0.72,0.69,0.52,1,0.37,0.32,0.18,0,0.62,3.79334166666667
"S067",2024-02-05 15:40:09,25.1621333333333,"chrome 119.0.0","false","Mac OS",1512,837,"Male","29","Chinese","Singaporean","29","Bachelor or equivalent","No","Communications","Native","Highly experienced (I use it a lot)",0.75,0.6,0.7,0.79,0.72,0.61,0.22,0.8,0.7,0.55,1,0.88,0.31,0.17,0.444216666666667,0,0,2,0,0,2,2,0,0,0,0,0,2,0,0,0,2,0,0,0,1,0,0,0,0,0.9108,0.56,0.78,0.38,0.05,0.51,0.06,0.18,0.35,0.32,0.46,0.54,0.4,0.28,0.66,0.69,0.17,0.47,0.17,0.5,0.25,0.39,0.52,0.44,0.17,0.732966666666667
"S246",2024-02-05 18:08:44,17.2322333333333,"chrome 121.0.0","false","Windows 10",1718,1277,"Male","29","Chinese","Singaporean","29","Bachelor or equivalent","No","Marketing Analaytics","Native","Experienced (I use it often)",0.64,0.55,0.6,0.63,0.46,0.75,0.45,0.6,0.46,0.55,0.39,0.73,0.57,0.47,0.902471666666865,2,1,1,1,2,2,1,1,1,1,0,2,1,2,0,1,1,3,0,1,2,1,1,1,1,1.63131666666667,0.36,0.64,0.64,0.72,0.71,0.57,0.41,0.42,0.42,0.6,0.39,0.58,0.4,0.61,0.42,0.6,0.42,0.52,0.47,0.45,0.46,0.45,0.58,0.55,1.08391333333353
"S313",2024-02-05 20:07:21,13.5233833333333,"chrome 121.0.0","true","Android OS",980,1807,"Female","27","Chinese","Singaporean ","27","Bachelor or equivalent","No","Accounting ","Native","No experience (but I heard about it)",0.35,0.85,0.64,0.57,0.62,0.73,0.63,0.65,0.64,0.75,0.66,0.36,0.73,0.42,0.55670499999995,2,1,1,1,1,1,1,2,2,1,2,1,1,1,1,2,1,2,1,1,1,2,2,2,3,1.0481,0.26,0.34,0.81,0.72,0.41,0.32,0.9,0.83,0.36,0.73,0.35,0.65,0.67,0.32,0.22,0.68,0.81,0.73,0.84,0.91,0.41,0.45,0.12,0.37,0.663701666666692
"S419",2024-02-06 12:36:58,92.8260833333333,"chrome 121.0.0","false","Mac OS",1440,779,"Female","22","Chinese","Singaporean","22","High school or equivalent (A-levels, Diploma, etc.)","Yes","Social Work","Native","Highly experienced (I use it a lot)",0.59,0.46,0.65,0.55,0.6,0.27,0.39,0.75,0.79,0.62,0.63,0.81,0.75,0.37,1.17295,2,1,1,2,0,1,1,1,2,0,0,1,1,1,0,0,1,1,0,1,1,0,1,1,0,29.78015,0.31,0.63,0.35,0.39,0.67,0.55,0.54,0.27,0.37,0.59,0.43,0.61,0.21,0.62,0.63,0.43,0.33,0.53,0.58,0.19,0.41,0.23,0.38,0.63,21.0319566666667
"S293",2024-02-05 19:16:07,143.747833333333,"chrome 121.0.0","false","Windows 10",1280,559,"Male","28","Chinese","Singaporean","28","Bachelor or equivalent","No","Chemistry and Biological Chemistry","Native","No experience (but I heard about it)",0.63,0.63,0.62,0.56,0.62,0.72,0.42,0.71,0.71,0.37,0.57,0.61,0.64,0.36,1.55237333333334,0,1,0,1,0,2,0,1,0,0,0,0,0,0,1,1,0,3,0,0,0,0,1,1,0,2.5882,0.37,0.71,0.41,0.41,0.43,0.42,0.5,0.29,0.34,0.68,0.61,0.53,0.43,0.63,0.59,0.41,0.37,0,0.59,0.3,0.43,0.42,0.45,0,1.09782833333335
"S467",2024-02-17 19:24:41,27.6941833333333,"chrome 121.0.0","false","Windows 10",1280,598,"Female","23","Chinese","Singaporean","23","High school or equivalent (A-levels, Diploma, etc.)","Yes","Business","Native","Experienced (I use it often)",1,0.68,1,0.84,0.69,0.65,0,0.75,0.76,0.81,0.65,1,0.26,0.31,0.820871666666865,2,0,0,1,0,0,0,0,0,2,0,1,0,0,0,0,0,1,0,0,1,0,0,1,2,1.42683333333333,0.21,1,0.69,0.08,0.83,0.19,0.6,0.32,0.16,0.73,0,0.54,0,0.74,0.63,0.13,0.31,0,0.61,0.16,0.16,1,0.15,0.55,1.331975
"S539",2024-11-07 11:47:43,211.59255,"edge-chromium 130.0.0","false","Windows 10",1912,956,"Male","25","Chinese","Singaporean","25","High school or equivalent (A-levels, Diploma, etc.)","Yes","Chemical Engineering","Native","Experienced (I use it often)",0.78,0.21,0.69,0.72,0.73,0.27,0.81,0.69,0.73,0.33,0.62,0.78,0.7,0.7,1.59016666666667,2,0,2,2,1,1,2,1,2,0,0,2,2,2,1,0,2,1,1,1,1,1,0,1,1,2.42138333333333,0.62,0.62,0.39,0.13,0.73,0.35,0.65,0.36,0.35,0.78,0.59,0.58,0.33,0.62,0.93,0.09,0.91,0.22,0.63,0.33,0.37,0.59,0.76,0.31,2.12323833333328
"S367",2024-02-05 23:13:07,18.6323666666667,"ios 17.2.0","true","iOS",980,1669,"Female","22","Chinese","Singapore","20","High school or equivalent (A-levels, Diploma, etc.)","Yes","Dentistry ","Native","Relatively experienced (I used it a few times)",0.61,0.42,0.66,0.65,0.68,0.26,0.41,0.57,0.22,0.67,0.63,0.65,0.61,0.68,0.692983333333333,1,2,1,1,1,2,2,2,2,2,1,1,1,1,2,2,1,1,1,2,2,2,1,2,1,0.933966666666667,0.38,0.66,0.64,0.64,0.64,0.71,0.62,0.4,0.6,0.78,0.36,0.7,0.6,0.29,0.66,0.67,0.42,0.81,0.62,0.42,0.74,0.31,0.37,0.67,0.8546
"S213",2024-02-05 17:29:28,25.6798166666667,"ios 17.0.1","true","iOS",980,1700,"Male","28","Chinese","Singaporean","28","Bachelor or equivalent","No","Business","Native","Relatively experienced (I used it a few times)",0.62,0.51,0.92,0.93,0.9,0.67,0.26,0.94,0.77,0.52,0.73,0.95,0.36,0.15,0.967566666666667,0,0,0,1,0,0,1,0,3,0,2,3,0,1,0,2,0,1,0,0,0,2,1,1,1,1.90188333333333,0,0.75,0.31,0,0.65,0.34,0.92,0.26,0.35,0.82,0.19,0.49,0.27,0.61,0.83,0.24,0.24,0.23,0.74,0.61,0.28,0.29,0.05,0.58,1.20286666666667
"S363",2024-02-05 23:04:12,34.6602833333333,"samsung 23.0.0","true","Android OS",980,1812,"Male","27","Chinese","Singapore ","27","University (master) <sub><sup>or equivalent</sup></sub>","No","Engineering","Native","Highly experienced (I use it a lot)",0.7,0.44,0.65,0.43,0.77,0.44,0.56,0.79,0.63,0.27,0.61,0.79,0.26,0.25,1.62928166666677,2,1,0,0,0,0,0,2,1,0,0,0,0,0,0,0,0,1,0,0,0,1,2,0,0,2.32876666666667,0.42,0.87,0.82,0.22,0.25,0.31,0.34,0.29,0.76,0.7,0.27,0.44,0.33,0.9,0.67,0.37,0.69,0.13,0.43,0.35,0.2,0.31,0.28,0.14,1.5513100000004
"S368",2024-02-05 23:13:44,55.9096666666667,"chrome 121.0.0","false","Windows 10",1920,911,"Male","30","Malay","Singaporean","30","High school or equivalent (A-levels, Diploma, etc.)","Yes","Sports and PE","Fluent (academic)","No experience (but I heard about it)",0.39,0.16,0.74,0.83,0.67,0.16,0.42,0.71,0.79,0.99,1,0.98,0.02,0.19,1.18797666666668,2,2,1,2,0,1,2,1,1,0,1,1,2,2,1,2,0,2,0,0,0,1,1,2,1,2.02516666666667,0.1,0.95,0.17,0.11,0.95,0.68,0.74,0.97,0.17,0.68,0.14,0.97,0.12,0.8,0.91,0.23,0.82,0.03,0.7,0.71,0.26,0.78,0.02,0.04,1.84610999999999
"S083",2024-02-05 15:45:14,24.2087,"chrome 121.0.0","false","Windows 10",1920,911,"Female","23","Chinese","Singaporean","23","High school or equivalent (A-levels, Diploma, etc.)","Yes","Science","Native","Relatively experienced (I used it a few times)",0.7,0.63,0.67,0.56,0.55,0.55,0.63,0.57,0.61,0.49,0.68,0.6,0.56,0.48,0.780701666666567,2,3,1,2,1,0,2,1,2,0,1,2,2,0,0,0,2,3,0,0,2,1,3,0,2,1.10693333333333,0,0.63,0.63,1,1,0.52,1,0.3,0.33,0.67,0.66,0.66,0.28,0.66,0.56,1,0.01,0,1,0.46,0.43,0.99,0,0.09,1.00131166666696
"S105",2024-02-05 15:57:41,38.7941666666667,"chrome 121.0.0","true","Android OS",980,1816,"Female","23","Chinese","Singaporean","23","Bachelor or equivalent","Yes","Psychology ","Native","Relatively experienced (I used it a few times)",0.21,1,0.69,0.38,0.98,0.88,0.28,1,1,0.67,0.72,0.2,0.62,0.31,0.800540000000099,2,2,0,0,0,0,1,0,0,0,0,1,0,1,0,0,1,0,0,1,2,0,1,0,0,1.84843333333333,0.31,1,0.39,0.38,0.3,0.23,0.13,0.1,0.66,0.66,0.69,0.18,0.63,1,0.61,0.15,0.88,0,0.69,0.19,0.86,0.8,0.32,0,1.34850333333338
"S114",2024-02-05 16:00:33,48.7847,"chrome 120.0.0","false","Windows 10",1280,559,"Female","25","Chinese","Singaporean","24","Bachelor or equivalent","No","Business Management","Fluent (academic)","Relatively experienced (I used it a few times)",0.54,0.58,0.54,0.58,0.56,0.81,0.54,0.54,0.54,0.54,0.61,0.56,0.52,0.55,0.401418333323797,3,2,2,2,2,2,2,2,2,2,2,2,2,2,2,2,1,2,2,2,2,2,3,2,2,9.13553333333333,0.31,0.97,0.58,0.9,0.61,0.47,0.8,0.39,0.56,0.55,0.48,0.71,0.43,0.9,0.39,0.89,0.23,0.42,0.44,0.43,0.45,0.42,0.26,0.38,0.923803333330154
"S170",2024-02-05 16:37:06,127.086433333333,"chrome 120.0.0","false","Mac OS",1728,968,"Female","24","Chinese","Singaporean","24","Bachelor or equivalent","No","IT","Native","Relatively experienced (I used it a few times)",0.84,0.78,0.79,0.41,1,0.8,0.24,0.77,0.9,0.22,1,0.81,0.24,0.23,8.33146166666746,0,2,1,0,1,0,3,1,2,0,0,1,2,2,2,1,2,1,1,2,2,0,2,0,2,1.51818333333333,0.59,0.39,0.97,0.77,0.64,0.63,0.35,0.35,0.29,0.86,0.68,0.66,0.36,0.37,0.38,0.75,0.37,0,0.3,0.67,0.28,0.71,0.7,0.68,0.982044999999801
"S163",2024-02-05 16:28:56,37.9977166666667,"chrome 120.0.0","false","Windows 10",1280,559,"Male","25","Chinese","Singaporean","25","High school or equivalent (A-levels, Diploma, etc.)","Yes","Accountancy","Fluent (academic)","Experienced (I use it often)",0.56,0.64,0.54,0.64,0.6,0.91,0.6,0.62,0.61,0.6,0.57,0.57,0.62,0.56,0.768654999987284,2,2,1,2,1,1,1,1,2,1,2,2,1,1,1,2,1,3,1,2,1,1,2,1,1,7.63145,0.56,0.61,0.67,0.53,0.57,0.5,0.52,0.55,0.42,0.66,0.35,0.54,0.53,0.66,0.64,0.52,0.43,0.46,0.46,0.42,0.44,0.41,0.43,0.45,1.39480333333015
"S452",2024-02-16 16:43:27,19.7873166666667,"samsung 23.0.0","true","Android OS",980,1878,"Female","22","Chinese","Singaporean","22","High school or equivalent (A-levels, Diploma, etc.)","Yes","Med","Native","Little experience (I tried it)",0.7,0.69,0.65,0.65,0.62,0.65,0.63,0.64,0.65,0.68,0.68,0.69,0.64,0.65,0.227773333333184,1,1,1,2,1,1,3,2,2,1,2,1,1,2,2,2,2,2,2,2,0,2,2,1,2,0.536383333333333,0.14,0.62,0.37,0.89,0.34,0.43,0.1,0.61,0.83,0.59,0.6,0.43,0.66,0.71,0.56,0.57,0.28,0.53,0.43,0.53,0.43,0.57,0.56,0.54,0.48517999999995
"S480",2024-07-31 13:24:00,105.724133333333,"edge-chromium 126.0.0","false","Windows 10",1872,958,"Female","24","Malay","Singaporean","24","High school or equivalent (A-levels, Diploma, etc.)","No","Arts and Humanities","Native","Experienced (I use it often)",0.76,0.64,0.67,0.61,0.74,0.61,0.34,0.73,0.63,0.66,0.56,0.66,0.85,0.7,3.24990666666666,2,2,1,3,1,0,1,1,3,2,1,2,0,3,2,1,1,3,1,1,1,2,1,0,2,2.61161666666667,0.38,0.59,0.31,0.2,0.77,0.44,0.65,0.52,0.65,0.62,0.62,0.5,0.31,0.5,0.33,0.26,0.5,0.69,0.5,0.5,0.38,0.65,0.23,0.64,2.14745666666667
"S228",2024-02-05 17:43:25,31.2521833333333,"chrome 121.0.0","true","Android OS",980,1853,"Female","35","Chinese","Singapore","34","Bachelor or equivalent","No","Business","Native","Relatively experienced (I used it a few times)",0.93,0.9,0.9,0.87,0.93,0.88,0.93,0.9,0.88,0.9,0.91,0.89,0.92,0.94,0.314193333333731,3,3,1,3,2,1,3,1,3,3,3,1,2,3,3,3,1,3,2,0,2,0,1,1,3,1.10788333333333,0.25,0.22,0.31,0.16,0.26,0.13,0.18,0.36,0.59,0.16,0.66,0.06,0.07,0.07,0.11,0.2,0.13,0.14,0.41,0.35,0.49,0.2,0.72,0.38,1.89660166666508
"S072",2024-02-05 15:41:25,64.1716833333333,"ios 16.4.0","true","iOS",980,1661,"Male","26","Chinese","Singaporean","26","Bachelor or equivalent","No","Engineering","Fluent (academic)","No experience (but I heard about it)",0.52,0.67,0.56,0.58,0.6,0.65,0.51,0.59,0.38,0.7,0.55,0.52,0.63,0.51,7.51941666666667,2,2,1,2,0,0,1,2,2,1,1,2,1,2,1,1,0,1,1,0,1,1,2,1,2,1.19275,0.33,0.7,0.45,0.23,0.58,0.5,0.39,0.39,0.54,0.4,0.41,0.63,0.48,0.71,0.59,0.45,0.5,0.62,0.63,0.47,0.65,0.45,0.28,0.59,1.06183333333333
"S430",2024-02-06 13:47:29,54.9200166666667,"ios 17.3.0","true","iOS",980,1703,"Male","19","Chinese","Singaporean","18","High school or equivalent (A-levels, Diploma, etc.)","No","Business","Native","No experience (but I heard about it)",0.18,1,0.92,0.21,1,1,0.04,1,1,1,1,0.78,0.97,0.04,1.80111666666667,0,2,2,2,0,2,2,0,2,2,2,2,3,3,0,3,2,3,3,2,0,3,1,3,2,4.26785,0.04,0.75,0.05,0.65,0.57,0.61,0.36,1,0,0.61,0.89,0.6,0,0.7,0.13,0.71,0.13,0.1,0.64,0.77,0.25,0.33,0.37,0.22,2.26921666666667
"S362",2024-02-05 22:44:41,39.10055,"chrome 121.0.0","false","Windows 10",2048,1026,"Male","28","Chinese","Singaporean","28","Bachelor or equivalent","No","Psychology","Native","No experience (but I heard about it)",0.49,0.68,0.4,0.51,0.39,0.42,0.75,0.46,0.32,0.26,0.58,0.77,0.51,0.67,1.24687999999921,0,1,0,0,0,0,1,1,1,0,1,0,1,0,0,0,0,1,0,0,1,2,1,2,1,1.37593333333333,0.23,0.84,0.67,0.28,0.11,0.13,0.53,0.21,0.11,0.93,0.18,0,0.73,0.5,0.71,0.2,0.6,0.08,0.59,0.16,0.22,0.24,0.1,0.05,1.06545500000119
"S019",2024-02-05 15:31:35,38.8635333333333,"safari 16.1.0","false","Mac OS",735,768,"Female","27","Chinese","Singaporean","27","Bachelor or equivalent","Yes","Public Health","Native","Experienced (I use it often)",0.58,0.56,0.46,0.53,0.46,0.56,0.5,0.48,0.37,0.55,0.4,0.54,0.46,0.62,0.848016666666667,2,2,1,1,0,0,1,2,1,0,1,1,1,1,0,2,0,3,0,0,1,2,2,1,2,1.41711666666667,0.29,0.76,0.68,0.78,0.66,0.23,0.49,0.43,0.44,0.64,0.55,0.5,0.58,0.68,0.2,0.61,0.31,0.27,0.61,0.6,0.5,0.41,0.26,0.37,1.05098333333333
"S057",2024-02-05 15:38:11,58.0582833333333,"edge-chromium 121.0.0","false","Windows 10",675,328,"Female","23","Singaporean","Singaporean","23","Bachelor or equivalent","Yes","Business","Native","Highly experienced (I use it a lot)",0.7,0.69,0.78,1,0.75,0.84,1,1,0.83,1,0.89,0.86,0.63,0.32,0.492394999999801,2,2,1,0,1,0,0,1,3,1,0,1,1,2,0,0,0,1,0,0,1,1,1,1,1,1.05158333333333,0.78,0.66,1,0.9,0.39,0.77,0.67,0.75,0.91,1,1,0.75,0.64,0.77,0.12,0.34,0.55,0.21,0.73,0.76,0.76,0.82,0.33,0.19,0.771569999999801
"S045",2024-02-05 15:35:35,302.124566666667,"chrome 119.0.0","false","Mac OS",1000,692,"Female","21","chinese","singaporean","21","High school or equivalent (A-levels, Diploma, etc.)","Yes","business","Native","Experienced (I use it often)",0.55,0.58,0.58,0.6,0.57,0.59,0.5,0.59,0.59,0.62,0.41,0.62,0.59,0.6,1.33612999999921,2,1,1,1,1,1,1,1,0,0,0,1,2,1,1,1,1,1,1,2,0,2,1,1,1,1.4189,0.43,0.54,0.55,0.5,0.43,0.45,0.54,0.28,0.43,0.66,0.36,0.45,0.63,0.75,0.73,0.37,0.59,0.35,0.5,0.41,0.41,0.42,0.49,0.51,1.22371166666746
"S513",2024-10-04 09:14:14,131.501316666667,"edge-chromium 129.0.0","false","Windows 10",1912,956,"Female","37","Chinese","Singaporean","37","Bachelor or equivalent","Yes","China and Globalisation ","Native","Relatively experienced (I used it a few times)",0.84,1,0.93,0.79,0.69,0.78,0.53,0.55,0.47,0.6,0.66,1,0.79,0.29,2.71454333333323,2,1,1,1,1,2,1,1,2,0,2,1,1,0,0,3,2,0,1,2,1,2,1,0,2,3.159,0.26,0.56,0.38,0.3,0.7,0.07,0.45,0.74,0.37,0.6,0.61,0.5,0.16,0.7,0.59,0.28,0.6,0.01,0.55,0.66,0.36,0.55,0.17,0.05,3.30548166666627
"S033",2024-02-05 15:32:45,51.2781833333333,"ios 17.2.0","true","iOS",980,625,"Female","21","Chinese","Indonesian","6","High school or equivalent (A-levels, Diploma, etc.)","Yes","Psychology ","Fluent (academic)","Experienced (I use it often)",0.79,0.88,0.71,0.74,0.64,0.38,0.4,0.87,0.37,0.25,0.68,0.6,0.58,0.39,0.909183333333333,1,3,0,1,0,3,2,0,2,2,0,2,2,2,0,0,2,3,0,2,3,1,2,1,1,0.9848,0.74,0.29,0.12,0.86,0.86,0.67,0.13,0.78,0.1,0.69,0.88,0.67,0.17,0.62,0.21,0.36,0.77,0.07,0.19,0.39,0.14,0.75,0.65,1,1.01296666666666
"S241",2024-02-05 18:06:05,71.58435,"ios 17.3.0","true","iOS",980,1675,"Male","30","Chinese","Singaporean","30","Bachelor or equivalent","Yes","Education ","Native","Relatively experienced (I used it a few times)",0.99,0.74,1,1,0.64,0.97,0.14,0.78,0.8,0.71,0.02,0.99,0.89,0.89,1.13611666666667,3,3,0,0,0,2,2,3,3,0,0,2,2,1,0,3,2,3,0,1,0,0,2,0,0,1.39085,0.66,1,0.34,0.78,0.73,0.31,0.61,0.45,0.33,0.11,0.82,0.88,0.29,0.8,0.35,0.65,0.38,0,0.71,0.25,0.29,0.31,0.79,0.15,1.45325
"S218",2024-02-05 17:34:55,18.96195,"chrome 121.0.0","false","Windows 10",1707,790,"Male","25","chinese ","singaporean","25","High school or equivalent (A-levels, Diploma, etc.)","Yes","mechanical","Fluent (academic)","Experienced (I use it often)",1,0.84,0.71,0.66,0.53,1,0.37,0.9,0.68,0.76,0.67,0.81,0.65,0.71,0.420676666667064,2,2,1,2,1,1,1,1,1,1,1,1,2,2,2,1,2,1,1,2,1,2,1,2,1,1.6409,0.44,0.65,0.74,0.43,0.49,0.45,0.68,0.5,0.61,0.45,0.39,0.58,0.46,0.75,0.61,0.55,0.53,0.52,0.6,0.58,0.48,0.43,0.57,0.55,0.813453333334128
"S048",2024-02-05 15:36:25,23.7437166666667,"chrome 102.0.0","false","Windows 10",1280,609,"Female","24","chinese","singaporean","24","Bachelor or equivalent","Yes","biology","Fluent (academic)","Highly experienced (I use it a lot)",0.45,0.76,0.75,0.69,0.75,0.67,0.3,0.68,0.73,0.65,0.58,0.58,0.64,0.2,0.689858333333333,2,1,2,2,0,0,1,1,2,1,1,1,1,1,1,1,2,2,0,0,2,2,1,2,1,4.10148333333333,0.57,0.74,0.36,0.42,0.7,0.4,0.21,0.28,0.57,0.61,0.42,0.6,0.35,0.43,0.69,0.5,0.5,0.69,0.65,0.29,0.65,0.46,0.46,0.69,0.793156666666642
"S521",2024-10-16 09:06:50,129.65645,"edge-chromium 129.0.0","false","Windows 10",1920,1080,"Male","21","Chinese","Singaporean","21","High school or equivalent (A-levels, Diploma, etc.)","Yes","Business","Native","Highly experienced (I use it a lot)",1,0.86,0.93,0.02,0.26,0.05,0.75,0.13,0.15,1,0.74,0.82,1,1,0.797143333335718,3,2,3,3,1,0,0,0,2,0,0,3,0,0,1,2,3,0,0,0,2,1,0,2,1,1.40133333333333,0.14,0.02,0.91,0.15,0.86,0.57,0.23,0.6,0.08,0,0.95,0.68,0.8,0.1,0.96,0.91,0.09,0,0,0.95,0.04,0.95,0.74,0,0.9025
"S307",2024-02-05 19:48:24,24.8585,"ios 17.2.0","true","iOS",980,1661,"Female","28","Chinese","Singaporean","28","Bachelor or equivalent","No","Accounting","Native","Relatively experienced (I used it a few times)",0.69,0.78,0.65,0.52,0.88,0.66,0.21,0.79,0.53,0.69,0.75,0.88,0.23,0.21,1.13848333333333,1,2,2,2,1,1,1,1,2,2,1,2,1,1,1,1,1,3,1,1,0,1,2,2,1,1.27923333333333,0.24,0.8,0.22,0.58,0.87,0.96,0.95,0.28,0.68,0.85,0.46,0.88,0.39,0.77,0.35,0.61,0.31,0.36,0.7,0.39,0.65,0.5,0.4,0.27,4.19411666666667
"S384",2024-02-06 08:20:53,10.4161333333333,"crios 121.0.6167","true","iOS",980,1658,"Female","22","Chinese","Singapore","22","High school or equivalent (A-levels, Diploma, etc.)","Yes","Business","Native","Experienced (I use it often)",0.74,0.2,0.81,0.77,0.78,0.23,0.23,0.79,0.27,0.74,0.25,0.72,0.21,0.7,0.228383333333333,2,1,2,3,2,2,1,1,1,2,2,1,1,2,2,2,1,1,1,2,3,2,3,1,2,0.6207,0.81,0.12,0.85,0.15,0.87,0.31,0.75,0.29,0.81,0.22,0.78,0.77,0.17,0.73,0.74,0.24,0.13,0.78,0.1,0.84,0.16,0.25,0.35,0.72,0.276583333333333
"S441",2024-02-16 13:12:57,117.858133333333,"firefox 101.0.0","true","Android OS",980,1783,"Female","53","Chinese ","Singapore citizen ","53","Secondary school up to 16 years","No","Arts","Fluent (academic)","Experienced (I use it often)",0.61,0.75,0.86,0.61,0.63,0.94,0.35,0.8,0.84,0.6,0.62,0.71,0.81,0.74,2.48556666666667,2,0,0,0,0,2,0,0,0,0,1,1,0,0,1,1,0,1,0,0,2,1,0,0,0,5.05753333333333,0.66,0.66,0.95,0.09,0.69,0.08,0.3,0.82,0.06,0.37,0,0.65,0.09,0.76,0.32,0.06,0.96,0.4,0.25,0.61,0.19,0,0.78,0.79,2.8485
"S318",2024-02-05 20:26:15,43.9692333333333,"ios 17.2.0","true","iOS",980,1661,"Female","24","Chinese","Singaporean","24","Bachelor or equivalent","No","Health and Social Sciences","Fluent (academic)","Relatively experienced (I used it a few times)",0.69,0.7,0.73,0.65,0.69,0.67,0.27,0.67,0.66,0.74,0.66,0.66,0.7,0.27,1.01088333333333,1,2,0,1,0,1,0,1,0,1,2,0,0,1,1,1,0,2,0,0,1,1,1,1,2,1.02975,0.35,0.65,0.67,0.75,0.19,0.24,0.75,0.24,0.62,0.99,0.25,0.25,0.83,0.38,0.15,0.42,0.3,0.61,0.65,0.75,0.93,0.25,0.27,0.62,0.90415
"S137",2024-02-05 16:08:31,50.7486666666667,"chrome 121.0.0","false","Windows 10",1536,703,"Female","24","Indian","Singaporean","24","High school or equivalent (A-levels, Diploma, etc.)","Yes","Biomedical Science","Native","No experience (but I heard about it)",0.37,0.86,0.66,0.28,0.62,0.73,0.69,0.65,0.72,0.65,0.67,0.6,0.63,0.42,0.653361666666468,1,3,2,2,2,1,1,1,2,1,3,3,1,2,2,3,1,3,1,1,2,3,3,3,3,1.04705,0.71,0.35,0.14,0.57,1,0.7,1,1,0.61,0.78,0.65,1,0,0.56,0.65,0.64,0,0.24,0.38,1,0.56,0.71,0.59,0.68,6.82955333333338
"S175",2024-02-05 16:41:08,23.1877666666667,"chrome 121.0.0","true","Android OS",980,1696,"Female","42","Chinese","Singaporean","42","Bachelor or equivalent","No","Accounting","Native","No experience (but I heard about it)",0.74,0.75,0.63,0.82,0.77,0.82,0.66,0.7,0.76,0.79,0.68,0.65,0.79,0.6,0.661910000000025,2,1,1,2,2,2,1,2,2,2,2,2,2,1,1,2,1,1,1,2,2,2,1,2,2,1.46931666666667,0.86,0.94,0.87,0.81,0.23,0.28,0.67,0.7,0.16,0.78,0.31,0.65,0.52,0.74,0.89,0.26,0.37,0.3,0.29,0.75,0.32,0.21,0.71,0.65,1.94815166666669
"S487",2024-09-06 09:33:11,91.8456666666667,"edge-chromium 128.0.0","false","Windows 10",1912,956,"Female","21","Chinese","Singaporean","14","High school or equivalent (A-levels, Diploma, etc.)","Yes","Computer Science","Native","Highly experienced (I use it a lot)",1,0.64,0.78,0.58,0.87,0.35,0.73,0.83,0.62,0.25,0.68,0.68,0.41,0.34,1.4794600000004,0,1,2,2,0,0,0,0,1,0,1,1,0,1,1,2,0,2,0,0,0,2,1,1,2,1.95191666666667,0.01,0.8,0.2,0.28,0.78,0.26,0.92,0.37,0.26,0.17,0.73,0.19,0.2,0.73,0.73,0.38,0.66,0.43,0.79,0.36,0.22,0.43,0.12,0.41,2.76764166666667
"S191",2024-02-05 16:59:41,43.1433166666667,"chrome 121.0.0","false","Windows 10",1536,695,"Female","24","Chinese","Singaporean","24","Bachelor or equivalent","Yes","Accountancy","Native","Experienced (I use it often)",0.95,0.64,0.77,0.72,1,0.44,0.39,0.67,0.38,0.61,0.82,0.63,0.64,0.14,1.38925166666607,2,2,2,1,1,1,2,1,2,2,0,2,1,1,1,2,2,3,1,1,2,1,2,2,1,0.85935,0.55,0.73,0.35,0.65,0.61,0.54,0.72,0.35,0.54,0.63,0.61,0.52,0.31,0.59,0.27,0.58,0.36,0.12,0.62,0.21,0.35,0.62,0.82,0.16,1.12306333333353
"S080",2024-02-05 15:44:47,26.6982333333333,"firefox 122.0.0","false","Mac OS",1545,866,"Female","22","chinese","singaporean","22","Bachelor or equivalent","No","computer science","Native","Experienced (I use it often)",0.56,0.68,0.58,0.58,0.59,0.5,0.55,0.56,0.57,0.45,0.55,0.54,0.56,0.81,0.90885,2,3,2,2,2,2,2,3,2,2,2,2,2,1,2,2,2,2,1,2,2,2,2,2,2,1.17965,0.45,0.55,0.4,0.57,0.4,0.58,0.55,0.58,0.56,0.54,0.54,0.7,0.53,0.55,0.59,0.64,0.45,0.46,0.54,0.54,0.53,0.44,0.56,0.56,0.622733333333333
"S115",2024-02-05 16:00:40,14.8308333333333,"ios 16.6.0","true","iOS",980,1684,"Male","27","Chinese","Singaporean","27","Bachelor or equivalent","No","Accountancy","Native","Relatively experienced (I used it a few times)",0.64,0.64,0.7,0.64,0.47,0.88,0.68,0.57,0.52,0.59,0.71,0.22,0.64,0.59,1.08166666666667,0,0,0,0,0,0,0,0,0,0,0,0,0,0,0,0,0,0,0,0,0,0,0,0,0,0.85465,0.28,0.68,0.76,0,0.66,0.28,0.28,0.22,0.23,0.99,0,0.4,0.68,0.84,0.63,0.15,0.75,0.12,0.73,0.12,0.13,0.17,0.11,0.2,1.06896666666667
"S327",2024-02-05 21:05:37,43.2115833333333,"chrome 121.0.0","false","Windows 10",1280,551,"Female","23","Chinese","Singaporean","23","Bachelor or equivalent","Yes","Nursing","Native","Experienced (I use it often)",0.71,0.63,0.7,0.34,0.23,0.29,0.69,0.64,0.38,0.69,0.74,0.74,0.39,0.69,1.14347833333413,1,0,0,0,0,0,1,2,1,0,0,0,1,2,1,0,2,2,0,0,0,0,1,0,0,2.9967,0.8,0.85,0.96,0.21,0.15,0.23,0.53,0.34,0.59,0.35,0.18,0.67,0.12,0.62,0.67,0.21,0.55,0.35,0.64,0.31,0.33,0.24,0.62,0.28,1.03353833333254
"S527",2024-10-24 11:23:43,243.415983333333,"edge-chromium 130.0.0","false","Windows 10",1912,956,"Male","23","Chinese","Singaporean","16","High school or equivalent (A-levels, Diploma, etc.)","Yes","Civil Engineering","Native","Experienced (I use it often)",0.55,0.65,0.72,0.69,0.73,0.61,0.71,0.73,0.59,0.58,0.43,0.68,0.64,0.36,2.73992166666587,0,2,3,2,0,0,0,2,2,1,2,0,1,1,1,1,1,2,0,0,1,3,1,1,2,3.34116666666667,0.57,0.77,0.66,0.69,0.69,0.42,0.64,0.58,0.38,0.69,0.38,0.56,0.34,0.77,0.58,0.44,0.43,0.44,0.64,0.59,0.37,0.3,0.43,0.62,3.17539500000079
"S219",2024-02-05 17:34:59,15.5445,"ios 17.2.0","true","iOS",980,1642,"Male","53","Chinese","Singaporean","52","Bachelor or equivalent","No","IT","Native","Relatively experienced (I used it a few times)",0.29,0.66,0.33,0.55,0.28,0.84,0.66,0.86,0.1,0.59,0.62,0.58,0.57,0.66,0.630466666666667,0,0,0,0,0,0,1,0,0,1,0,0,0,0,0,0,0,1,0,0,0,0,0,0,0,0.7492,0.35,0.64,0.23,0.4,0.69,0.41,0.39,0.29,0.64,0.65,0.58,0.36,0.36,0.62,0.59,0.45,0.6,0.13,0.68,0.26,0.56,0.58,0.22,0.09,0.7727
"S126",2024-02-05 16:02:41,25.5526,"chrome 121.0.0","false","Windows 10",1366,599,"Male","22","Chinese","Singaporean","22","High school or equivalent (A-levels, Diploma, etc.)","Yes","Life Science","Fluent (academic)","Highly experienced (I use it a lot)",0.8,0.74,0.65,0.73,0.83,0.75,0.31,0.77,0.63,0.58,0.59,0.72,0.69,0.24,0.638496666666679,2,2,2,2,0,1,2,2,2,1,1,2,2,2,0,3,2,3,1,0,1,2,3,2,1,1.54926666666667,0.64,0.96,0.18,0.79,1,0.66,0.43,0.33,0.84,0.55,0.58,0.56,0.03,0.91,0.61,0.87,0.06,0.64,0.67,0.23,0.71,0.7,0.64,0.64,1.24687833333335
"S286",2024-02-05 18:57:37,26.36225,"chrome 121.0.0","false","Windows 10",1422,612,"Female","23","chinese","singaporean","23","High school or equivalent (A-levels, Diploma, etc.)","Yes","pharmacy","Fluent (academic)","Relatively experienced (I used it a few times)",0.65,0.58,0.66,0.58,0.66,0.65,0.41,0.79,0.64,0.41,0.65,0.82,0.35,0.39,0.958418333335718,0,0,1,0,0,0,0,0,1,0,0,1,0,1,0,0,0,1,0,0,1,0,1,1,1,1.41231666666667,0.42,0.83,0.63,0.4,0.57,0.25,0.22,0.99,0.4,0.68,0.35,0.59,0.57,0.64,0.56,0.34,0.65,0.18,0.4,0.37,0.37,1,0.49,0.74,1.77474500000079
"S463",2024-02-17 09:58:49,69.25115,"ios 16.6.0","true","iOS",980,1669,"Female","22","Chinese","Singaporean","22","High school or equivalent (A-levels, Diploma, etc.)","Yes","English Literature","Native","Relatively experienced (I used it a few times)",0.41,1,0.39,0.67,0.65,1,0.65,0.43,0.61,0.7,0.4,0.64,0.77,0.45,0.848133333333333,2,2,0,3,0,1,1,0,2,0,1,1,1,2,1,1,1,3,0,1,2,1,3,0,0,2.02261666666667,0.63,1,0.58,0.79,0.42,0.38,0.54,0,1,1,0.33,0.43,0.62,0.76,0.45,0.71,0.33,0.55,0.45,0.42,0.66,0.55,0.76,0.57,1.55355
"S271",2024-02-05 18:43:16,34.2576,"chrome 121.0.0","true","Android OS",980,1956,"Male","27","Chinese","Singaporean","27","Bachelor or equivalent","No","Biological Sciences ","Fluent (academic)","Little experience (I tried it)",0.77,0.66,0.87,0.76,1,0.49,0,1,1,0.32,1,0.79,0.15,0.26,1.66433833333453,0,0,2,1,1,0,0,0,1,1,0,2,1,0,0,0,2,0,0,0,1,2,1,0,1,1.81711666666667,0.18,1,0.08,0,0.17,0,0.8,0.48,0.61,0.64,0.64,0,0.78,0.86,0.64,0,0.51,0,0.73,0.1,0.06,0.63,0.38,0.04,1.33341666666667
"S284",2024-02-05 18:56:47,35.6307666666667,"chrome 121.0.0","true","Android OS",980,2025,"Female","27","Chinese ","Singaporean ","27","Bachelor or equivalent","No","Health Science ","Fluent (academic)","Relatively experienced (I used it a few times)",0.67,0.3,0.74,0.6,0.67,0.26,0.32,0.73,0.68,0.36,0.65,0.74,0.31,0.36,1.30006666666667,1,1,1,2,0,0,2,2,0,0,2,1,1,1,2,1,1,1,0,1,1,1,2,0,2,1.81186666666667,0.23,0.85,0.64,0.55,0.38,0.64,0.61,0.68,0.42,0.29,0.32,0.71,0.28,0.73,0.31,0.66,0.25,0.2,0.3,0.62,0.7,0.3,0.04,0.05,2.43737666666657
"S225",2024-02-05 17:40:39,38.0261166666667,"chrome 121.0.0","true","Android OS",980,1758,"Male","34","Chinese","Singaporean","34","University (master) <sub><sup>or equivalent</sup></sub>","No","Information Systems","Native","Experienced (I use it often)",0.61,0.56,0.68,0.66,0.67,0.29,0.43,0.64,0.65,0.43,0.62,0.77,0.68,0.64,0.606183333333333,0,1,1,2,0,1,1,1,1,1,0,0,1,1,2,0,1,0,0,0,1,1,1,0,1,1.01195,0.32,0.8,0.77,0.24,0.41,0.65,0.81,0.26,0.27,0.72,0.23,0.78,0.6,0.86,0.79,0.16,0.19,0.18,0.76,0.23,0.15,0.24,0.63,0.18,0.848208333333333
"S061",2024-02-05 15:39:08,177.962033333333,"chrome 121.0.0","true","Android OS",980,1709,"Female","22","Chinese","Singaporean","22","High school or equivalent (A-levels, Diploma, etc.)","Yes","Biomedical Engineering","Native","Experienced (I use it often)",0.66,0.37,0.6,0.73,0.66,0.36,0.66,0.79,0.86,0.31,0.59,0.59,0.58,0.7,1.23554666666668,2,2,1,1,1,1,1,1,1,0,1,2,1,1,2,1,1,2,0,1,1,1,1,1,2,2.43475,0.24,0.74,0.41,0.57,0.37,0.33,0.92,0.67,0.57,0.84,0.65,0.64,0.54,0.53,0.6,0.56,0.48,0.38,0.65,0.56,0.34,0.57,0.1,0.41,1.97318166666664
"S339",2024-02-05 21:56:47,28.2393833333333,"chrome 121.0.0","true","Android OS",980,1818,"Female","49","Chinese","Singapore ","49","High school or equivalent (A-levels, Diploma, etc.)","No","HR","Native","Little experience (I tried it)",0.55,0.64,0.62,0.7,0.65,0.59,0.6,0.65,0.6,0.72,0.59,0.64,0.31,0.66,0.588618333333335,2,1,1,1,0,0,1,1,2,1,1,1,1,1,2,1,0,2,0,0,1,2,2,1,1,1.7597,0.23,0.87,0.88,0.49,0.35,0.39,0.87,0.86,0.36,0.26,0.01,0.46,0.43,0.78,0.45,0.17,0.23,0,0.41,0.89,0.43,0.14,0.22,0,1.323895
"S031",2024-02-05 15:32:37,40.8276,"edge-chromium 121.0.0","false","Windows 10",1280,649,"Female","21","Chinese","Singaporean","13","High school or equivalent (A-levels, Diploma, etc.)","Yes","Biomedical Sciences","Fluent (academic)","Relatively experienced (I used it a few times)",0.61,0.73,0.63,0.65,0.62,0.4,0.37,0.67,0.67,0.37,0.74,0.72,0.64,0.26,0.620136666666716,1,1,0,1,1,2,0,1,2,0,2,1,0,0,0,1,0,0,0,1,0,2,1,1,2,1.226,0.27,0.4,0.83,0.22,0.32,0.09,0.65,0.32,0.73,0.78,0.26,0.17,0.76,0.38,0.32,0.14,0.21,0.11,0.75,0.68,0.28,0.19,0.39,0.02,1.21598833333328
"S402",2024-02-06 10:58:23,96.0844166666667,"ios 17.2.0","true","iOS",784,1322,"Female","25","Chinese","Singaporean ","25","Bachelor or equivalent","No","Computer Science ","Fluent (academic)","No experience (but I heard about it)",0.4,0.81,0.35,0.16,0.62,0.81,0.64,0.68,0.66,0.72,0.66,0.42,0.33,0.75,1.32256666666667,3,1,1,1,0,2,1,0,2,0,1,1,0,1,0,0,1,2,1,2,1,0,1,1,1,2.13645,0.37,0.65,0.8,0.35,0.36,0.29,0.69,0.69,0.69,0.69,0.28,0.36,0.64,0.29,0.67,0.35,0.7,0.68,0.71,0.64,0.34,0.37,0.37,0.56,2.4169
"S486",2024-09-05 12:58:02,152.8066,"edge-chromium 128.0.0","false","Windows 10",1912,956,"Female","23","Chinese","Singaporean","23","High school or equivalent (A-levels, Diploma, etc.)","Yes","Business","Native","Experienced (I use it often)",0.73,0.57,0.91,0.75,0.83,0.88,0.31,0.72,0.71,0.63,0.7,0.72,0.44,0.39,1.0610149999996,2,1,1,0,0,0,0,0,0,0,0,0,0,1,0,1,0,1,0,0,2,0,2,0,0,2.54201666666667,0.75,0.42,0.59,0.52,0.19,0.15,0.15,0.38,0.66,0.49,0.11,0,0.64,0.64,0.68,0.42,0.69,0,0.22,0.22,0.79,0.8,0.8,0,3.5301649999996
"S012",2024-02-05 15:31:21,15.9736166666667,"safari 17.2.1","false","Mac OS",1248,790,"Female","21","indian","Singaporean","16","Bachelor or equivalent","Yes","psychology","Fluent (academic)","Experienced (I use it often)",0.5,0.5,0.5,0.5,0.5,0.5,0.51,0.5,0.5,0.5,0.5,0.5,0.51,0.5,0.330483333333333,0,0,0,0,0,0,0,0,0,0,0,0,0,0,0,0,0,0,0,0,0,0,0,0,0,0.747183333333333,0.53,0.56,0.55,0.55,0.45,0.55,0.35,0.58,0.32,0.51,0.36,0.59,0.35,0.4,0.52,0.51,0.41,0.53,0.52,0.52,0.51,0.5,0.5,0.51,0.766466666666667
"S298",2024-02-05 19:22:43,61.0125,"chrome 121.0.0","false","Windows 10",1594,943,"Male","30","Malay","Singaporean","30","High school or equivalent (A-levels, Diploma, etc.)","No","Nursing","Native","Relatively experienced (I used it a few times)",0.5,0.87,0.75,0.31,0.17,0.99,0.39,0.69,0.89,0.75,0.73,0.5,0.74,0.69,1.96691500000159,2,1,1,1,0,0,1,1,1,0,1,1,1,1,1,2,0,2,1,1,2,1,0,1,1,2.65473333333333,0.32,0.7,0.47,0.39,0.81,0.41,0.56,0.39,0.52,0.61,0.55,0.57,0.22,0.61,0.66,0.42,0.41,0.16,0.65,0.44,0.46,0.33,0.38,0.39,1.53097166666587
"S053",2024-02-05 15:37:04,96.25155,"ios 17.2.0","true","iOS",980,1677,"Female","30","Chinese","Singaporean","30","University (master) <sub><sup>or equivalent</sup></sub>","No","Economics","Native","Experienced (I use it often)",0.75,0.72,0.68,0.77,0.88,0.68,0.31,0.61,0.87,0.62,0.89,0.72,0.65,0.37,1.72905,0,2,1,0,2,0,2,3,0,1,3,2,0,1,3,3,0,1,2,2,2,3,1,0,3,1.21541666666667,0.07,0.89,0.7,0.66,0.17,0.84,1,0.37,0.94,0.4,0.5,0.88,0.93,0.88,0.91,0.65,0.71,0.65,0.98,0.67,1,0.22,0.29,0.78,1.05433333333333
"S341",2024-02-05 21:58:45,30.17055,"chrome 121.0.0","false","Windows 10",1463,746,"Female","21","Chinese","Singaporean","21","High school or equivalent (A-levels, Diploma, etc.)","Yes","Food Science and Technology","Native","Relatively experienced (I used it a few times)",0.55,0.76,0.6,0.4,0.69,0.47,0.8,0.6,0.6,0.14,0.62,0.54,0.91,0.52,0.773498333333433,3,1,0,1,0,2,0,0,3,0,1,0,0,1,0,1,1,2,1,2,3,1,2,0,2,1.0544,0.21,0.81,1,0.86,0.79,0.54,0.45,0.24,0.07,0.54,0.29,0.63,0.06,0.63,0.47,0.56,0.34,0,0.55,0.36,0.22,0.12,0,0,1.42629333333323
"S482",2024-08-27 09:03:13,179.825166666667,"edge-chromium 126.0.0","false","Windows 10",1872,958,"Female","27","Chinese","Singaporean","27","Bachelor or equivalent","Yes","Analytics","Native","Relatively experienced (I used it a few times)",0.5,0.83,0.78,0.51,1,0.61,0.13,1,0.65,1,0.64,0.63,0.6,0,2.31213000000318,2,1,0,1,1,1,1,1,2,1,1,2,1,2,2,2,0,2,0,1,1,2,1,0,2,2.98723333333333,0,0.62,0,0.12,0.6,0.41,0.77,0.3,0.3,0.91,0.09,0.29,0.4,0.46,0.5,0.24,0.59,0,0.78,0.41,0.26,0.35,0,0,1.79813499999841
"S456",2024-02-16 18:49:18,34.6325833333333,"ios 17.2.0","true","iOS",980,1642,"Female","32","Chinese ","Malaysian","7","High school or equivalent (A-levels, Diploma, etc.)","No","Illustration ","Fluent (conversational)","Experienced (I use it often)",0.8,0.94,0.79,0.33,0.71,0.84,0.4,0.7,0.34,0.54,0.71,0.76,0.79,0.31,1.13988333333333,2,1,1,0,0,1,1,0,2,1,2,1,0,0,1,3,0,2,0,1,0,2,2,2,2,1.96693333333333,0.11,0.87,0.86,0.68,0.79,0.29,0.9,0.6,0.38,0.71,0.34,0.35,0.24,0.8,0.75,0.34,0.37,0.03,0.84,0.29,0.19,0.68,0.69,0.31,1.48623333333333
"S189",2024-02-05 16:56:34,28.8781666666667,"chrome 121.0.0","false","Windows 10",3440,1297,"Male","43","chinese","singaporeans","43","Bachelor or equivalent","No","business management","Fluent (conversational)","Highly experienced (I use it a lot)",0.84,0.88,0.69,0.86,0.75,0.86,0.61,0.97,0.85,0.85,0.61,0.88,0.67,0.62,1.26245,2,1,2,2,0,0,1,2,2,1,2,2,1,2,2,2,1,2,1,1,2,2,1,2,2,1.88836666666667,0.08,0.66,0.82,0.25,0.39,0.39,0.9,0.91,0.75,0.75,0.11,0.77,0.77,0.28,0.82,0.28,0.62,0.05,0.96,0.94,0.95,0.09,0.09,0.07,1.24851666666667
"S543",2024-11-12 11:43:25,197.144166666667,"edge-chromium 130.0.0","false","Windows 10",1920,1080,"Female","21","Chinese","Singaporean","21","High school or equivalent (A-levels, Diploma, etc.)","Yes","Psychology","Native","Experienced (I use it often)",0.98,0.42,0.61,0.97,1,0.4,0.8,0.84,0.85,0.39,0.91,0.82,0.76,0.56,2.78152333333343,0,1,2,0,1,1,1,0,2,1,0,0,1,2,0,0,0,2,0,2,2,3,2,1,0,2.9698,0.66,0.83,0.27,0.18,0.37,0.61,0.21,0.17,0.61,0.66,0.66,0.63,0.64,0.92,0.38,0.46,0.37,0.96,0.2,0.2,0.64,0.18,0.68,0.68,1.81438500000015
"S311",2024-02-05 20:00:58,76.37725,"chrome 121.0.0","false","Windows 10",1280,609,"Female","23","Chinese","Singaporean","23","Bachelor or equivalent","No","Business","Native","Experienced (I use it often)",1,0.02,0.73,0.96,0.7,0.5,0.63,1,0.96,0,1,1,0.63,0.19,1.1647,0,0,1,2,0,2,1,1,2,0,1,3,0,1,0,3,0,2,1,0,0,1,3,0,2,1.51555,0,1,0.28,1,0.6,0.23,1,0.5,0.53,0.78,0.77,0.75,0.21,1,0.32,0.67,0.22,0,1,0.56,0.78,1,0,0,1.12131666666667
"S312",2024-02-05 20:03:23,24.8096666666667,"ios 16.6.0","true","iOS",980,1659,"Female","23","Chinese","Singaporean","24","High school or equivalent (A-levels, Diploma, etc.)","No","Design","Native","No experience (but I heard about it)",0.22,1,0.92,0.35,0.76,0.75,0.64,0.66,0.94,0.92,0.79,0.86,0.88,0.35,0.893633333333333,2,1,3,3,0,0,3,0,1,0,2,0,3,2,0,3,1,3,2,1,1,2,2,0,1,1.38456666666667,0.27,0.91,0.17,0.69,0.07,0.26,0.88,0.1,0.24,0.08,0.67,0.82,0.16,1,0.08,0.75,0,0.09,0.99,0.04,0.12,0.9,0.11,0.16,1.35473333333333
"S029",2024-02-05 15:32:34,80.1781,"chrome 120.0.0","false","Windows 10",1280,559,"Female","30","Chinese","Singaporean","30","Bachelor or equivalent","No","Communications and New Media","Native","Experienced (I use it often)",0.89,0.72,0.81,0.81,0.73,0.53,0.4,1,0.86,0.81,0.83,0.93,0.62,0.63,0.675173333334923,0,0,0,0,0,2,0,0,0,3,0,0,0,0,0,0,0,0,0,0,0,0,0,0,3,0.968116666666667,0,1,0.43,0.45,1,0,0.66,0.37,0.1,0.8,0.12,0.42,0.08,0.75,0.83,0.21,0.4,0.63,0.65,0.31,0.24,0.25,0.6,0.47,0.943208333333333
"S169",2024-02-05 16:36:59,69.6422666666667,"chrome 120.0.0","true","Android OS",980,1897,"Female","35","Chinese ","Singaporean ","15","Bachelor or equivalent","No","Life science ","Fluent (conversational)","Relatively experienced (I used it a few times)",0.73,0.37,0.73,0.89,0.79,0.12,0.27,0.75,0.74,0.8,0.76,0.88,0.14,0.79,1.30453666666672,1,2,2,2,1,1,1,2,1,1,2,1,0,1,2,2,1,0,0,2,1,2,0,1,2,2.83635,0.14,0.4,0.87,0.19,0.4,0.53,0.29,0.31,0.24,0.68,0.2,0.73,0.7,0.28,0.72,0.71,0.45,0.83,0.7,0.34,0.29,0.34,0.74,0.7,1.56641166666672
"S023",2024-02-05 15:32:06,45.8626666666667,"chrome 116.0.0","false","Mac OS",1440,711,"Female","28","Chinese","Singaporean","28","Bachelor or equivalent","No","Communications","Native","Relatively experienced (I used it a few times)",0.43,0.56,0.5,0.45,0.79,0.5,0.29,0.83,0.79,0.4,0.79,0.5,0.17,0.09,1.10961833333274,2,2,1,1,0,0,0,0,1,0,0,2,0,0,0,1,0,1,0,0,1,0,2,3,0,1.31496666666667,0.77,1,0.78,0.77,1,0.19,0.11,0,0,0.61,0.12,0.03,0,1,0.46,0.63,0.12,0,0.65,0,0,0,0.21,0,2.85814666666687
"S546",2024-11-15 09:12:27,92.1890833333333,"edge-chromium 130.0.0","false","Windows 10",1912,956,"Male","24","Chinese","Singapore","24","High school or equivalent (A-levels, Diploma, etc.)","Yes","Material Science Engineering","Native","Highly experienced (I use it a lot)",1,0.92,1,0.77,0.15,1,0.82,0.12,0.78,0.78,0.8,1,1,0.78,0.974916666666667,0,2,2,3,0,0,2,0,2,0,1,1,2,2,1,2,0,2,1,0,0,1,2,0,1,3.87651666666667,0,0.55,1,0,0.38,0,0.8,0.6,1,0.7,0.71,0,0.82,0.56,0.55,0.56,0.74,0,0.72,0.51,0.96,0.79,0,0,1.99320833333333
"S342",2024-02-05 22:02:23,29.73875,"chrome 121.0.0","true","Android OS",980,2047,"Female","28","Chinese","Singaporean","28","Bachelor or equivalent","No","Communications","Fluent (conversational)","Relatively experienced (I used it a few times)",0.75,0.79,0.77,0.65,0.29,0.33,0.74,0.72,0.27,0.66,0.79,0.73,0.31,0.77,0.598960000000025,1,2,1,2,1,1,0,1,1,2,2,1,1,2,0,2,0,1,1,1,0,1,2,1,2,0.91855,0.14,0.75,0.18,0.29,0.7,0.33,0.82,0.61,0.79,0.67,0.63,0.71,0.29,0.54,0.41,0.72,0.25,0.23,0.69,0.64,0.26,0.66,0.35,0.16,0.874644999999988
"S059",2024-02-05 15:39:00,160.516683333333,"chrome 121.0.0","false","Mac OS",1444,739,"Male","24","Chinese","Singaporean","24","High school or equivalent (A-levels, Diploma, etc.)","Yes","Sociology","Native","Experienced (I use it often)",0.38,1,1,0,0.99,1,0.64,1,0.77,0.79,1,0.31,0.39,0,5.59468999999998,0,1,1,2,0,0,1,0,2,1,0,1,2,1,1,1,0,2,0,0,0,1,2,2,0,1.83741666666667,0,0.78,0.77,0.28,0.8,0.24,0.83,0.4,0.4,0.69,0.57,0.29,0.32,0.68,0.5,0.67,0.31,0,1,0.3,0.3,0.31,0.32,0,1.40353666666665
"S346",2024-02-05 22:13:22,28.86415,"chrome 121.0.0","false","Windows 10",1280,585,"Female","31","Chinese","Singaporean","31","University (master) <sub><sup>or equivalent</sup></sub>","Yes","Social Sciences","Native","Relatively experienced (I used it a few times)",0.81,0.49,0.41,0.91,0.63,0.44,0.3,0.58,0.63,0.38,0.75,0.71,0.51,0.32,1.73917333333095,2,0,1,0,0,1,1,1,1,0,1,2,0,1,1,1,1,1,0,1,0,1,0,0,2,1.72006666666667,0.09,0.85,0.69,0.3,0.49,0.58,0.75,0.33,0.3,0.68,0.55,0.57,0.3,0.95,0.56,0.36,0.45,0.01,0.65,0.34,0,0.01,0.4,0.28,1.14649166666667
"S226",2024-02-05 17:42:01,25.6002166666667,"chrome 121.0.0","true","Android OS",980,2554,"Female","31","Chinese","Singapore citizen ","31","University (doctorate)","No","Biomedical science","Native","Experienced (I use it often)",0.64,0.56,0.45,0.55,0.65,0.49,0.48,0.09,0.64,0.45,0.69,0.61,0.57,0.26,0.782981666666642,1,0,1,0,0,0,0,0,1,0,1,1,1,0,0,1,1,1,1,1,0,2,1,0,2,1.33393333333333,0.24,0.7,0.68,0.31,0.69,0.38,0.62,0.36,0.37,0.6,0.39,0.58,0.36,0.62,0.65,0.35,0.38,0.39,0.73,0.64,0.31,0.91,0.24,0.32,0.833913333333346
"S134",2024-02-05 16:07:09,20.7716333333333,"ios 17.2.0","true","iOS",980,1683,"Male","24","Chinese","Singaporean","23","Bachelor or equivalent","Yes","Business Analytics","Native","Relatively experienced (I used it a few times)",0.78,0.84,0.8,0.79,0.79,0.75,0.34,0.69,0.74,0.75,0.74,0.82,0.7,0.29,0.954916666666667,2,2,0,1,0,0,2,0,0,1,0,0,1,1,0,0,1,1,0,1,1,0,1,0,1,1.1851,0.79,0.8,0.8,0.23,0.81,0.23,0.15,0.2,0.19,0.85,0.26,0.24,0.13,0.83,0.9,0.7,0.67,0.82,0.13,0.05,0.33,0.05,0.89,0.79,1.00485
"S273",2024-02-05 18:44:44,34.1631833333333,"crios 121.0.6167","true","iOS",980,1681,"Male","24","Chinese","Singaporean","24","High school or equivalent (A-levels, Diploma, etc.)","Yes","Computer Science","Native","Experienced (I use it often)",0.77,0.67,0.66,0.75,0.69,0.37,0.32,0.65,0.87,0.77,0.35,0.78,0.46,0.41,0.991066666666667,1,1,1,2,0,1,1,1,0,1,0,1,1,1,1,1,0,1,0,0,1,1,0,1,2,3.77305,0.64,0.81,0.37,0.07,0.22,0.13,0.13,0.69,0.58,0.78,0.35,0.67,0.55,0.26,0.97,0.04,0.11,0.25,0.29,0.3,0.65,0.17,0.66,0.75,1.138
"S250",2024-02-05 18:16:05,122.902266666667,"chrome 121.0.0","false","Windows 10",1280,665,"Male","21","Chinese","Singaporean","21","High school or equivalent (A-levels, Diploma, etc.)","Yes","Allied Health","Native","Highly experienced (I use it a lot)",0.82,1,0.79,0.94,0.94,0.97,0.35,0.63,0.8,0.98,0.86,0.94,0.91,0.24,1.22295166666669,2,3,1,2,0,2,0,2,3,0,2,2,2,2,3,3,0,3,1,2,1,3,1,0,3,3.50745,0.08,0.64,0.96,0.94,0.97,0.92,0.98,0.97,0.94,0.94,0.12,0.86,0.87,0.09,0.06,0.04,0.08,0.04,0.92,0.98,0.89,0.1,0.1,0.09,1.57353666666659
"S236",2024-02-05 17:55:25,45.4716833333333,"ios 16.6.0","true","iOS",980,1432,"Female","26","Chinese","Singaporean ","14","Bachelor or equivalent","No","Business","Native","Experienced (I use it often)",0.27,0.72,0.88,0.73,0.69,0.72,0.56,0.87,0.87,0.59,0.4,0.55,0.7,0.59,2.00676666666667,2,2,1,1,0,0,0,2,0,0,1,1,0,1,0,2,0,1,0,0,0,2,0,1,3,2.26551666666667,0,0.78,0.34,0.35,0.3,0.23,1,0.85,0.81,0.88,0.21,0.66,0.65,0.79,0,0.24,0.28,0.6,1,0.81,0.83,0.08,0,0.5,1.53861666666667
"S131",2024-02-05 16:05:39,67.5187333333333,"chrome 121.0.0","true","Android OS",980,1871,"Male","29","Chinese","Singaporean ","29","High school or equivalent (A-levels, Diploma, etc.)","Yes","Project and Facilities Management ","Native","Relatively experienced (I used it a few times)",0.7,0.95,0.77,0.69,0.83,0.83,0.75,0.77,0.7,0.7,0.67,0.79,0.82,0.25,0.819153333330154,3,3,2,2,2,2,2,1,2,0,1,1,3,2,3,2,2,2,2,2,2,2,3,2,3,1.06688333333333,0.75,0.75,0.47,0.7,0.61,0.42,0.43,0.03,0.39,0.33,0.7,0.43,0.39,0.29,0.58,0.59,0.04,0.21,0.05,0.07,0.32,0.64,0.61,0.61,2.15183166666826
"S112",2024-02-05 15:59:57,33.2709333333333,"chrome 119.0.0","false","Mac OS",1440,779,"Female","22","Chinese","Singaporean","22","High school or equivalent (A-levels, Diploma, etc.)","Yes","Arts and Social Sciences","Native","Highly experienced (I use it a lot)",0.68,0.33,0.95,0.84,0.92,0.53,0.47,0.97,0.56,1,0.74,0.94,0.47,0.35,1.09697833333413,0,1,0,1,0,0,0,0,0,0,0,0,0,0,0,0,0,0,0,0,0,0,1,0,0,1.1355,0.46,0.86,0.62,0.54,0.77,0.1,0.73,0.04,0.94,0.77,0.34,0.11,0.09,0.95,0.84,0.42,0.8,0,0.97,0,0.87,0.11,0,0,0.953720000000795
"S478",2024-06-19 13:23:53,115.022066666667,"edge-chromium 122.0.0","false","Windows 10",1872,958,"Female","23","Chinese","Singaporean","23","Bachelor or equivalent","Yes","Artificial Intelligence","Native","Highly experienced (I use it a lot)",1,0.24,0.86,0.79,0.8,0.23,0.36,0.79,0.38,0.5,0.66,1,0.81,0.6,1.12703999999364,0,1,0,1,1,1,0,0,1,0,1,0,0,0,0,1,0,3,0,1,0,1,2,3,2,2.02363333333333,0.05,0.91,0.92,0.68,0.59,0.24,0.77,0.79,0,1,0,0.5,0.32,0.92,0.25,0.25,0.16,0.21,0.87,0.73,0,0,0.4,0.39,1.38145833333333
"S087",2024-02-05 15:46:51,18.7021666666667,"safari 17.0.0","false","Mac OS",1440,820,"Female","21","Chinese","Malaysian","10","Bachelor or equivalent","Yes","Psychology","Fluent (academic)","Highly experienced (I use it a lot)",0.81,0.11,0.87,0.89,0.86,0.12,0.16,0.82,0.93,0.12,0.8,0.85,0.19,0.14,0.6381,0,0,0,0,0,0,0,0,0,0,0,0,0,1,1,0,1,0,0,0,0,0,0,0,0,1.14458333333333,0.74,0.7,0.76,0.72,0.81,0.84,0.14,0.82,0.84,0.14,0.84,0.82,0.09,0.85,0.81,0.81,0.13,0.83,0.08,0.13,0.89,0.84,0.84,0.83,0.86275
"S315",2024-02-05 20:16:19,28.2245833333333,"chrome 120.0.0","false","Windows 10",1280,551,"Female","28","Chinese","Singaporean","28","Bachelor or equivalent","No","Psychology","Native","Relatively experienced (I used it a few times)",0.79,0.36,0.34,0.63,1,0.48,0,0.33,0,0.09,0.79,0.77,0,0,1.06290833333333,0,0,2,1,0,0,1,0,2,0,0,2,0,0,0,1,0,2,0,0,0,1,0,1,2,1.5606,0,0.82,0.34,0.34,0.76,0,0.64,0,0.73,0.63,0.27,0,0.27,0.68,0.29,0.3,0.63,0,1,0.17,0.33,0.33,0,0,1.37847666666706
"S188",2024-02-05 16:54:21,14.3451666666667,"crios 121.0.6167","true","iOS",980,1681,"Female","23","Chinese ","Singaporean ","23","Bachelor or equivalent","Yes","Business ","Native","Experienced (I use it often)",0.7,0.7,0.75,0.4,0.69,0.4,0.38,0.7,0.71,0.77,0.42,0.41,0.42,0.72,0.404666666666667,1,1,1,1,1,1,1,1,1,1,2,2,2,2,2,2,2,1,1,1,1,2,2,2,2,0.627416666666667,0.73,0.81,0.73,0.37,0.74,0.3,0.7,0.31,0.72,0.37,0.68,0.64,0.31,0.34,0.72,0.31,0.34,0.26,0.28,0.36,0.7,0.37,0.69,0.63,1.21026666666667
"S412",2024-02-06 11:46:06,41.9613666666667,"chrome 119.0.0","false","Windows 10",1920,911,"Female","26","Chinese","Singaporean","26","Bachelor or equivalent","Yes","Psychology","Native","Relatively experienced (I used it a few times)",0.72,0.72,0.95,0.56,0.7,0.3,0.4,0.94,0.41,0.26,0.33,0.7,0.78,0.2,2.96771333333254,1,1,1,0,0,1,1,0,0,0,0,1,1,1,1,2,0,1,0,1,1,1,1,0,1,2.93593333333333,0.32,0.71,0.62,0.38,0.51,0.46,0.89,0.2,0.37,0.55,0.32,0.56,0.63,0.6,0.37,0.55,0.25,0.32,0.64,0.16,0.36,0.2,0.41,0.14,1.57605166666905
"S242",2024-02-05 18:07:57,27.8335833333333,"safari 17.2.1","false","Mac OS",1440,797,"Female","31","Indian","Singaporean","31","Bachelor or equivalent","No","Arts and Humanities","Fluent (academic)","Experienced (I use it often)",0.72,0.7,0.72,0.68,0.68,0.76,0.63,0.61,0.64,0.61,0.57,0.58,0.75,0.65,0.693283333333333,0,2,1,1,0,0,0,1,0,0,1,0,0,1,2,0,0,1,1,0,0,0,2,1,2,0.98305,0.25,0.71,0.6,0.57,0.68,0.58,0.78,0.35,0.31,0.67,0.25,0.64,0.21,0.57,0.4,0.39,0.58,0.3,0.7,0.37,0.28,0.38,0.33,0.59,0.870383333333331
"S194",2024-02-05 17:04:42,44.3799166666667,"chrome 121.0.0","true","Android OS",980,1802,"Male","50","Chinese ","Singapore ","50","Bachelor or equivalent","No","Computer Science ","Native","Relatively experienced (I used it a few times)",0.98,0.57,0.7,0.73,0.76,0.72,0.99,0.82,0.82,0.43,0.46,0.92,0.61,0.59,1.46283333333333,3,1,0,2,0,0,1,1,1,0,1,1,1,1,1,1,0,2,0,0,2,1,0,1,2,2.27865,0.2,0.81,0.95,0.3,0.75,0.58,0.88,0.39,0.08,1,0.06,0.63,0.14,0.9,0.61,0.32,0.73,0.04,0.96,0.34,0.05,0.05,0.21,0.17,1.45803166666677
"S032",2024-02-05 15:32:41,76.4352833333333,"chrome 121.0.0","true","Android OS",980,1707,"Male","66","Chinese","Singaporean","66","Bachelor or equivalent","No","Electrical engineering ","Native","No experience (but I heard about it)",0.77,0.76,0.84,0.88,0.76,0.53,0.27,0.81,0.73,0.61,0.74,0.76,0.33,0.34,0.94969500000005,2,1,2,1,1,0,1,1,1,0,1,1,1,1,1,1,1,1,0,0,1,2,1,1,1,1.28658333333333,0.23,0.68,0.75,0.39,0.29,0.58,0.9,0.85,0.34,0.91,0.57,0.94,0.87,0.75,0.78,0.34,0.71,0.95,0.78,0.78,0.22,0.8,0.26,0.21,1.36595166666657
"S340",2024-02-05 21:58:12,30.8168666666667,"safari 15.5.0","false","Mac OS",820,1112,"Female","24","Chinese","Singaporean ","24","Bachelor or equivalent","No","Economics","Native","No experience (but I heard about it)",0.71,0.2,0.83,0.71,0.58,0.27,0.55,0.57,0.29,0.07,0.89,0.79,0.31,0.36,1.04806666666667,1,0,0,0,0,0,0,0,0,1,1,0,0,2,1,2,1,2,0,0,1,1,1,1,1,1.28016666666667,0.02,0.71,0.67,0.29,0.29,0.23,0.64,0.72,0.34,0.85,0.25,0.26,0.39,0.75,0.62,0.29,0.29,0.75,0.86,0.7,0.66,0.82,0.01,0.28,0.990016666666667
"S149",2024-02-05 16:16:15,34.2191166666667,"ios 17.2.0","true","iOS",980,1681,"Female","22","Chinese","Singaporean","22","High school or equivalent (A-levels, Diploma, etc.)","Yes","Supply Chain","Fluent (academic)","Highly experienced (I use it a lot)",1,0,1,0.18,0,0,0.1,1,0.81,0.85,0.04,1,0.03,0.75,1.62023333333333,2,2,1,3,0,0,2,1,1,0,1,0,1,3,0,3,0,2,0,0,0,3,3,2,1,1.73696666666667,0,1,0,1,1,1,1,1,1,1,0,1,0,1,0,1,0,1,0,0,1,0,0,1,1.70183333333333
"S144",2024-02-05 16:12:00,43.1211166666667,"chrome 121.0.0","true","Android OS",980,1824,"Female","54","Chinese ","Singaporean ","54","Bachelor or equivalent","No","computer science ","Fluent (conversational)","Experienced (I use it often)",0.76,0.19,0.53,0.86,0.62,0.36,0.55,0.68,0.71,0.82,0.56,0.68,0.67,0.46,1.58026999999682,3,1,2,2,0,1,1,1,1,1,1,1,1,1,2,2,1,1,0,1,0,2,2,1,1,2.4066,0.06,0.98,0.07,0.8,0.84,0.01,0.17,0.2,0.61,0.53,0.33,0.47,0.38,0.89,0.5,0.4,0.43,0.12,0.94,0.51,0.42,0.27,0.07,0.18,1.81849000000159
"S287",2024-02-05 18:57:43,37.6779833333333,"chrome 121.0.0","false","Windows 10",1920,953,"Female","29","Chinese","Singapore Citizen","29","Bachelor or equivalent","No","Communications","Native","Relatively experienced (I used it a few times)",0.54,0.78,0.84,0.49,0.41,0.89,0.2,0.68,0.85,0.87,0.59,0.74,0.53,0.4,1.87015,2,2,1,0,0,0,1,0,0,0,1,0,0,0,0,1,0,2,0,0,2,0,1,0,1,1.81508333333333,0.35,0.79,0.29,0.22,0.61,0.25,0.72,0.34,0.14,0.69,0.05,0.7,0.1,0.7,0.71,0.59,0.6,0.49,0.61,0.28,0.2,0.1,0.13,0.61,1.46107333333294
"S544",2024-11-13 09:04:16,158.270616666667,"edge-chromium 130.0.0","false","Windows 10",1920,1080,"Female","25","Chinese","Singaporean","21","High school or equivalent (A-levels, Diploma, etc.)","Yes","Psychology","Fluent (conversational)","Experienced (I use it often)",0.37,0.35,0.7,0.4,0.62,0.53,0.58,0.79,0.72,0.73,0.71,0.65,0.75,0.54,3.539675,0,0,2,2,0,0,2,1,2,1,2,2,2,2,1,1,1,2,1,0,0,1,2,1,1,3.52941666666667,0.57,0.94,0.44,0,0.63,0,0.81,0.56,0.6,0.43,0.36,0.42,0.22,0.93,0.91,0.04,0.41,0.65,0.61,0.49,0.56,0.26,0.49,0.59,3.741925
"S192",2024-02-05 17:00:07,53.7056833333333,"ios 17.2.0","true","iOS",980,1642,"Female","23","Chinese","Singaporean","23","Bachelor or equivalent","No","Business","Native","Experienced (I use it often)",0.82,0.74,0.89,0.86,0.72,0.77,0.42,0.84,0.8,0.2,0.26,0.79,0.81,0.86,0.765966666666667,1,1,1,1,1,1,1,1,1,1,1,1,1,1,1,0,1,1,1,1,1,1,1,2,1,0.911833333333333,0.73,0.76,0.77,0.2,0.74,0.27,0.73,0.63,0.67,0.9,0.22,0.44,0.3,0.82,0.87,0.22,0.23,0.24,0.76,0.57,0.72,0.25,0.65,0.61,0.83485
"S380",2024-02-06 02:23:40,595.636,"ios 17.2.0","true","iOS",980,1661,"Female","24","Asian ","Singaporean ","24","Bachelor or equivalent","No","Business ","Native","Experienced (I use it often)",0.65,0.76,0.8,0.28,0.78,0.85,0.25,0.82,0.74,0.84,0.8,0.74,0.22,0.22,0.693566666666667,1,1,2,3,1,2,1,1,1,0,2,1,1,1,0,2,1,2,1,1,1,1,2,1,2,1.18358333333333,0.06,0.81,0.11,0.28,0.13,0.22,0.8,0.2,0.84,0.78,0.82,0.62,0.75,0.71,0.81,0.55,0.41,0.33,0.73,0.73,0.83,0.83,0.06,0.36,0.863416666666667
"S037",2024-02-05 15:34:03,22.5324166666667,"ios 17.2.0","true","iOS",980,1661,"Female","21","Chinese","Singaporean","21","High school or equivalent (A-levels, Diploma, etc.)","Yes","Computer Science","Native","Highly experienced (I use it a lot)",0.69,0.65,0.66,0.63,0.64,0.66,0.36,0.63,0.65,0.64,0.66,0.75,0.62,0.42,0.658433333333331,2,1,1,0,1,1,1,1,2,1,1,2,1,1,2,1,1,2,0,1,1,1,1,1,2,1.00938333333333,0.31,0.71,0.46,0.41,0.4,0.39,0.34,0.42,0.39,0.68,0.37,0.69,0.61,0.4,0.4,0.67,0.38,0.39,0.38,0.4,0.38,0.3,0.55,0.31,1.06661666666667
"S272",2024-02-05 18:43:46,57.8514833333333,"chrome 121.0.0","false","Windows 10",1463,688,"Female","24","Chinese","Singaporean","24","High school or equivalent (A-levels, Diploma, etc.)","Yes","Psychology","Native","Relatively experienced (I used it a few times)",0.33,0.91,1,0.11,0.94,0.89,0.72,0.95,0.89,0.49,0.05,0.5,0.92,0.65,1.18714666666587,0,2,2,3,1,0,0,0,2,0,1,2,0,3,1,1,0,2,0,0,2,1,3,2,1,1.40616666666667,0,1,0.15,0.8,0,0,0.85,0.19,0.59,0.68,0.68,0.23,1,1,0.42,0.65,0.24,0,1,0.33,0,0.78,0,0,1.18663499999841
"S141",2024-02-05 16:11:24,50.3659666666667,"chrome 98.0.4758","true","Android OS",980,1840,"Female","21","Chinese","Singaporean","22","High school or equivalent (A-levels, Diploma, etc.)","Yes","Engineering","Native","Experienced (I use it often)",0.3,0.95,0.6,0.24,0.32,0.92,0.55,0.55,0.75,0.73,0.6,0.63,0.39,0.66,1.2370849999999,3,2,3,3,0,0,2,2,3,0,0,2,2,0,3,1,2,0,2,0,1,0,2,1,2,1.79298333333333,0.63,0.99,0.05,0.51,0.87,0.13,0.47,0.25,0.04,0.36,0.65,0.32,0.13,0.9,0.81,0.69,0.72,0.14,0.88,0.44,0.07,0.97,0.18,0.26,1.53945
"S355",2024-02-05 22:32:18,16.2660833333333,"chrome 121.0.0","true","Android OS",980,1796,"Male","34","Chinese","Singapore ","34","University (master) <sub><sup>or equivalent</sup></sub>","No","Mechanical engineering ","Native","Relatively experienced (I used it a few times)",0.76,0.25,0.88,0.84,0.73,0.31,0.32,0.86,0.72,0.34,0.76,0.87,0.31,0.34,0.514516666666667,1,1,2,1,1,1,2,2,2,1,2,2,2,2,1,2,2,1,1,1,1,2,2,1,2,0.870466666666667,0.25,0.6,0.64,0.27,0.76,0.11,0.74,0.81,1,0.84,0.73,0.61,0.71,0.71,0.62,1,0.28,0.25,0.74,0.43,0.43,0.72,0.77,0.26,0.744366666666667
"S183",2024-02-05 16:47:58,17.42435,"chrome 121.0.0","false","Windows 10",1536,703,"Male","43","Chinese","Singaporean","43","Bachelor or equivalent","No","Arts and humanities","Native","Little experience (I tried it)",0.79,0.9,0.81,0.76,0.69,0.7,0.39,0.79,0.74,0.66,0.73,0.67,0.76,0.26,0.686203333333135,1,2,2,2,1,1,1,1,2,1,1,2,2,2,1,2,1,2,2,1,1,1,2,1,1,1.44393333333333,0.2,0.78,0.32,0.3,0.58,0.6,0.76,0.36,0.65,0.78,0.65,0.66,0.58,0.7,0.35,0.77,0.25,0.26,0.73,0.29,0.38,0.25,0.26,0.24,0.889873333332936
"S489",2024-09-09 13:18:05,153.267616666667,"edge-chromium 128.0.0","false","Windows 10",1912,956,"Male","28","CHINESE","CHINA","20","Bachelor or equivalent","No","ECONOMICS","Native","Relatively experienced (I used it a few times)",0,0,1,0.33,0.21,0,0.73,1,0,0,0,0.72,0.61,0.65,0.683443333333731,0,0,0,0,2,1,1,0,3,0,0,2,0,0,0,0,0,0,0,1,0,3,0,0,2,1.32735,0.74,1,0.71,0,1,0,0.71,0.65,0,1,0,0,0,0.58,0.95,0,0,0,0.29,0.72,0,0,0.19,0.21,1.85744500000079
"S255",2024-02-05 18:24:30,21.6087833333333,"chrome 121.0.0","false","Mac OS",1422,712,"Female","21","Chinese","Singaporean","21","High school or equivalent (A-levels, Diploma, etc.)","Yes","Arts and Humanitities","Fluent (academic)","Relatively experienced (I used it a few times)",0.56,1,0.19,0.09,0.24,1,0.92,0.31,0.02,0.71,0.13,0.34,0.64,0.66,0.875535000000025,1,2,2,1,0,1,2,1,2,1,2,2,2,1,1,1,1,2,1,1,2,0,2,0,2,1.38213333333333,0.43,0.91,0.2,0.81,0.68,0.5,0.35,0.45,0.6,0.4,0.46,0.91,0.31,0.82,0.43,0.66,0.3,0.03,0.56,0.46,0.56,0.28,0.04,0.02,1.26856833333336
"S258",2024-02-05 18:30:50,30.3291,"ios 16.6.0","true","iOS",980,1669,"Female","25","Chinese","Singaporean","25","Bachelor or equivalent","No","Arts and Humanities","Native","Relatively experienced (I used it a few times)",0.35,0.89,0.92,0.66,0.86,0.92,0.37,0.85,0.78,0.79,0.37,0.68,0.69,0.4,1.17528333333334,2,2,0,0,0,1,1,0,0,0,1,0,0,0,0,1,0,0,0,1,0,2,1,0,2,1.08678333333333,0.24,0.26,0.77,0.83,0.32,0.72,0.84,0.38,0.65,0.76,0.23,0.51,0.77,0.69,0.76,0.82,0.34,0.25,0.65,0.57,0.73,0.29,0.6,0.72,1.48611666666667
"S018",2024-02-05 15:31:33,556.513983333333,"chrome 121.0.0","false","Windows 10",1536,695,"Male","23","Chinese","Singaporean","23","High school or equivalent (A-levels, Diploma, etc.)","Yes","Accountancy","Native","Experienced (I use it often)",0.82,0.23,0.83,0.92,0.77,0.19,0.26,0.87,0.71,0.17,0.88,0.81,0.59,0.24,0.520169999996821,1,1,1,1,0,1,1,1,2,0,2,1,2,2,2,1,0,2,0,0,0,1,0,2,2,75.2876333333333,0.11,0.87,0.88,0.04,0.96,0.11,0.85,0.06,0.89,0.85,0.13,0.86,0.06,0.85,0.86,0.06,0.29,0.03,0.99,0.11,0.91,0.1,0.02,0.09,0.951698333334923
"S485",2024-09-03 13:30:39,93.5484,"edge-chromium 128.0.0","false","Windows 10",1912,956,"Male","23","Chinese","Singaporean","9","High school or equivalent (A-levels, Diploma, etc.)","Yes","Economics and Data Science","Fluent (academic)","Highly experienced (I use it a lot)",0.84,0.84,0.66,0.71,0.7,0.64,0.64,0.67,0.44,0.63,0.66,0.98,0.65,0.74,1.0842349999994,2,0,1,1,0,0,1,1,2,1,1,1,1,1,2,3,1,1,0,0,1,1,1,2,2,1.846,0.39,0.8,0.57,0.2,0.69,0.35,0.7,0.65,0.68,0.75,0.69,0.61,0.38,0.71,0.85,0.39,0.4,0.22,0.9,0.41,0.31,0.62,0.42,0.15,0.997573333333929
"S550",2024-11-21 11:39:06,239.6402,"edge-chromium 131.0.0","false","Windows 10",1912,956,"Female","23","Malay","Singaporean","23","High school or equivalent (A-levels, Diploma, etc.)","Yes","Maritime Studies","Fluent (academic)","No experience (but I heard about it)",0,1,0.59,0,0.38,1,1,0.55,0,0,0.39,0,1,0.56,2.25402833333313,2,2,1,0,0,0,3,0,2,0,0,2,1,3,2,3,1,3,2,0,2,0,2,2,2,2.07006666666667,0.71,0.86,0.32,0,1,0.54,0.39,0.57,0.42,1,0.59,0,0,0.62,0.41,0.6,0,0,0.55,0.42,0,0.66,0.59,0,8.65579666666687
